#pragma once
#include <Arduino.h>

// Minimal placeholders; replace with real bitmap data as needed.

const unsigned char epd_bitmap_neutral[] PROGMEM = {0x00, 0x00, 0x01, 0xf8, 0x0f, 0xe0, 0x00, 0x00, 0x00, 0x00, 
0x00, 0x03, 0xf0, 0x03, 0xf8, 0x00, 0x00, 0x00, 0x00, 0x00, 
0x0e, 0x00, 0x00, 0xfc, 0x00, 0x00, 0x00, 0x00, 0x00, 0x1c, 
0x00, 0x00, 0x3f, 0x00, 0x00, 0x00, 0x00, 0x00, 0x78, 0x00, 
0x00, 0x1f, 0x80, 0x00, 0x00, 0x00, 0x00, 0xf0, 0x00, 0x00, 
0x0f, 0xc0, 0x00, 0x00, 0x00, 0x00, 0xe0, 0x00, 0x00, 0x07, 
0xe0, 0x00, 0x00, 0x00, 0x01, 0xc0, 0x00, 0x00, 0x87, 0xe0, 
0x00, 0x00, 0x00, 0x03, 0xc0, 0x00, 0x03, 0xc3, 0xf0, 0x00, 
0x00, 0x00, 0x03, 0x80, 0x00, 0x03, 0xc1, 0xf8, 0x00, 0x00, 
0x00, 0x03, 0x80, 0x00, 0x00, 0xc1, 0xf8, 0x00, 0x00, 0x00, 
0x07, 0x00, 0x00, 0x00, 0xc1, 0xf8, 0x00, 0x00, 0x00, 0x07, 
0x00, 0x00, 0x00, 0x40, 0xf8, 0x00, 0x00, 0x00, 0x06, 0x00, 
0x00, 0x00, 0x40, 0xec, 0x00, 0x00, 0x00, 0x0e, 0x00, 0x00, 
0x00, 0x40, 0xcc, 0x00, 0x00, 0x00, 0x0c, 0x00, 0x00, 0x00, 
0x40, 0x84, 0x00, 0x00, 0x00, 0x0c, 0x00, 0x40, 0x00, 0x60, 
0x84, 0x00, 0x00, 0x00, 0x0c, 0x00, 0x60, 0x00, 0x60, 0x06, 
0x00, 0x00, 0x00, 0x18, 0x00, 0xe0, 0x00, 0x00, 0x06, 0x00, 
0x00, 0x00, 0x18, 0x00, 0xe0, 0x00, 0x00, 0x02, 0x00, 0x00, 
0x00, 0x10, 0x01, 0xf0, 0x00, 0x00, 0x02, 0x00, 0x00, 0x00, 
0x30, 0x01, 0xf0, 0x00, 0x00, 0x02, 0x00, 0x00, 0x00, 0x20, 
0x03, 0xf8, 0x04, 0x00, 0x03, 0x00, 0x00, 0x00, 0x60, 0x03, 
0xf8, 0x04, 0x00, 0x01, 0x00, 0x00, 0x00, 0x40, 0x07, 0xfc, 
0x46, 0x00, 0x01, 0x00, 0x00, 0x00, 0xc0, 0x07, 0xc6, 0x66, 
0x00, 0x01, 0x80, 0x00, 0x00, 0x80, 0x0f, 0xfe, 0x23, 0x80, 
0x00, 0x80, 0x00, 0x01, 0x00, 0x08, 0x07, 0x30, 0x00, 0x00, 
0x80, 0x00, 0x01, 0x00, 0x00, 0x07, 0x98, 0x00, 0x00, 0xc0, 
0x00, 0x02, 0x00, 0x02, 0x0f, 0xdc, 0x08, 0x00, 0x40, 0x00, 
0x04, 0x00, 0x12, 0x0f, 0xec, 0x18, 0x00, 0x40, 0x00, 0x04, 
0x00, 0x1f, 0x3f, 0xff, 0x3c, 0x00, 0x20, 0x00, 0x08, 0x00, 
0x0f, 0xff, 0xff, 0xfc, 0x00, 0x20, 0x00, 0x00, 0x00, 0x0f, 
0xff, 0xff, 0xfc, 0x00, 0x10, 0x00, 0x00, 0x00, 0x0f, 0xff, 
0xff, 0xf8, 0x00, 0x10, 0x00, 0x00, 0x00, 0x0f, 0xff, 0xdf, 
0xf8, 0x00, 0x00, 0x00, 0x00, 0x00, 0x07, 0xff, 0x9f, 0xf8, 
0x00, 0x00, 0x00, 0xf8, 0x80, 0x07, 0xff, 0xff, 0xf0, 0x00, 
0x00, 0x00, 0x08, 0x80, 0x03, 0xff, 0xff, 0xf0, 0x00, 0x00, 
0x00, 0x08, 0x00, 0x03, 0xff, 0xff, 0xe0, 0x00, 0x00, 0x00, 
0x00, 0x00, 0x01, 0xff, 0x1f, 0xe0, 0x00, 0x10, 0x00, 0x00, 
0x00, 0x00, 0xff, 0xff, 0xc0, 0x00, 0x00, 0x00, 0x00, 0x00, 
0x00, 0x7f, 0xff, 0x80, 0x00, 0x00, 0x00, 0x00, 0x00, 0x00, 
0x3f, 0xff, 0x00, 0x00, 0x00, 0x00, 0x00, 0x00, 0x00, 0x1f, 
0xfc, 0x00, 0x00, 0x00, 0x00, 0x08, 0x40, 0x00, 0x07, 0xf8, 
0x00, 0x00, 0x04, 0x00, 0x00, 0x40, 0x00, 0x21, 0xe0, 0x00, 
0x00, 0x48, 0x00, 0x04, 0x20, 0x00, 0x30, 0x06, 0x00, 0x00, 
0x88, 0x00, 0x02, 0x20, 0x00, 0x3c, 0x0e, 0x00, 0x00, 0x00, 
0x00, 0x02, 0x20, 0x00, 0x7e, 0x3e, 0x00, 0x00, 0x00, 0x00, 
0x00, 0x10, 0x02, 0x7f, 0xfe, 0x00, 0x00, 0x80, 0x00, 0x00, 
0x10, 0x00, 0x7f, 0xfe, 0x00, 0x02, 0x00, 0x00, 0x00, 0x08, 
0x00, 0x7f, 0xff, 0x00, 0x80, 0x00, 0x00, 0x00, 0x08, 0x10, 
0x7f, 0xfe, 0x01, 0xd0, 0x00, 0x00, 0x00, 0x04, 0x18, 0x03, 
0xff, 0xe0, 0x78, 0x00, 0x00, 0x00, 0x02, 0x03, 0xff, 0xff, 
0xc6, 0x0e, 0x00, 0x00, 0x00, 0x06, 0x01, 0xff, 0xff, 0x9f, 
0x83, 0x00, 0x00, 0x00, 0x0c, 0x03, 0xff, 0xff, 0xff, 0x01, 
0x00, 0x00, 0x00, 0x06, 0x01, 0xff, 0xff, 0xfc, 0x01, 0x00, 
0x00, 0x00, 0x78, 0x00, 0xfe, 0x1f, 0xf0, 0x00, 0xc0, 0x00, 
0x01, 0x80, 0x00, 0x7f, 0xff, 0xe0, 0x00, 0x30, 0x00, 0x00, 
0x00, 0x00, 0x1f, 0xff, 0x80, 0x00, 0x0c, 0x00, 0x00, 0x00, 
0x00, 0x1f, 0xff, 0x00, 0x00, 0x00, 0x00, 0x00, 0x00, 0x00, 
0x0f, 0xfc, 0x00, 0x00, 0x00, 0x00};
// TODO: fill with your 78x64 neutral_v2 bitmap hex data (624 bytes)
const unsigned char epd_bitmap_neutral_v2[] PROGMEM = {0x07, 0x00, 0x00, 0x00, 0x00, 0x00, 0x00, 0x00, 0x30, 0x00, 0x07, 0x00, 0x00, 0x00, 0x00, 0x00, 
	0x00, 0x00, 0x20, 0x00, 0x0e, 0x00, 0x00, 0x00, 0x00, 0x00, 0x00, 0x00, 0x20, 0x00, 0x0c, 0x00, 
	0x00, 0x00, 0x00, 0x00, 0x00, 0x00, 0x00, 0x00, 0x0c, 0x00, 0x00, 0x00, 0x00, 0x00, 0x00, 0x00, 
	0x00, 0x00, 0x08, 0x00, 0x00, 0x00, 0x00, 0x00, 0x00, 0x00, 0x00, 0x00, 0x18, 0x00, 0x00, 0x00, 
	0x00, 0x00, 0x00, 0x00, 0x00, 0x20, 0x18, 0x00, 0x00, 0x40, 0x00, 0x00, 0x00, 0x00, 0x00, 0x20, 
	0x10, 0x00, 0x00, 0x60, 0x00, 0x00, 0x00, 0x00, 0x00, 0x00, 0x30, 0x00, 0x00, 0x60, 0x00, 0x00, 
	0x00, 0x00, 0x00, 0x10, 0x20, 0x00, 0x00, 0xf0, 0x00, 0x00, 0x00, 0x00, 0x00, 0x10, 0x20, 0x00, 
	0x00, 0xf0, 0x00, 0x00, 0x00, 0x00, 0x00, 0x00, 0x20, 0x00, 0x01, 0xf8, 0x00, 0x00, 0x00, 0x00, 
	0x00, 0x00, 0x00, 0x00, 0x01, 0xf8, 0x00, 0x00, 0x00, 0x00, 0x00, 0x00, 0x40, 0x00, 0x01, 0xfc, 
	0x00, 0x00, 0x00, 0x00, 0x00, 0x00, 0x40, 0x00, 0x03, 0xfe, 0x00, 0x00, 0x00, 0x00, 0x00, 0x00, 
	0x00, 0x00, 0x03, 0xfe, 0x00, 0x02, 0x00, 0x00, 0x00, 0x00, 0x00, 0x00, 0x03, 0xff, 0x00, 0x03, 
	0x00, 0x00, 0x00, 0x00, 0x00, 0x00, 0x07, 0xff, 0x80, 0x01, 0xc0, 0x00, 0x00, 0x00, 0x00, 0x00, 
	0x07, 0xff, 0x80, 0x01, 0xe0, 0x00, 0x00, 0x00, 0x00, 0x00, 0x00, 0x00, 0x00, 0x81, 0x00, 0x00, 
	0x00, 0x00, 0x00, 0x00, 0x00, 0x00, 0x00, 0x40, 0x00, 0x00, 0x00, 0x00, 0x00, 0x00, 0x0f, 0xff, 
	0x20, 0x60, 0xfe, 0x00, 0x00, 0x00, 0x00, 0x00, 0x1f, 0xff, 0xf0, 0x78, 0xff, 0x00, 0x00, 0x00, 
	0x00, 0x00, 0x1f, 0xff, 0xf8, 0x3c, 0x7f, 0xc0, 0x00, 0x00, 0x00, 0x00, 0x1f, 0xff, 0xfc, 0x3f, 
	0x71, 0xe0, 0x00, 0x00, 0x00, 0x00, 0x3f, 0xf9, 0xff, 0x1f, 0x98, 0x00, 0x00, 0x00, 0x00, 0x00, 
	0x30, 0x03, 0xff, 0x9f, 0xc0, 0x00, 0x00, 0x00, 0x00, 0x00, 0x00, 0x00, 0x7f, 0xcf, 0x00, 0x00, 
	0x00, 0x00, 0x00, 0x00, 0x00, 0x00, 0x3f, 0xe7, 0x00, 0x00, 0x00, 0x00, 0x00, 0x00, 0x46, 0x00, 
	0x3f, 0xff, 0x40, 0xbb, 0x00, 0x00, 0x00, 0x00, 0x66, 0x08, 0xff, 0xff, 0xdf, 0xb3, 0x00, 0x00, 
	0x00, 0x00, 0x7b, 0x7d, 0xff, 0xff, 0xe6, 0x3f, 0x00, 0x00, 0x00, 0x00, 0x7f, 0x01, 0xff, 0xff, 
	0xf8, 0x3f, 0x00, 0x00, 0x00, 0x00, 0x3f, 0xff, 0xff, 0xff, 0xff, 0xff, 0x00, 0x00, 0x00, 0x00, 
	0x3f, 0xff, 0xff, 0xff, 0xff, 0xfe, 0x00, 0x00, 0x00, 0x00, 0x3f, 0xff, 0xff, 0xff, 0xff, 0xfe, 
	0x00, 0x00, 0x00, 0x00, 0x1f, 0xff, 0xff, 0xff, 0xff, 0xfe, 0x00, 0x00, 0x00, 0x02, 0x1f, 0xff, 
	0xff, 0xff, 0xff, 0xfe, 0x00, 0x00, 0x00, 0x00, 0x1f, 0xff, 0xff, 0xff, 0xff, 0xfc, 0x00, 0x00, 
	0x00, 0x00, 0x0f, 0xff, 0xff, 0xff, 0xff, 0xfc, 0x00, 0x00, 0x00, 0x00, 0x0f, 0xff, 0xff, 0x7f, 
	0xff, 0xfc, 0x00, 0x00, 0x00, 0x00, 0x0f, 0xff, 0xff, 0xff, 0xff, 0xfc, 0x00, 0x00, 0x00, 0x00, 
	0x07, 0xff, 0xff, 0xff, 0xff, 0xf8, 0x00, 0x00, 0x00, 0x00, 0x07, 0xff, 0xff, 0xff, 0xff, 0xf8, 
	0x00, 0x00, 0x00, 0x00, 0x03, 0xff, 0xff, 0xff, 0xff, 0xf8, 0x00, 0x00, 0x00, 0x00, 0x03, 0xff, 
	0xff, 0xff, 0xff, 0xf0, 0x00, 0x00, 0x00, 0x00, 0x01, 0xff, 0xff, 0xff, 0xff, 0xe0, 0x00, 0x00, 
	0x00, 0x00, 0x01, 0xff, 0xff, 0xff, 0xff, 0xe0, 0x00, 0x00, 0x00, 0x00, 0x00, 0xff, 0xff, 0xff, 
	0xff, 0xc0, 0x00, 0x00, 0x00, 0x00, 0x00, 0x7f, 0xf8, 0xe1, 0xff, 0x80, 0x00, 0x00, 0x00, 0x00, 
	0x00, 0x3f, 0xff, 0xff, 0xff, 0x00, 0x00, 0x00, 0x00, 0x00, 0x00, 0x1f, 0xff, 0xff, 0xfe, 0x00, 
	0x00, 0x00, 0x00, 0x00, 0x00, 0x0f, 0xff, 0xbf, 0xfc, 0x00, 0x00, 0x00, 0x00, 0x00, 0x00, 0x07, 
	0xff, 0xff, 0xf8, 0x00, 0x00, 0x00, 0x00, 0x00, 0x00, 0x01, 0xff, 0xff, 0xf0, 0x00, 0x00, 0x00, 
	0x00, 0x00, 0x00, 0x00, 0xff, 0xff, 0xe0, 0x00, 0x00, 0x00, 0x00, 0x00, 0x00, 0x00, 0x3f, 0xff, 
	0x80, 0x00, 0x00, 0x00, 0x00, 0x00, 0x00, 0x00, 0x1f, 0xff, 0x00, 0x00, 0x00, 0x00, 0x00, 0x00, 
	0x00, 0x00, 0x07, 0xfe, 0x08, 0x00, 0x00, 0x00, 0x00, 0x00, 0x00, 0x00, 0x00, 0xf8, 0x18, 0x00, 
	0x00, 0x00, 0x00, 0x00, 0x00, 0x00, 0x00, 0x00, 0x38, 0x00, 0x00, 0x00, 0x00, 0x00, 0x00, 0x00, 
	0x00, 0x00, 0xf8, 0x00, 0x00, 0x00, 0x00, 0x00, 0x00, 0x00, 0x80, 0x01, 0xf8, 0x00, 0x00, 0x00};
// TODO: fill with your 78x64 neutral_v3 bitmap hex data (624 bytes)
const unsigned char epd_bitmap_neutral_v3[] PROGMEM = {0x00, 0x70, 0x00, 0x00, 0x00, 0x00, 0x00, 0x80, 0x80, 0x00, 0x00, 0x70, 0x00, 0x00, 0x00, 0x00, 
	0x00, 0x00, 0x80, 0x00, 0x00, 0x60, 0x00, 0x00, 0x00, 0x00, 0x00, 0x00, 0x40, 0x00, 0x00, 0xe0, 
	0x00, 0x00, 0x00, 0x00, 0x00, 0x00, 0x40, 0x00, 0x00, 0xc0, 0x00, 0x00, 0x00, 0x00, 0x00, 0x00, 
	0x00, 0x00, 0x00, 0xc0, 0x00, 0x00, 0x00, 0x00, 0x00, 0x00, 0x00, 0x00, 0x00, 0xc0, 0x00, 0x00, 
	0x00, 0x00, 0x00, 0x00, 0x00, 0x00, 0x00, 0x80, 0x00, 0x00, 0x00, 0x00, 0x00, 0x00, 0x00, 0x00, 
	0x00, 0x80, 0x00, 0x00, 0x10, 0x00, 0x00, 0x00, 0x00, 0x00, 0x00, 0x00, 0x00, 0x00, 0x18, 0x00, 
	0x00, 0x00, 0x00, 0x00, 0x01, 0x00, 0x00, 0x00, 0x1c, 0x00, 0x00, 0x00, 0x00, 0x00, 0x01, 0x00, 
	0x00, 0x00, 0x1e, 0x00, 0x00, 0x00, 0x00, 0x00, 0x01, 0x00, 0x00, 0x00, 0x3e, 0x00, 0x0c, 0x00, 
	0x00, 0x00, 0x00, 0x00, 0x00, 0x00, 0x3f, 0x00, 0x06, 0x00, 0x00, 0x00, 0x00, 0x00, 0x00, 0x00, 
	0x3f, 0x80, 0x04, 0x00, 0x00, 0x00, 0x00, 0x00, 0x00, 0x00, 0x7c, 0x01, 0x83, 0xc0, 0x00, 0x00, 
	0x00, 0x00, 0x00, 0x00, 0x60, 0x60, 0xc3, 0x80, 0x00, 0x00, 0x00, 0x00, 0x00, 0x00, 0x0f, 0xf0, 
	0xe0, 0x00, 0x00, 0x00, 0x00, 0x00, 0x00, 0x00, 0x7f, 0xfc, 0x78, 0x00, 0x00, 0x00, 0x00, 0x00, 
	0x00, 0x00, 0xff, 0xfe, 0x3c, 0x30, 0x00, 0x00, 0x00, 0x00, 0x00, 0x01, 0xf8, 0x1f, 0x1c, 0x30, 
	0x00, 0x00, 0x02, 0x00, 0x00, 0x01, 0xe0, 0x0f, 0xfc, 0x78, 0x00, 0x00, 0x00, 0x00, 0x00, 0x03, 
	0x80, 0x0f, 0xfe, 0x78, 0x00, 0x00, 0x00, 0x00, 0x00, 0x03, 0x00, 0x6f, 0xfe, 0xa8, 0x00, 0x00, 
	0x00, 0x00, 0x00, 0x03, 0x01, 0xff, 0xff, 0x38, 0x00, 0x00, 0x00, 0x00, 0x00, 0x06, 0x03, 0x7f, 
	0xff, 0xf8, 0x00, 0x00, 0x00, 0x00, 0x00, 0x07, 0x0e, 0xff, 0xff, 0xfc, 0x00, 0x00, 0x00, 0x00, 
	0x00, 0x0f, 0xc4, 0xff, 0xff, 0xfc, 0x00, 0x00, 0x00, 0x00, 0x00, 0x0f, 0xf0, 0xff, 0xff, 0xfc, 
	0x00, 0x00, 0x00, 0x00, 0x00, 0x1f, 0xff, 0xff, 0xff, 0x7c, 0x00, 0x00, 0x00, 0x00, 0x00, 0x1f, 
	0xff, 0xff, 0xff, 0x7c, 0x00, 0x00, 0x00, 0x00, 0x00, 0x1f, 0xff, 0xff, 0xff, 0x7c, 0x00, 0x00, 
	0x00, 0x00, 0x00, 0x1f, 0xff, 0xff, 0xff, 0xfc, 0x00, 0x00, 0x00, 0x00, 0x00, 0x0f, 0xff, 0xff, 
	0xff, 0xf8, 0x00, 0x00, 0x00, 0x00, 0x00, 0x0f, 0xff, 0xff, 0xff, 0xf8, 0x00, 0x00, 0x00, 0x00, 
	0x00, 0x3f, 0xff, 0xff, 0xff, 0xf8, 0x00, 0x00, 0x00, 0x00, 0x00, 0x3f, 0xff, 0xff, 0xff, 0xf0, 
	0x00, 0x00, 0x00, 0x00, 0x00, 0x3f, 0xff, 0xff, 0xff, 0xf0, 0x00, 0x00, 0x00, 0x00, 0x00, 0x07, 
	0xff, 0xff, 0xf1, 0xe0, 0x00, 0x00, 0x00, 0x00, 0x00, 0x03, 0xff, 0xff, 0xcf, 0xe0, 0x00, 0x00, 
	0x00, 0x00, 0x00, 0x01, 0xff, 0xff, 0xff, 0xc0, 0x00, 0x00, 0x00, 0x00, 0x00, 0x00, 0xff, 0xff, 
	0xfb, 0xc0, 0x00, 0x00, 0x00, 0x00, 0x00, 0x00, 0x3f, 0xff, 0xff, 0x80, 0x00, 0x00, 0x00, 0x00, 
	0x00, 0x02, 0x0f, 0xff, 0xff, 0x80, 0x00, 0x00, 0x00, 0x00, 0x00, 0x03, 0x03, 0xff, 0xff, 0x00, 
	0x00, 0x00, 0x00, 0x00, 0x00, 0x03, 0xc0, 0x7f, 0xfe, 0x00, 0x00, 0x00, 0x00, 0x00, 0x00, 0x03, 
	0xe0, 0x0f, 0xfe, 0x00, 0x00, 0x00, 0x00, 0x00, 0x00, 0x03, 0xf0, 0x00, 0xfc, 0x00, 0x00, 0x00, 
	0x00, 0x00, 0x00, 0x03, 0xfc, 0x00, 0x00, 0x00, 0x00, 0x00, 0x00, 0x00, 0x00, 0x03, 0xfe, 0x00, 
	0x00, 0x00, 0x00, 0x00, 0x00, 0x00, 0x00, 0x03, 0xff, 0x80, 0x00, 0x00, 0x00, 0x00, 0x00, 0x00, 
	0x00, 0x00, 0xff, 0xe0, 0x00, 0x00, 0x00, 0x00, 0x00, 0x00, 0x00, 0x00, 0x0f, 0xfe, 0x00, 0x00, 
	0x00, 0x00, 0x00, 0x00, 0x00, 0x00, 0x0f, 0xfe, 0x00, 0x00, 0x00, 0x00, 0x00, 0x00, 0x00, 0x00, 
	0x3f, 0xfe, 0x00, 0x00, 0x00, 0x00, 0x00, 0x00, 0x00, 0x0d, 0xff, 0xfc, 0x00, 0x00, 0x00, 0x00, 
	0x00, 0x00, 0x00, 0x0f, 0xff, 0xfc, 0x00, 0x00, 0x00, 0x00, 0x00, 0x00, 0x00, 0x03, 0xff, 0xfc, 
	0x00, 0x00, 0x00, 0x00, 0x00, 0x00, 0x00, 0x01, 0xff, 0xfd, 0x00, 0x02, 0x00, 0x00, 0x00, 0x00, 
	0x00, 0x00, 0x7e, 0xfd, 0x80, 0x01, 0x00, 0x00, 0x00, 0x00, 0x00, 0x00, 0x1f, 0xff, 0x80, 0x00, 
	0x00, 0x00, 0x00, 0x00, 0x00, 0x00, 0xff, 0x7f, 0xc0, 0x00, 0x80, 0x00, 0x00, 0x10, 0x00, 0x00, 
	0x7f, 0xbf, 0x80, 0x00, 0x00, 0x00, 0x00, 0x20, 0x00, 0x00, 0x01, 0xbf, 0x60, 0x00, 0x40, 0x00};
// TODO: fill with your 88x64 neutral_v4 bitmap hex data (704 bytes)
const unsigned char epd_bitmap_neutral_v4[] PROGMEM = {0x00, 0x0f, 0x00, 0x00, 0x00, 0x00, 0x00, 0x00, 0x01, 0x18, 0x00, 0x00, 0x1e, 0x00, 0x00, 0x00, 
	0x00, 0x00, 0x00, 0x00, 0x9c, 0x00, 0x00, 0x1e, 0x78, 0x00, 0x00, 0x00, 0x00, 0x00, 0x00, 0x8c, 
	0x00, 0x00, 0x3e, 0x60, 0x00, 0x00, 0x00, 0x00, 0x00, 0x00, 0x0c, 0x00, 0x00, 0x3c, 0x40, 0x00, 
	0x00, 0x00, 0x00, 0x00, 0x00, 0x0c, 0x00, 0x00, 0x34, 0x40, 0x00, 0x00, 0x00, 0x00, 0x00, 0x00, 
	0x06, 0x00, 0x00, 0x74, 0x40, 0x00, 0x00, 0x00, 0x00, 0x00, 0x00, 0x06, 0x00, 0x00, 0x64, 0x40, 
	0x00, 0x00, 0x00, 0x00, 0x00, 0x00, 0x02, 0x00, 0x00, 0x60, 0x40, 0x00, 0x00, 0x00, 0x00, 0x00, 
	0x00, 0x02, 0x00, 0x00, 0x60, 0x00, 0x00, 0x00, 0x00, 0x00, 0x00, 0x00, 0x02, 0x00, 0x00, 0x40, 
	0x00, 0x00, 0x00, 0x00, 0x00, 0x00, 0x00, 0x01, 0x00, 0x00, 0x40, 0x00, 0x00, 0x00, 0x00, 0x00, 
	0x00, 0x00, 0x01, 0x00, 0x00, 0xc0, 0x00, 0x00, 0x00, 0x00, 0x00, 0x00, 0x00, 0x01, 0x00, 0x00, 
	0xc0, 0x00, 0x00, 0x00, 0x00, 0x00, 0x00, 0x00, 0x01, 0x00, 0x00, 0x80, 0x00, 0x00, 0x00, 0x00, 
	0x00, 0x00, 0x00, 0x01, 0x00, 0x00, 0x80, 0x00, 0x80, 0x00, 0x00, 0x00, 0x00, 0x00, 0x01, 0x00, 
	0x00, 0x80, 0x00, 0xc0, 0x00, 0x00, 0x00, 0x00, 0x00, 0x00, 0x00, 0x00, 0x80, 0x00, 0xe0, 0x00, 
	0x00, 0x00, 0x00, 0x00, 0x00, 0x80, 0x00, 0x00, 0x00, 0xe0, 0x00, 0x00, 0x00, 0x00, 0x00, 0x00, 
	0x80, 0x00, 0x00, 0x00, 0x00, 0x00, 0x00, 0x00, 0x00, 0x00, 0x00, 0x80, 0x00, 0x00, 0x00, 0x06, 
	0x00, 0x00, 0x00, 0x00, 0x00, 0x01, 0x80, 0x00, 0x00, 0x00, 0x7f, 0x00, 0x00, 0x00, 0x00, 0x00, 
	0x00, 0x80, 0x00, 0x00, 0x00, 0x7f, 0xc0, 0x00, 0x00, 0x00, 0x00, 0x00, 0xc0, 0x00, 0x00, 0xe0, 
	0x33, 0x40, 0x00, 0x00, 0x00, 0x00, 0x00, 0xc0, 0x00, 0x00, 0x70, 0x00, 0x00, 0x00, 0x00, 0x00, 
	0x00, 0x00, 0x40, 0x00, 0x00, 0x18, 0x80, 0x00, 0x00, 0x00, 0x00, 0x00, 0x00, 0x60, 0x00, 0x00, 
	0x0c, 0x70, 0x00, 0x00, 0x00, 0x00, 0x00, 0x00, 0x20, 0x00, 0x00, 0x0e, 0x7c, 0x78, 0x70, 0x00, 
	0x00, 0x00, 0x00, 0x00, 0x00, 0x00, 0x0f, 0xfc, 0x3c, 0xfc, 0x00, 0x00, 0x00, 0x00, 0x10, 0x00, 
	0x00, 0x07, 0xfc, 0xf9, 0xfc, 0x00, 0x00, 0x00, 0x00, 0x10, 0x00, 0x00, 0x0f, 0xff, 0xff, 0xfe, 
	0x00, 0x00, 0x00, 0x00, 0x08, 0x00, 0x00, 0x0f, 0xff, 0x7f, 0xfe, 0x00, 0x00, 0x00, 0x00, 0x08, 
	0x00, 0x00, 0x0f, 0xff, 0xff, 0xfe, 0x00, 0x00, 0x00, 0x00, 0x0c, 0x00, 0x00, 0x1f, 0xff, 0xff, 
	0xff, 0x00, 0x00, 0x00, 0x00, 0x04, 0x00, 0x00, 0x3f, 0xff, 0xff, 0xff, 0x00, 0x00, 0x00, 0x00, 
	0x04, 0x00, 0x00, 0x7f, 0xff, 0xff, 0xff, 0x00, 0x00, 0x00, 0x00, 0x06, 0x00, 0x00, 0xff, 0xff, 
	0xff, 0xff, 0x00, 0x00, 0x00, 0x00, 0x02, 0x00, 0x00, 0xff, 0xff, 0xff, 0xff, 0x80, 0x00, 0x00, 
	0x00, 0x02, 0x00, 0x00, 0xff, 0xff, 0xff, 0xff, 0x80, 0x00, 0x00, 0x00, 0x02, 0x00, 0x00, 0x7f, 
	0xff, 0xff, 0xff, 0x80, 0x00, 0x00, 0x00, 0x01, 0x00, 0x00, 0x3f, 0xff, 0xff, 0xff, 0x80, 0x00, 
	0x00, 0x00, 0x01, 0x00, 0x00, 0x1f, 0xff, 0xff, 0xff, 0x80, 0x00, 0x00, 0x00, 0x01, 0x00, 0x00, 
	0x3f, 0xff, 0xff, 0xff, 0x80, 0x00, 0x00, 0x00, 0x01, 0x00, 0x00, 0x1f, 0xff, 0xff, 0xff, 0x80, 
	0x00, 0x00, 0x00, 0x01, 0x00, 0x00, 0x1f, 0xff, 0xff, 0xff, 0x80, 0x00, 0x00, 0x00, 0x01, 0x00, 
	0x00, 0x1f, 0xff, 0xff, 0xff, 0x80, 0x00, 0x00, 0x00, 0x01, 0x00, 0x00, 0x0f, 0xff, 0xff, 0xff, 
	0x80, 0x00, 0x00, 0x00, 0x01, 0x00, 0x00, 0x04, 0x3f, 0xff, 0xff, 0x80, 0x00, 0x00, 0x00, 0x01, 
	0x00, 0x00, 0x07, 0xff, 0xff, 0xff, 0x80, 0x00, 0x00, 0x00, 0x00, 0x00, 0x00, 0x07, 0xff, 0xff, 
	0xfc, 0x80, 0x00, 0x00, 0x00, 0x00, 0x00, 0x00, 0x03, 0xff, 0xff, 0xf8, 0x00, 0x00, 0x00, 0x00, 
	0x00, 0x00, 0x00, 0x03, 0xff, 0xff, 0xe0, 0x00, 0x00, 0x00, 0x00, 0x00, 0x00, 0x00, 0x01, 0xff, 
	0xff, 0x80, 0x00, 0x00, 0x00, 0x00, 0x00, 0x00, 0x00, 0x00, 0xff, 0xfe, 0x01, 0x00, 0x00, 0x00, 
	0x00, 0x00, 0x00, 0x00, 0x00, 0xff, 0xf0, 0x01, 0x00, 0x00, 0x00, 0x00, 0x00, 0x00, 0x00, 0x00, 
	0xff, 0xc0, 0x03, 0x00, 0x00, 0x00, 0x00, 0x00, 0x00, 0x00, 0x00, 0x7e, 0x00, 0x07, 0x00, 0x00, 
	0x00, 0x00, 0x00, 0x00, 0x00, 0x00, 0x00, 0x00, 0x7e, 0x00, 0x00, 0x00, 0x00, 0x00, 0x00, 0x00, 
	0x00, 0x00, 0x00, 0xfe, 0x04, 0x00, 0x00, 0x00, 0x00, 0x00, 0x00, 0x00, 0x00, 0x00, 0xfe, 0x08, 
	0x00, 0x00, 0x00, 0x00, 0x00, 0x00, 0x00, 0x00, 0x00, 0xfc, 0x18, 0x00, 0x00, 0x00, 0x00, 0x00, 
	0x00, 0x00, 0x00, 0x00, 0xfc, 0x38, 0x00, 0x00, 0x00, 0x00, 0x00, 0x00, 0x00, 0x00, 0x00, 0x78, 
	0xf0, 0x00, 0x00, 0x00, 0x00, 0x00, 0x00, 0x00, 0x00, 0x00, 0x7b, 0xe0, 0x00, 0x00, 0x00, 0x00};
// TODO: fill with your 78x64 neutral_v5 bitmap hex data (624 bytes)
const unsigned char epd_bitmap_neutral_v5[] PROGMEM = {0x00, 0x01, 0x00, 0x00, 0x00, 0x00, 0x00, 0x00, 0xe0, 0x00, 0x00, 0x03, 0x00, 0x00, 0x00, 0x00, 
	0x00, 0x00, 0x60, 0x00, 0x00, 0x02, 0x00, 0x00, 0x00, 0x00, 0x00, 0x00, 0x70, 0x00, 0x00, 0x02, 
	0x00, 0x00, 0x00, 0x00, 0x00, 0x00, 0x30, 0x00, 0x00, 0x04, 0x00, 0x00, 0x00, 0x00, 0x00, 0x00, 
	0x38, 0x00, 0x00, 0x04, 0x00, 0x00, 0x00, 0x00, 0x00, 0x00, 0x08, 0x00, 0x00, 0x04, 0x00, 0x00, 
	0x00, 0x00, 0x00, 0x00, 0x00, 0x00, 0x00, 0x08, 0x00, 0x00, 0x00, 0x00, 0x00, 0x00, 0x04, 0x00, 
	0x00, 0x08, 0x00, 0x00, 0x00, 0x00, 0x00, 0x00, 0x00, 0x00, 0x00, 0x08, 0x00, 0x00, 0x00, 0x00, 
	0x00, 0x00, 0x00, 0x00, 0x00, 0x00, 0x00, 0x00, 0x00, 0x00, 0x00, 0x00, 0x02, 0x00, 0x00, 0x00, 
	0x00, 0x00, 0x00, 0x00, 0x80, 0x00, 0x00, 0x00, 0x00, 0x10, 0x00, 0x00, 0x00, 0x01, 0xc0, 0x00, 
	0x00, 0x00, 0x00, 0x10, 0x00, 0x00, 0x00, 0x01, 0xc0, 0x00, 0x00, 0x00, 0x00, 0x10, 0x00, 0x00, 
	0x00, 0x01, 0xe0, 0x00, 0x00, 0x00, 0x00, 0x10, 0x00, 0x00, 0x00, 0x03, 0xe0, 0x00, 0x00, 0x00, 
	0x00, 0x00, 0x00, 0x00, 0x00, 0x03, 0xf0, 0x00, 0x00, 0x00, 0x00, 0x00, 0x00, 0x00, 0x00, 0x00, 
	0x00, 0x00, 0x00, 0x00, 0x00, 0x00, 0x00, 0x00, 0x00, 0x00, 0x00, 0x00, 0x00, 0x00, 0x00, 0x00, 
	0x00, 0x00, 0x00, 0x0f, 0xf0, 0x00, 0x00, 0x00, 0x00, 0x00, 0x00, 0x00, 0x00, 0x1f, 0x0e, 0x20, 
	0x00, 0x00, 0x00, 0x00, 0x00, 0x00, 0x00, 0x1c, 0x03, 0x10, 0x00, 0x00, 0x00, 0x00, 0x00, 0x00, 
	0x00, 0x30, 0x01, 0x98, 0x00, 0x00, 0x00, 0x00, 0x00, 0x00, 0x00, 0x40, 0x03, 0xf8, 0x00, 0x00, 
	0x00, 0x00, 0x00, 0x00, 0x00, 0x00, 0x03, 0xf8, 0x00, 0x00, 0x00, 0x40, 0x00, 0x00, 0x00, 0x87, 
	0x07, 0xf8, 0x00, 0x00, 0x00, 0x00, 0x00, 0x00, 0x01, 0xc7, 0x0f, 0xf8, 0x00, 0x00, 0x00, 0x00, 
	0x00, 0x00, 0x03, 0xf7, 0x6f, 0xf8, 0x00, 0x00, 0x00, 0x00, 0x00, 0x00, 0x07, 0xfb, 0x0f, 0xf8, 
	0x00, 0x00, 0x00, 0x00, 0x00, 0x00, 0x07, 0xfe, 0x1f, 0xf8, 0x00, 0x00, 0x00, 0x00, 0x00, 0x00, 
	0x07, 0xff, 0xff, 0xfd, 0x00, 0x00, 0x00, 0x00, 0x00, 0x00, 0x0f, 0xff, 0xff, 0xfc, 0x00, 0x00, 
	0x00, 0x00, 0x00, 0x00, 0x0f, 0xff, 0xff, 0xfe, 0x00, 0x00, 0x00, 0x00, 0x00, 0x00, 0x0f, 0xff, 
	0xff, 0xff, 0x00, 0x00, 0x00, 0x00, 0x00, 0x00, 0x0f, 0xff, 0xff, 0xfe, 0x00, 0x00, 0x00, 0x00, 
	0x00, 0x00, 0x0f, 0xff, 0xff, 0xfe, 0x00, 0x00, 0x00, 0x00, 0x00, 0x00, 0x0f, 0xff, 0xff, 0xff, 
	0x00, 0x00, 0x00, 0x00, 0x00, 0x00, 0x0f, 0xff, 0xff, 0xff, 0x00, 0x00, 0x00, 0x00, 0x00, 0x00, 
	0x0f, 0xff, 0xff, 0xfe, 0x00, 0x00, 0x00, 0x00, 0x00, 0x00, 0x0f, 0xff, 0xff, 0xfe, 0x00, 0x00, 
	0x00, 0x00, 0x00, 0x00, 0x0f, 0xff, 0xff, 0xfc, 0x00, 0x00, 0x00, 0x00, 0x00, 0x00, 0x0f, 0xff, 
	0xfc, 0x04, 0x00, 0x00, 0x00, 0x00, 0x00, 0x00, 0x07, 0xff, 0xff, 0xc8, 0x00, 0x00, 0x00, 0x00, 
	0x00, 0x00, 0x03, 0xff, 0xff, 0xf8, 0x00, 0x00, 0x00, 0x00, 0x00, 0x00, 0x00, 0xff, 0xff, 0x90, 
	0x00, 0x00, 0x00, 0x00, 0x00, 0x00, 0x00, 0x3f, 0xff, 0xf0, 0x00, 0x00, 0x00, 0x00, 0x00, 0x00, 
	0x00, 0x0f, 0xff, 0xe0, 0x00, 0x00, 0x00, 0x00, 0x00, 0x00, 0x04, 0x03, 0xff, 0xe0, 0x00, 0x00, 
	0x00, 0x00, 0x00, 0x00, 0x02, 0x00, 0x7f, 0xc0, 0x00, 0x00, 0x00, 0x00, 0x00, 0x00, 0x03, 0x00, 
	0x0f, 0xc0, 0x00, 0x00, 0x00, 0x00, 0x00, 0x00, 0x01, 0x80, 0x00, 0x00, 0x00, 0x00, 0x00, 0x00, 
	0x00, 0x00, 0x00, 0xe0, 0x00, 0x00, 0x00, 0x00, 0x00, 0x00, 0x00, 0x00, 0x00, 0xf0, 0x00, 0x00, 
	0x00, 0x00, 0x00, 0x00, 0x00, 0x00, 0x18, 0x7e, 0x00, 0x00, 0x00, 0x00, 0x00, 0x00, 0x00, 0x00, 
	0x1c, 0x1e, 0x00, 0x00, 0x00, 0x00, 0x00, 0x00, 0x00, 0x00, 0x0f, 0x9e, 0x00, 0x00, 0x00, 0x00, 
	0x00, 0x00, 0x00, 0x00, 0x0f, 0xfc, 0x00, 0x00, 0x00, 0x00, 0x00, 0x00, 0x00, 0x00, 0x07, 0xfc, 
	0x00, 0x00, 0x00, 0x00, 0x00, 0x00, 0x00, 0x00, 0x07, 0xfc, 0x00, 0x00, 0x00, 0x00, 0x00, 0x00, 
	0x00, 0x00, 0x03, 0xfc, 0x00, 0x00, 0x00, 0x00, 0x00, 0x00, 0x00, 0x00, 0x01, 0xfc, 0x00, 0x00, 
	0x00, 0x00, 0x00, 0x00, 0x00, 0x00, 0x00, 0x7d, 0x00, 0x00, 0x00, 0x00, 0x00, 0x00, 0x00, 0x00, 
	0x00, 0x3d, 0x80, 0x00, 0x00, 0x00, 0x00, 0x20, 0x00, 0x00, 0x7f, 0xfe, 0x80, 0x00, 0x00, 0x00};
// TODO: fill with your 88x64 neutral_v6 bitmap hex data (704 bytes)
const unsigned char epd_bitmap_neutral_v6[] PROGMEM = {0x38, 0x00, 0x00, 0x00, 0x00, 0x00, 0x00, 0x00, 0x00, 0x00, 0x00, 0x78, 0x00, 0x00, 0x00, 0x00, 
	0x00, 0x00, 0x00, 0x00, 0x00, 0x00, 0x60, 0x00, 0x00, 0x00, 0x00, 0x00, 0x00, 0x00, 0x00, 0x00, 
	0x00, 0x60, 0x00, 0x00, 0x00, 0x00, 0x00, 0x00, 0x00, 0x00, 0x00, 0x00, 0x40, 0x00, 0x00, 0x00, 
	0x00, 0x00, 0x00, 0x00, 0x00, 0x00, 0x00, 0x40, 0x00, 0x00, 0xc0, 0x00, 0x00, 0x00, 0x00, 0x00, 
	0x00, 0x00, 0x40, 0x00, 0x00, 0xe0, 0x00, 0x00, 0x00, 0x00, 0x00, 0x00, 0x00, 0x40, 0x00, 0x00, 
	0xe0, 0x00, 0x00, 0x00, 0x00, 0x00, 0x00, 0x00, 0x40, 0x00, 0x00, 0xe0, 0x00, 0x00, 0x00, 0x00, 
	0x00, 0x00, 0x00, 0x00, 0x00, 0x00, 0xf8, 0x00, 0x01, 0x80, 0x00, 0x00, 0x00, 0x00, 0x00, 0x00, 
	0x01, 0xfc, 0x00, 0x00, 0xc0, 0x00, 0x00, 0x00, 0x00, 0x80, 0x00, 0x01, 0xfe, 0x00, 0x00, 0xc0, 
	0x00, 0x00, 0x00, 0x00, 0x80, 0x00, 0x01, 0xfe, 0x00, 0x00, 0x00, 0x00, 0x00, 0x00, 0x00, 0x80, 
	0x00, 0x01, 0xff, 0x00, 0x00, 0x0f, 0x80, 0x00, 0x00, 0x00, 0x80, 0x00, 0x01, 0xff, 0x00, 0x00, 
	0x0f, 0x80, 0x00, 0x00, 0x00, 0x80, 0x00, 0x03, 0xff, 0x80, 0x00, 0x3f, 0x00, 0x00, 0x00, 0x00, 
	0x00, 0x00, 0x03, 0xff, 0x00, 0x30, 0x3e, 0x00, 0x00, 0x00, 0x00, 0x00, 0x00, 0x03, 0xc0, 0x00, 
	0x0c, 0x0c, 0x00, 0x00, 0x00, 0x00, 0x00, 0x00, 0x03, 0x00, 0x08, 0x0f, 0x00, 0x00, 0x00, 0x00, 
	0x00, 0x00, 0x00, 0x00, 0x01, 0xfe, 0x07, 0xc0, 0x01, 0x80, 0x00, 0x00, 0x00, 0x00, 0x03, 0xff, 
	0xff, 0x03, 0xf0, 0x01, 0xe0, 0x00, 0x00, 0x00, 0x00, 0x07, 0xf8, 0x7f, 0xc1, 0xf0, 0x01, 0xe8, 
	0x00, 0x00, 0x00, 0x00, 0x07, 0xf8, 0x7f, 0xc1, 0xf0, 0x01, 0xe8, 0x00, 0x00, 0x00, 0x00, 0x07, 
	0x80, 0x3f, 0xf0, 0xfe, 0x0d, 0xfc, 0x00, 0x00, 0x00, 0x00, 0x06, 0x00, 0x0f, 0xfc, 0xfe, 0x7f, 
	0xfc, 0x00, 0x00, 0x00, 0x00, 0x04, 0x00, 0x07, 0xff, 0xff, 0x7b, 0xfc, 0x00, 0x00, 0x00, 0x00, 
	0x00, 0x00, 0x07, 0xff, 0xff, 0x87, 0xfc, 0x00, 0x00, 0x00, 0x00, 0x00, 0x40, 0x3f, 0xff, 0xff, 
	0xff, 0xfc, 0x00, 0x00, 0x00, 0x00, 0x00, 0xc0, 0x7f, 0xff, 0xff, 0xff, 0xfc, 0x00, 0x00, 0x00, 
	0x00, 0x00, 0xe6, 0xff, 0xff, 0xff, 0xff, 0xfc, 0x00, 0x00, 0x00, 0x00, 0x00, 0xe6, 0xff, 0xff, 
	0xff, 0xff, 0xfc, 0x00, 0x00, 0x00, 0x00, 0x00, 0xff, 0xbf, 0xff, 0xff, 0xff, 0xfc, 0x00, 0x00, 
	0x00, 0x00, 0x00, 0xff, 0x3f, 0xff, 0xff, 0xff, 0xfc, 0x00, 0x00, 0x00, 0x00, 0x07, 0xfc, 0x7f, 
	0xff, 0xff, 0xff, 0xfc, 0x00, 0x00, 0x00, 0x00, 0x03, 0xff, 0xff, 0xff, 0xff, 0xff, 0xfc, 0x00, 
	0x00, 0x00, 0x00, 0x03, 0xff, 0xff, 0xff, 0xff, 0xff, 0xf8, 0x00, 0x00, 0x00, 0x00, 0x41, 0xff, 
	0xff, 0xff, 0xff, 0xff, 0xf8, 0x00, 0x00, 0x00, 0x00, 0x41, 0xff, 0xff, 0xff, 0xff, 0xff, 0xf8, 
	0x00, 0x00, 0x00, 0x00, 0x41, 0xff, 0xff, 0xff, 0xff, 0xff, 0xf8, 0x00, 0x00, 0x00, 0x00, 0x60, 
	0xff, 0xff, 0xff, 0xff, 0xff, 0xf8, 0x00, 0x00, 0x00, 0x00, 0x20, 0xff, 0xff, 0xff, 0xff, 0xff, 
	0xf0, 0x00, 0x00, 0x00, 0x00, 0x00, 0x7f, 0xff, 0xff, 0xff, 0xff, 0xf0, 0x00, 0x00, 0x00, 0x00, 
	0x00, 0x7f, 0xff, 0xff, 0xff, 0xff, 0xf0, 0x00, 0x00, 0x00, 0x00, 0x00, 0x3f, 0xff, 0xff, 0xff, 
	0xff, 0xe0, 0x00, 0x00, 0x00, 0x00, 0x00, 0x3f, 0xff, 0xff, 0xff, 0xff, 0xe0, 0x00, 0x00, 0x00, 
	0x00, 0x00, 0x3f, 0xff, 0xff, 0xff, 0xff, 0xe0, 0x00, 0x00, 0x00, 0x00, 0x00, 0x1f, 0xff, 0xff, 
	0x07, 0xff, 0x80, 0x00, 0x00, 0x00, 0x00, 0x00, 0x07, 0xff, 0xfc, 0xff, 0xff, 0x00, 0x00, 0x00, 
	0x00, 0x00, 0x00, 0x03, 0xff, 0xff, 0xff, 0xfe, 0x00, 0x00, 0x00, 0x00, 0x00, 0x00, 0x01, 0xff, 
	0xff, 0xff, 0xfc, 0x00, 0x00, 0x00, 0x00, 0x00, 0x00, 0x00, 0xff, 0xff, 0xff, 0xf8, 0x00, 0x00, 
	0x00, 0x00, 0x00, 0x00, 0x00, 0x7f, 0xff, 0xff, 0xf8, 0x80, 0x00, 0x00, 0x00, 0x00, 0x00, 0x00, 
	0x0f, 0xff, 0xff, 0xf1, 0x80, 0x00, 0x00, 0x00, 0x00, 0x00, 0x00, 0x0f, 0xff, 0xff, 0xf1, 0x80, 
	0x00, 0x00, 0x00, 0x00, 0x00, 0x00, 0x03, 0xff, 0xff, 0xc3, 0xe0, 0x00, 0x00, 0x00, 0x00, 0x00, 
	0x00, 0x00, 0xff, 0xff, 0x83, 0xe0, 0x00, 0x00, 0x00, 0x00, 0x00, 0x00, 0x00, 0x0f, 0xff, 0x07, 
	0xe0, 0x00, 0x00, 0x00, 0x00, 0x00, 0x00, 0x00, 0x01, 0xfc, 0x0f, 0xe0, 0x00, 0x00, 0x00, 0x00, 
	0x00, 0x00, 0x00, 0x00, 0x00, 0x0f, 0xe0, 0x00, 0x00, 0x00, 0x00, 0x00, 0x00, 0x00, 0x00, 0x00, 
	0x3f, 0xf0, 0x00, 0x00, 0x00, 0x00, 0x00, 0x00, 0x00, 0x00, 0x00, 0x7f, 0xf0, 0x00, 0x00, 0x00, 
	0x00, 0x00, 0x00, 0x00, 0x00, 0x00, 0x7f, 0xf0, 0x00, 0x00, 0x00, 0x00, 0x00, 0x00, 0x00, 0x00, 
	0x00, 0xff, 0xf0, 0x00, 0x00, 0x00, 0x00, 0x00, 0x00, 0x00, 0x00, 0x01, 0xff, 0xf8, 0x00, 0x00};
const unsigned char epd_bitmap_happy[] PROGMEM = {0x00, 0x00, 0x07, 0x9f, 0xf0, 0x00, 0x00, 0x00, 0x00, 
0x00, 0x1f, 0x00, 0xfe, 0x00, 0x00, 0x00, 0x00, 0x00, 
0x7f, 0x00, 0x3f, 0x80, 0x00, 0x00, 0x00, 0x00, 0xe0, 
0x00, 0x0f, 0xc0, 0x00, 0x00, 0x00, 0x03, 0x80, 0x00, 
0x07, 0xe0, 0x00, 0x00, 0x00, 0x07, 0x00, 0x00, 0x03, 
0xf8, 0x00, 0x00, 0x00, 0x0e, 0x00, 0x00, 0x01, 0xf8, 
0x00, 0x00, 0x00, 0x1e, 0x00, 0x00, 0x00, 0xfc, 0x00, 
0x00, 0x00, 0x1c, 0x00, 0x00, 0x18, 0x7e, 0x00, 0x00, 
0x00, 0x38, 0x00, 0x00, 0x78, 0x3f, 0x00, 0x00, 0x00, 
0x38, 0x00, 0x00, 0x38, 0x3f, 0x00, 0x00, 0x00, 0x70, 
0x00, 0x00, 0x08, 0x1f, 0x00, 0x00, 0x00, 0x70, 0x00, 
0x00, 0x0c, 0x1f, 0x80, 0x00, 0x00, 0x60, 0x00, 0x00, 
0x0c, 0x1f, 0x80, 0x00, 0x00, 0xe0, 0x00, 0x00, 0x0c, 
0x1d, 0x80, 0x00, 0x00, 0xc0, 0x00, 0x00, 0x0c, 0x18, 
0xc0, 0x00, 0x00, 0xc0, 0x04, 0x00, 0x0c, 0x18, 0xc0, 
0x00, 0x00, 0xc0, 0x0c, 0x00, 0x04, 0x10, 0xc0, 0x00, 
0x01, 0x80, 0x0c, 0x00, 0x04, 0x00, 0xc0, 0x00, 0x01, 
0x80, 0x0e, 0x00, 0x00, 0x00, 0x40, 0x00, 0x01, 0x00, 
0x1e, 0x00, 0x00, 0x00, 0x60, 0x00, 0x03, 0x00, 0x1f, 
0x00, 0x00, 0x00, 0x60, 0x00, 0x03, 0x00, 0x3f, 0x00, 
0x80, 0x00, 0x20, 0x00, 0x02, 0x00, 0x3f, 0x88, 0x40, 
0x00, 0x20, 0x00, 0x06, 0x00, 0x60, 0xc8, 0x40, 0x00, 
0x30, 0x00, 0x04, 0x00, 0x7f, 0xc4, 0x70, 0x00, 0x30, 
0x00, 0x0c, 0x00, 0xff, 0xe6, 0x78, 0x00, 0x10, 0x00, 
0x08, 0x00, 0xff, 0xf3, 0x7c, 0x00, 0x10, 0x00, 0x10, 
0x01, 0xff, 0xf3, 0xfe, 0x00, 0x18, 0x00, 0x30, 0x01, 
0xff, 0xf9, 0xff, 0x80, 0x08, 0x00, 0x20, 0x03, 0xc1, 
0xfd, 0xc0, 0xc0, 0x08, 0x00, 0x40, 0x03, 0x1e, 0xff, 
0xbe, 0x60, 0x04, 0x00, 0xc0, 0x01, 0xff, 0xff, 0xff, 
0xe0, 0x04, 0x00, 0x80, 0x01, 0xff, 0xff, 0xff, 0xe0, 
0x02, 0x00, 0x00, 0x01, 0xff, 0xff, 0xff, 0xc0, 0x02, 
0x00, 0x00, 0x01, 0xff, 0xff, 0xff, 0xc0, 0x00, 0x00, 
0x00, 0x02, 0xff, 0xff, 0xff, 0xd0, 0x01, 0x00, 0x00, 
0x06, 0xff, 0xff, 0xff, 0xf0, 0x00, 0x00, 0x80, 0x03, 
0xff, 0xff, 0xff, 0x80, 0x00, 0x00, 0x80, 0x00, 0x7f, 
0xff, 0xff, 0x80, 0x00, 0x00, 0x00, 0x00, 0x7e, 0x3f, 
0x3f, 0x00, 0x00, 0x00, 0x00, 0x00, 0x3f, 0x00, 0x3f, 
0x00, 0x00, 0x00, 0x00, 0x00, 0x3f, 0x1c, 0x3e, 0x00, 
0x00, 0x00, 0x08, 0x00, 0x1f, 0xff, 0x7e, 0x00, 0x00, 
0x40, 0x00, 0x00, 0x0f, 0xff, 0xfc, 0x00, 0x00, 0x00, 
0x00, 0x00, 0x07, 0xff, 0xf8, 0x00, 0x00, 0x00, 0x84, 
0x00, 0x03, 0xff, 0xe0, 0x00, 0x00, 0x80, 0x84, 0x00, 
0x00, 0xff, 0xc0, 0x00, 0x00, 0x80, 0x00, 0x00, 0x00, 
0x7f, 0x80, 0x00, 0x01, 0x00, 0x62, 0x00, 0x03, 0x1e, 
0x20, 0x00, 0x00, 0x00, 0x22, 0x00, 0x07, 0x80, 0xe0, 
0x00, 0x00, 0x00, 0x02, 0x00, 0x07, 0xc1, 0xe0, 0x00, 
0x00, 0x00, 0x01, 0x00, 0x07, 0xf3, 0xe0, 0x00, 0x20, 
0x00, 0x01, 0x00, 0x07, 0xff, 0xe0, 0x00, 0x80, 0x00, 
0x00, 0x80, 0x07, 0xff, 0xe0, 0x18, 0x00, 0x00, 0x00, 
0x41, 0x80, 0xff, 0xfe, 0x0f, 0x00, 0x00, 0x00, 0x40, 
0x3f, 0xff, 0xfc, 0x41, 0xc0, 0x00, 0x00, 0x60, 0x3f, 
0xff, 0xf9, 0xf0, 0x60, 0x00, 0x00, 0x40, 0x07, 0xff, 
0xff, 0xf0, 0x00, 0x00, 0x00, 0x40, 0x1f, 0xff, 0xff, 
0xe0, 0x00, 0x00, 0x03, 0xc0, 0x0f, 0xe4, 0xff, 0x80, 
0x38, 0x00, 0x1c, 0x00, 0x07, 0xfb, 0xfe, 0x00, 0x06, 
0x00, 0x20, 0x00, 0x03, 0xff, 0xf8, 0x00, 0x01, 0x80, 
0x40, 0x00, 0x01, 0xff, 0xf0, 0x00, 0x00, 0xc0};
const unsigned char epd_bitmap_sad[] PROGMEM = {0x00, 0x00, 0x00, 0x00, 0x00, 0x00, 0x00, 0x00, 0x00, 0x00, 0x00, 0x00, 0x00, 0x00, 0x00, 0x00, 
0x00, 0x00, 0x00, 0x00, 0x00, 0x00, 0x00, 0x00, 0x00, 0x00, 0x00, 0x00, 0x00, 0x00, 0x00, 0x00, 
0x00, 0x00, 0x00, 0x00, 0x00, 0x00, 0x00, 0x00, 0x00, 0x00, 0x00, 0x78, 0x3f, 0x80, 0x00, 0x00, 
0x00, 0x00, 0x01, 0xf0, 0x07, 0xe0, 0x00, 0x00, 0x00, 0x00, 0x07, 0x00, 0x01, 0xf8, 0x00, 0x00, 
0x00, 0x00, 0x0c, 0x00, 0x00, 0x7c, 0x00, 0x00, 0x00, 0x00, 0x38, 0x00, 0x00, 0x3e, 0x00, 0x00, 
0x00, 0x00, 0x70, 0x00, 0x00, 0x1f, 0x00, 0x00, 0x00, 0x00, 0xe0, 0x00, 0x00, 0x0f, 0x80, 0x00, 
0x00, 0x00, 0xc0, 0x00, 0x01, 0x07, 0xc0, 0x00, 0x00, 0x01, 0xc0, 0x00, 0x01, 0x87, 0xe0, 0x00, 
0x00, 0x01, 0x80, 0x00, 0x07, 0x83, 0xe0, 0x00, 0x00, 0x03, 0x80, 0x00, 0x00, 0x83, 0xf0, 0x00, 
0x00, 0x03, 0x00, 0x00, 0x00, 0x81, 0xf0, 0x00, 0x00, 0x07, 0x00, 0x00, 0x00, 0x81, 0xf0, 0x00, 
0x00, 0x06, 0x00, 0x00, 0x00, 0x81, 0xd8, 0x00, 0x00, 0x06, 0x00, 0x00, 0x00, 0xc1, 0x88, 0x00, 
0x00, 0x04, 0x00, 0x00, 0x00, 0xc1, 0x88, 0x00, 0x00, 0x0c, 0x00, 0x40, 0x00, 0x41, 0x08, 0x00, 
0x00, 0x0c, 0x00, 0x40, 0x00, 0x40, 0x0c, 0x00, 0x00, 0x08, 0x00, 0xc0, 0x00, 0x00, 0x04, 0x00, 
0x00, 0x18, 0x00, 0xe0, 0x00, 0x00, 0x04, 0x00, 0x00, 0x10, 0x01, 0xe0, 0x00, 0x00, 0x04, 0x00, 
0x00, 0x10, 0x01, 0xf0, 0x00, 0x00, 0x44, 0x00, 0x00, 0x30, 0x03, 0xf0, 0x08, 0x00, 0x42, 0x00, 
0x00, 0x20, 0x03, 0xf8, 0x08, 0x00, 0x62, 0x00, 0x00, 0x20, 0x07, 0xf0, 0x00, 0x00, 0x62, 0x00, 
0x00, 0x40, 0x07, 0x04, 0x40, 0x00, 0x22, 0x00, 0x00, 0x40, 0x00, 0xfc, 0x47, 0x00, 0x01, 0x00, 
0x00, 0x80, 0x0f, 0x0e, 0x21, 0x80, 0x01, 0x00, 0x01, 0x00, 0x0c, 0x0f, 0x30, 0x00, 0x00, 0x00, 
0x01, 0x00, 0x00, 0x07, 0x98, 0x00, 0x00, 0x80, 0x02, 0x00, 0x01, 0x0f, 0xdc, 0x10, 0x00, 0x80, 
0x04, 0x00, 0x16, 0x1f, 0xec, 0x50, 0x00, 0x40, 0x00, 0x00, 0x1a, 0x9f, 0xfd, 0x0c, 0x00, 0x40, 
0x00, 0x00, 0x0f, 0xff, 0xff, 0xfc, 0x00, 0x00, 0x00, 0x00, 0x0f, 0xff, 0xff, 0xf8, 0x00, 0x20, 
0x00, 0x00, 0x0f, 0xff, 0xff, 0xf8, 0x00, 0x00, 0x00, 0x00, 0x0f, 0xff, 0xbf, 0xf8, 0x00, 0x00, 
0x6c, 0x00, 0x07, 0xff, 0xff, 0xf0, 0x00, 0x00, 0x00, 0x00, 0x07, 0xff, 0xff, 0xf0, 0x00, 0x00, 
0x00, 0x00, 0x02, 0xff, 0xff, 0xe0, 0x00, 0x00, 0x08, 0x00, 0x03, 0xff, 0xff, 0xe0, 0x00, 0x00, 
0x00, 0x00, 0x01, 0xf9, 0x6f, 0xc0, 0x00, 0x00, 0x00, 0x00, 0x00, 0xff, 0xff, 0x80, 0x00, 0x00, 
0x00, 0x00, 0x00, 0x7f, 0xff, 0x00, 0x00, 0x00, 0x08, 0x40, 0x00, 0x3f, 0xfe, 0x00, 0x00, 0x00, 
0x00, 0x00, 0x00, 0x0f, 0xfc, 0x00, 0x00, 0x00, 0x00, 0x00, 0x00, 0x07, 0xf0, 0x00, 0x00, 0x00, 
0x00, 0x20, 0x00, 0x21, 0xc0, 0x00, 0x00, 0x00, 0x02, 0x20, 0x00, 0x30, 0x0e, 0x00, 0x00, 0x00, 
0x00, 0x00, 0x00, 0x3c, 0x1e, 0x00, 0x00, 0x00, 0x00, 0x10, 0x00, 0x7f, 0x3e, 0x00, 0x00, 0x00, 
0x00, 0x00, 0x00, 0x7f, 0xfe, 0x00, 0x04, 0x00, 0x00, 0x08, 0x00, 0x7f, 0xfe, 0x00, 0x00, 0x00, 
0x00, 0x00, 0x00, 0x7f, 0xf8, 0x01, 0x80, 0x00, 0x00, 0x04, 0x08, 0x01, 0xff, 0xe0, 0x60, 0x00, 
0x00, 0x02, 0x03, 0xdf, 0xff, 0xc4, 0x18, 0x00, 0x00, 0x02, 0x01, 0xff, 0xff, 0x9f, 0x02, 0x00, 
0x00, 0x04, 0x00, 0x3f, 0xff, 0xfe, 0x00, 0x00, 0x00, 0x04, 0x01, 0xfd, 0xe7, 0xf8, 0x00, 0x00};
const unsigned char epd_bitmap_surprised[] PROGMEM = {0x00, 0x00, 0x01, 0x80, 0x00, 0x00, 0x3f, 0x00, 0x00, 
0x00, 0x00, 0x07, 0x00, 0x00, 0x00, 0x1f, 0x80, 0x00, 
0x00, 0x00, 0x0e, 0x00, 0x00, 0x00, 0x0f, 0xc0, 0x00, 
0x00, 0x00, 0x1c, 0x00, 0x00, 0x00, 0x07, 0xe0, 0x00, 
0x00, 0x00, 0x3c, 0x00, 0x00, 0x00, 0x03, 0xf0, 0x00, 
0x00, 0x00, 0x38, 0x00, 0x00, 0x01, 0x81, 0xf8, 0x00, 
0x00, 0x00, 0x78, 0x00, 0x00, 0x03, 0x81, 0xf8, 0x00, 
0x00, 0x00, 0x70, 0x00, 0x00, 0x01, 0x80, 0xfc, 0x00, 
0x00, 0x00, 0xe0, 0x00, 0x00, 0x00, 0x80, 0xfc, 0x00, 
0x00, 0x00, 0xe0, 0x00, 0x00, 0x00, 0x80, 0x7e, 0x00, 
0x00, 0x00, 0xc0, 0x00, 0x00, 0x00, 0xc0, 0x7e, 0x00, 
0x00, 0x01, 0xc0, 0x00, 0x00, 0x00, 0xc0, 0x7e, 0x00, 
0x00, 0x01, 0x80, 0x00, 0x00, 0x00, 0x40, 0x73, 0x00, 
0x00, 0x01, 0x80, 0x00, 0x00, 0x00, 0x40, 0x61, 0x00, 
0x00, 0x03, 0x00, 0x00, 0x00, 0x00, 0x40, 0x41, 0x00, 
0x00, 0x03, 0x00, 0x00, 0x00, 0x00, 0x40, 0x01, 0x00, 
0x00, 0x02, 0x00, 0x06, 0x00, 0x00, 0x40, 0x01, 0x80, 
0x00, 0x06, 0x00, 0x06, 0x00, 0x00, 0x00, 0x00, 0x80, 
0x00, 0x04, 0x00, 0x0f, 0x00, 0x00, 0x00, 0x00, 0x80, 
0x00, 0x04, 0x00, 0x0f, 0x00, 0x00, 0x00, 0x00, 0x80, 
0x00, 0x0c, 0x00, 0x1f, 0x80, 0x00, 0x00, 0x00, 0x40, 
0x00, 0x08, 0x00, 0x1f, 0x80, 0x00, 0x00, 0x00, 0x40, 
0x00, 0x08, 0x00, 0x00, 0x00, 0x00, 0x00, 0x00, 0x40, 
0x00, 0x10, 0x00, 0x03, 0xc0, 0x08, 0x00, 0x00, 0x40, 
0x00, 0x10, 0x00, 0x3f, 0xe0, 0x0c, 0x00, 0x00, 0x20, 
0x00, 0x20, 0x00, 0x7f, 0xf0, 0x0e, 0x00, 0x00, 0x20, 
0x00, 0x20, 0x00, 0xff, 0xf0, 0x86, 0x00, 0x00, 0x20, 
0x00, 0x00, 0x00, 0xe0, 0xf8, 0x40, 0x00, 0x00, 0x00, 
0x00, 0x00, 0x00, 0x00, 0x3c, 0x60, 0x00, 0x00, 0x10, 
0x00, 0x00, 0x00, 0x00, 0x3e, 0x30, 0x00, 0x00, 0x10, 
0x00, 0x00, 0x00, 0x00, 0x3f, 0x30, 0x00, 0x00, 0x00, 
0x00, 0x00, 0x00, 0x26, 0x3f, 0xb8, 0x88, 0x00, 0x00, 
0x00, 0x00, 0x00, 0x66, 0x7f, 0xd8, 0xc8, 0x00, 0x00, 
0x00, 0x00, 0x01, 0x20, 0x7f, 0xf8, 0x0b, 0x00, 0x00, 
0x00, 0x00, 0x01, 0xe0, 0x7f, 0xfc, 0x16, 0x00, 0x00, 
0x00, 0x00, 0x01, 0xe0, 0xff, 0xfe, 0x1e, 0x00, 0x00, 
0x00, 0x00, 0x00, 0xff, 0xff, 0xff, 0xfe, 0x00, 0x00, 
0x00, 0x00, 0x00, 0xff, 0xff, 0xff, 0xfc, 0x00, 0x00, 
0x00, 0x00, 0x00, 0xff, 0xff, 0xff, 0xfc, 0x00, 0x00, 
0x00, 0x00, 0x00, 0x7f, 0xff, 0xff, 0xfc, 0x00, 0x00, 
0x04, 0x00, 0x00, 0x7f, 0xff, 0xff, 0xf8, 0x00, 0x00, 
0x00, 0x00, 0x00, 0x7f, 0xff, 0xff, 0xf8, 0x00, 0x00, 
0x00, 0x00, 0x00, 0x3f, 0xff, 0xff, 0xf8, 0x00, 0x00, 
0x00, 0x00, 0x00, 0x3f, 0xfc, 0x7f, 0xf0, 0x00, 0x00, 
0x00, 0x00, 0x00, 0x1f, 0xf8, 0x3f, 0xf0, 0x00, 0x00, 
0x00, 0x00, 0x00, 0x0f, 0xf0, 0x3f, 0xe0, 0x00, 0x00, 
0x00, 0x00, 0x00, 0x07, 0xf3, 0x3f, 0xc0, 0x00, 0x00, 
0x08, 0x00, 0x00, 0x03, 0xff, 0xff, 0x80, 0x00, 0x00, 
0x08, 0x00, 0x00, 0x01, 0xff, 0xff, 0x00, 0x00, 0x00, 
0x00, 0x00, 0x00, 0x00, 0xff, 0xfc, 0x00, 0x00, 0x00, 
0x00, 0x00, 0x00, 0x00, 0x3f, 0xf8, 0x00, 0x00, 0x00, 
0x00, 0x10, 0x00, 0x00, 0x1f, 0xe0, 0x00, 0x00, 0x00, 
0x00, 0x00, 0x00, 0x00, 0x07, 0xc0, 0x00, 0x00, 0x00, 
0x00, 0x00, 0x00, 0x01, 0x80, 0x04, 0x00, 0x00, 0x00, 
0x00, 0x00, 0x00, 0x01, 0xc0, 0x0c, 0x00, 0x00, 0x00, 
0x00, 0x00, 0x00, 0x01, 0xf0, 0x1e, 0x00, 0x00, 0x00, 
0x00, 0x00, 0x00, 0x01, 0xf8, 0x7e, 0x00, 0x00, 0x00, 
0x00, 0x00, 0x00, 0x03, 0xff, 0xfe, 0x00, 0x00, 0x00, 
0x00, 0x00, 0x00, 0x03, 0xff, 0xfe, 0x00, 0x00, 0x00, 
0x00, 0x00, 0x00, 0x01, 0xff, 0xf8, 0x00, 0x60, 0x00, 
0x00, 0x00, 0x00, 0x00, 0x0f, 0xff, 0xe0, 0x0c, 0x00, 
0x00, 0x00, 0x00, 0x10, 0x1f, 0xff, 0xe0, 0x00, 0x00, 
0x00, 0x00, 0x00, 0x1f, 0xff, 0xff, 0xc7, 0x01, 0x80, 
0x00, 0x00, 0x80, 0x0f, 0xff, 0xff, 0x9f, 0xc0, 0xe0};
const unsigned char epd_bitmap_angry[] PROGMEM = {0x00, 0x00, 0x0c, 0x00, 0x00, 0x3f, 0x00, 0x00, 0x40, 0x00, 0x00, 0x18, 0x00, 0x00, 0x0f, 0x80, 
0x40, 0x00, 0x00, 0x00, 0x70, 0x00, 0x00, 0x07, 0xe0, 0x00, 0x00, 0x00, 0x00, 0xe0, 0x00, 0x00, 
0x03, 0xf0, 0x00, 0x40, 0x00, 0x00, 0xe0, 0x00, 0x00, 0x01, 0xf0, 0x00, 0x00, 0x00, 0x01, 0xc0, 
0x00, 0x00, 0x41, 0xf8, 0x00, 0x00, 0x00, 0x03, 0x80, 0x00, 0x01, 0xe0, 0xfc, 0x00, 0x40, 0x00, 
0x03, 0x80, 0x00, 0x00, 0x60, 0x7c, 0x00, 0x80, 0x00, 0x03, 0x00, 0x00, 0x00, 0x20, 0x7e, 0x00, 
0x00, 0x00, 0x07, 0x00, 0x00, 0x00, 0x20, 0x7e, 0x00, 0x00, 0x00, 0x06, 0x00, 0x00, 0x00, 0x20, 
0x7e, 0x00, 0x00, 0x00, 0x06, 0x00, 0x00, 0x00, 0x20, 0x7a, 0x00, 0x00, 0x00, 0x0c, 0x00, 0x00, 
0x00, 0x30, 0x31, 0x00, 0x00, 0x00, 0x0c, 0x00, 0x00, 0x00, 0x30, 0x21, 0x00, 0x00, 0x00, 0x0c, 
0x00, 0x00, 0x00, 0x30, 0x41, 0x00, 0x00, 0x00, 0x18, 0x00, 0x60, 0x00, 0x10, 0x01, 0x80, 0x00, 
0x00, 0x18, 0x00, 0x60, 0x00, 0x00, 0x01, 0x80, 0x00, 0x00, 0x10, 0x00, 0xe0, 0x00, 0x00, 0x00, 
0x80, 0x00, 0x00, 0x10, 0x00, 0xf0, 0x00, 0x00, 0x00, 0x80, 0x00, 0x00, 0x20, 0x01, 0xf0, 0x00, 
0x00, 0x00, 0x80, 0x00, 0x00, 0x20, 0x01, 0xf8, 0x00, 0x00, 0x00, 0x40, 0x00, 0x00, 0x40, 0x01, 
0xf8, 0x02, 0x00, 0x00, 0x40, 0x00, 0x00, 0x40, 0x03, 0xfc, 0x03, 0x00, 0x00, 0x40, 0x00, 0x00, 
0x00, 0x03, 0xfe, 0x21, 0x80, 0x00, 0x40, 0x00, 0x00, 0x80, 0x06, 0xfe, 0x01, 0xc0, 0x00, 0x20, 
0x00, 0x01, 0x00, 0x0f, 0x3f, 0x11, 0xc0, 0x00, 0x20, 0x00, 0x00, 0x00, 0x0f, 0xc7, 0x88, 0x10, 
0x00, 0x20, 0x00, 0x02, 0x00, 0x18, 0xe0, 0xc8, 0x78, 0x00, 0x10, 0x00, 0x00, 0x00, 0x00, 0x03, 
0xe4, 0x00, 0x00, 0x10, 0x00, 0x04, 0x00, 0x12, 0x03, 0xf6, 0x00, 0x00, 0x00, 0x00, 0x08, 0x00, 
0x1a, 0x0b, 0xfa, 0x04, 0x80, 0x08, 0x00, 0x00, 0x00, 0x1d, 0x1f, 0xff, 0x89, 0x00, 0x00, 0x00, 
0x00, 0x00, 0x1e, 0x1f, 0xff, 0x87, 0x00, 0x04, 0x00, 0x00, 0x00, 0x1f, 0xff, 0xff, 0xff, 0x00, 
0x00, 0x00, 0x00, 0x00, 0x0f, 0xff, 0xff, 0xff, 0x00, 0x00, 0x00, 0x00, 0x00, 0x0f, 0xff, 0xef, 
0xff, 0x00, 0x00, 0x00, 0x00, 0x00, 0x2f, 0xff, 0xef, 0xfe, 0x00, 0x00, 0x00, 0x00, 0x00, 0x0f, 
0xff, 0xff, 0xfe, 0x00, 0x00, 0x00, 0x00, 0x00, 0x0f, 0xff, 0xff, 0xfe, 0x00, 0x00, 0x00, 0x00, 
0x00, 0x07, 0xff, 0xf7, 0xfe, 0x00, 0x00, 0x00, 0x00, 0x00, 0x07, 0xff, 0xc7, 0xfe, 0x00, 0x00, 
0x00, 0x00, 0x00, 0x07, 0xff, 0x77, 0xfc, 0x00, 0x00, 0x00, 0x00, 0x00, 0x03, 0xff, 0xff, 0xf8, 
0x00, 0x00, 0x00, 0x00, 0x00, 0x01, 0xff, 0xff, 0xf0, 0x00, 0x00, 0x00, 0x00, 0x00, 0x00, 0x7f, 
0xff, 0xe0, 0x00, 0x00, 0x00, 0x00, 0x00, 0x00, 0x1f, 0xff, 0x80, 0x00, 0x00, 0x00, 0x00, 0x00, 
0x00, 0x07, 0xfe, 0x00, 0x00, 0x01, 0x00, 0x00, 0x00, 0x00, 0x21, 0xf8, 0x00, 0x00, 0x00, 0x00, 
0x00, 0x00, 0x00, 0x38, 0x01, 0x00, 0x00, 0x00, 0x00, 0x00, 0x00, 0x00, 0x3c, 0x03, 0x00, 0x00, 
0x00, 0x00, 0x00, 0x00, 0x00, 0x3f, 0x0f, 0x00, 0x00, 0x00, 0x00, 0x00, 0x00, 0x00, 0x3f, 0xbf, 
0x00, 0x00, 0x00, 0x00, 0x00, 0x00, 0x00, 0x7f, 0xff, 0x80, 0x00, 0x00, 0x00, 0x00, 0x00, 0x00, 
0x7f, 0xff, 0x00, 0x40, 0x00, 0x00, 0x00, 0x00, 0x00, 0x07, 0xfc, 0x00, 0x38, 0x00, 0x00, 0x00, 
0x04, 0x00, 0x01, 0xff, 0xf0, 0x06, 0x00, 0x00, 0x00, 0x00, 0x03, 0xff, 0xff, 0xe3, 0x81, 0x80, 
0x00, 0x00, 0x04, 0x00, 0x7f, 0xff, 0xcf, 0xc0, 0x00, 0x00, 0x00, 0x0c, 0x00, 0x1f, 0xff, 0xff, 
0x80, 0x00, 0x00, 0x00, 0x04, 0x00, 0xfe, 0x63, 0xfe, 0x00, 0x40, 0x00, 0x00, 0x60, 0x00, 0x7f, 
0x0f, 0xf8, 0x00, 0x10, 0x00, 0x00, 0x00, 0x00, 0x3f, 0xff, 0xf0, 0x00, 0x04, 0x00, 0x00, 0x00, 
0x00, 0x1f, 0xff, 0xc0, 0x00, 0x01, 0x00, 0x00, 0x00, 0x00, 0x0f, 0xff, 0xc0, 0x00, 0x00, 0x80};
// TODO: fill with your 88x64 angry_v2 bitmap hex data (704 bytes)
const unsigned char epd_bitmap_angry_v2[] PROGMEM = {0x00, 0x00, 0x00, 0x07, 0x00, 0x00, 0x03, 0xf8, 0x00, 0x19, 0xc0, 0x00, 0x00, 0x00, 0x1c, 0x00, 
	0x00, 0x01, 0xfc, 0x00, 0x7f, 0xe0, 0x01, 0xce, 0x00, 0x78, 0x00, 0x00, 0x00, 0xff, 0x00, 0x7f, 
	0xe0, 0x03, 0xff, 0x00, 0xf0, 0x00, 0x00, 0x00, 0x3f, 0x80, 0x7f, 0xe0, 0x03, 0xff, 0x01, 0xe0, 
	0x00, 0x00, 0x00, 0x1f, 0xc0, 0x7f, 0xe0, 0x03, 0xff, 0x01, 0xe0, 0x00, 0x00, 0x00, 0x1f, 0xe0, 
	0x3f, 0xe0, 0x03, 0xff, 0x03, 0xc0, 0x00, 0x00, 0x02, 0x0f, 0xf0, 0x1f, 0xe0, 0x03, 0xfc, 0x07, 
	0x80, 0x00, 0x00, 0x06, 0x07, 0xf0, 0x3f, 0xe0, 0x03, 0xfc, 0x07, 0x80, 0x00, 0x00, 0x1e, 0x03, 
	0xf8, 0x27, 0xe0, 0x03, 0xfe, 0x0f, 0x00, 0x00, 0x00, 0x1f, 0x03, 0xf8, 0x09, 0xe0, 0x03, 0xfa, 
	0x0f, 0x00, 0x00, 0x00, 0x03, 0x01, 0xfc, 0x10, 0x00, 0x03, 0xed, 0x0e, 0x00, 0x00, 0x00, 0x03, 
	0x01, 0xfc, 0x00, 0x00, 0x00, 0x80, 0x1e, 0x00, 0x00, 0x00, 0x03, 0x01, 0xfe, 0x00, 0x00, 0x00, 
	0x00, 0x1c, 0x00, 0x00, 0x00, 0x03, 0x00, 0xfe, 0x00, 0x00, 0x00, 0x00, 0x1c, 0x00, 0x00, 0x00, 
	0x01, 0x00, 0xf6, 0x00, 0x00, 0x00, 0x00, 0x38, 0x00, 0x00, 0x00, 0x01, 0x80, 0xe6, 0x00, 0x00, 
	0x00, 0x00, 0x38, 0x00, 0x00, 0x00, 0x01, 0x80, 0xc3, 0x00, 0x00, 0x00, 0x00, 0x30, 0x00, 0x00, 
	0x00, 0x01, 0x80, 0x83, 0x00, 0x00, 0x00, 0x00, 0x30, 0x00, 0x20, 0x00, 0x01, 0x80, 0x83, 0x00, 
	0x00, 0x00, 0x00, 0x70, 0x00, 0x30, 0x00, 0x01, 0x80, 0x01, 0x00, 0x00, 0x00, 0x00, 0x60, 0x00, 
	0x70, 0x00, 0x00, 0x80, 0x01, 0x80, 0x00, 0x00, 0x00, 0x60, 0x00, 0x70, 0x00, 0x00, 0x00, 0x01, 
	0x80, 0x00, 0x00, 0x00, 0xc0, 0x00, 0x78, 0x00, 0x00, 0x00, 0x01, 0x80, 0x00, 0x00, 0x00, 0xc0, 
	0x00, 0xf8, 0x00, 0x00, 0x00, 0x00, 0x80, 0x00, 0x00, 0x00, 0xc0, 0x00, 0xfc, 0x00, 0x00, 0x00, 
	0x00, 0xc0, 0x00, 0x00, 0x01, 0x80, 0x01, 0xfc, 0x00, 0x00, 0x00, 0x00, 0xc0, 0x00, 0x00, 0x01, 
	0x80, 0x01, 0xfe, 0x00, 0x40, 0x00, 0x00, 0xc0, 0x00, 0x00, 0x01, 0x00, 0x03, 0xfe, 0x00, 0x60, 
	0x00, 0x00, 0x40, 0x00, 0x00, 0x02, 0x00, 0x03, 0xff, 0x08, 0x70, 0x00, 0x00, 0x60, 0x00, 0x00, 
	0x02, 0x00, 0x07, 0xff, 0x0c, 0x38, 0x00, 0x00, 0x60, 0x00, 0x00, 0x06, 0x00, 0x01, 0xff, 0x84, 
	0x3c, 0x00, 0x00, 0x20, 0x00, 0x00, 0x04, 0x00, 0x0f, 0x3f, 0xc6, 0x3e, 0x00, 0x00, 0x30, 0x00, 
	0x00, 0x08, 0x00, 0x0f, 0x8f, 0xe3, 0x1c, 0x00, 0x00, 0x30, 0x00, 0x00, 0x08, 0x00, 0x1f, 0xe3, 
	0xe3, 0x91, 0x80, 0x00, 0x10, 0x00, 0x00, 0x10, 0x00, 0x18, 0x20, 0xf1, 0xc3, 0x00, 0x00, 0x18, 
	0x00, 0x00, 0x20, 0x00, 0x00, 0x00, 0x39, 0x00, 0x00, 0x00, 0x08, 0x00, 0x00, 0x20, 0x00, 0x23, 
	0x00, 0xfc, 0xc0, 0x30, 0x00, 0x08, 0x00, 0x00, 0x40, 0x00, 0x1b, 0x02, 0xfe, 0xd0, 0x06, 0x00, 
	0x04, 0x00, 0x00, 0x80, 0x00, 0x1f, 0xff, 0xff, 0xff, 0xfc, 0x00, 0x04, 0x00, 0x01, 0x00, 0x00, 
	0x1f, 0xff, 0xff, 0xff, 0xfc, 0x00, 0x02, 0x00, 0x00, 0x00, 0x00, 0x1d, 0xff, 0xff, 0xff, 0xfc, 
	0x00, 0x02, 0x00, 0x00, 0x00, 0x00, 0x1f, 0xff, 0xff, 0xff, 0xfc, 0x00, 0x01, 0x00, 0x00, 0x00, 
	0x00, 0x0f, 0xff, 0xff, 0xff, 0xf8, 0x00, 0x01, 0x00, 0x00, 0x00, 0x00, 0x0f, 0xff, 0xff, 0xff, 
	0xf8, 0x00, 0x00, 0x80, 0x00, 0x02, 0x00, 0x0f, 0xff, 0xfb, 0xff, 0xf8, 0x00, 0x00, 0x80, 0x0f, 
	0xc0, 0x00, 0x07, 0xff, 0xfb, 0xff, 0xf0, 0x00, 0x00, 0x40, 0x00, 0x00, 0x00, 0x07, 0xff, 0xff, 
	0xff, 0xf0, 0x00, 0x00, 0x40, 0x00, 0x80, 0x00, 0x03, 0xff, 0xff, 0xff, 0xe0, 0x00, 0x00, 0x00, 
	0x00, 0x00, 0x00, 0x03, 0xff, 0xff, 0xff, 0xe0, 0x00, 0x00, 0x00, 0x00, 0x00, 0x00, 0x01, 0xff, 
	0xff, 0xff, 0xc0, 0x00, 0x00, 0x00, 0x01, 0x00, 0x00, 0x00, 0xff, 0xc0, 0xff, 0xc0, 0x00, 0x00, 
	0x20, 0x01, 0x00, 0x00, 0x00, 0xff, 0xbf, 0x7f, 0x80, 0x00, 0x00, 0x00, 0x01, 0x02, 0x00, 0x00, 
	0x7f, 0xff, 0xff, 0x00, 0x00, 0x00, 0x00, 0x01, 0x02, 0x00, 0x00, 0x1f, 0xff, 0xfc, 0x00, 0x00, 
	0x00, 0x00, 0x00, 0x02, 0x00, 0x00, 0x0f, 0xff, 0xf8, 0x00, 0x00, 0x00, 0x00, 0x00, 0x82, 0x00, 
	0x00, 0x03, 0xff, 0xf0, 0x00, 0x00, 0x00, 0x40, 0x00, 0x80, 0x00, 0x00, 0x01, 0xff, 0xc0, 0x00, 
	0x00, 0x08, 0x80, 0x00, 0x01, 0x00, 0x00, 0x00, 0x7f, 0x80, 0x00, 0x00, 0x00, 0x80, 0x00, 0x41, 
	0x00, 0x00, 0x08, 0x1e, 0x08, 0x00, 0x00, 0x10, 0x00, 0x00, 0x21, 0x00, 0x00, 0x0e, 0x00, 0x18, 
	0x00, 0x00, 0x00, 0x00, 0x00, 0x10, 0x80, 0x00, 0x0f, 0x00, 0x78, 0x00, 0x00, 0x00, 0x00, 0x00, 
	0x00, 0x80, 0x00, 0x0f, 0xc0, 0xf8, 0x00, 0x00, 0x00, 0x00, 0x00, 0x00, 0x40, 0x00, 0x1f, 0xf3, 
	0xf8, 0x00, 0x00, 0x00, 0x00, 0x00, 0x00, 0x40, 0x00, 0x1f, 0xff, 0xf8, 0x00, 0x01, 0x80, 0x00};
// TODO: fill with your 78x64 angry_v3 bitmap hex data (624 bytes)
const unsigned char epd_bitmap_angry_v3[] PROGMEM = {0x00, 0x00, 0x07, 0x00, 0x00, 0x00, 0x07, 0xf0, 0x00, 0x00, 0x00, 0x00, 0x0e, 0x00, 0x00, 0x00, 
	0x03, 0xf8, 0x00, 0xf4, 0x00, 0x00, 0x1c, 0x00, 0x00, 0x00, 0x01, 0xfc, 0x01, 0x88, 0x00, 0x00, 
	0x38, 0x00, 0x00, 0x00, 0x00, 0xfe, 0x01, 0x00, 0x00, 0x00, 0x70, 0x00, 0x00, 0x00, 0x00, 0x7f, 
	0x01, 0x00, 0x00, 0x00, 0xf0, 0x00, 0x00, 0x00, 0x20, 0x3f, 0x81, 0x00, 0x00, 0x00, 0xe0, 0x00, 
	0x00, 0x00, 0x70, 0x3f, 0x80, 0x80, 0x00, 0x01, 0xc0, 0x00, 0x00, 0x00, 0xf0, 0x1f, 0xc0, 0x00, 
	0x00, 0x01, 0xc0, 0x00, 0x00, 0x00, 0x30, 0x1f, 0xc0, 0x00, 0x00, 0x01, 0x80, 0x00, 0x00, 0x00, 
	0x10, 0x0f, 0xc0, 0x00, 0x00, 0x03, 0x80, 0x00, 0x00, 0x00, 0x10, 0x0f, 0x60, 0x00, 0x00, 0x03, 
	0x80, 0x00, 0x00, 0x00, 0x18, 0x0e, 0x60, 0x04, 0x00, 0x03, 0x00, 0x00, 0x00, 0x00, 0x08, 0x0c, 
	0x20, 0x00, 0x00, 0x07, 0x00, 0x00, 0x00, 0x00, 0x08, 0x0c, 0x30, 0x00, 0x00, 0x06, 0x00, 0x01, 
	0x00, 0x00, 0x08, 0x08, 0x30, 0x00, 0x00, 0x06, 0x00, 0x01, 0x00, 0x00, 0x0c, 0x00, 0x10, 0x00, 
	0x00, 0x06, 0x00, 0x01, 0x80, 0x00, 0x0c, 0x00, 0x18, 0x00, 0x00, 0x0c, 0x00, 0x03, 0x80, 0x00, 
	0x04, 0x00, 0x18, 0x00, 0x00, 0x0c, 0x00, 0x03, 0xc0, 0x00, 0x00, 0x00, 0x08, 0x00, 0x00, 0x08, 
	0x00, 0x07, 0xc0, 0x00, 0x00, 0x00, 0x08, 0x00, 0x00, 0x18, 0x00, 0x07, 0xe0, 0x00, 0x00, 0x00, 
	0x08, 0x00, 0x00, 0x18, 0x00, 0x0f, 0xe0, 0x02, 0x00, 0x00, 0x0c, 0x00, 0x00, 0x10, 0x00, 0x0f, 
	0xf0, 0x01, 0x00, 0x00, 0x04, 0x00, 0x00, 0x10, 0x00, 0x1f, 0xf0, 0x01, 0x80, 0x00, 0x04, 0x00, 
	0x00, 0x20, 0x00, 0x1f, 0xf8, 0x21, 0xc0, 0x00, 0x06, 0x00, 0x00, 0x20, 0x00, 0x3f, 0xfc, 0x20, 
	0xf0, 0x00, 0x02, 0x00, 0x00, 0x40, 0x00, 0x3f, 0xfe, 0x10, 0xf8, 0x00, 0x02, 0x00, 0x00, 0x40, 
	0x00, 0x7f, 0xff, 0x18, 0x7c, 0x00, 0x03, 0x00, 0x00, 0x00, 0x00, 0xff, 0xff, 0x8c, 0x78, 0x00, 
	0x01, 0x00, 0x00, 0x80, 0x01, 0x03, 0xff, 0x87, 0x61, 0x80, 0x01, 0x00, 0x01, 0x00, 0x03, 0xf0, 
	0x1f, 0xc7, 0x03, 0xc0, 0x00, 0x80, 0x01, 0x00, 0x03, 0xfe, 0x00, 0x62, 0x0f, 0x00, 0x00, 0x80, 
	0x02, 0x00, 0x03, 0xdf, 0xc0, 0x3a, 0x20, 0x00, 0x00, 0x40, 0x00, 0x00, 0x31, 0x00, 0x0f, 0xfd, 
	0x81, 0xc0, 0x00, 0x40, 0x04, 0x00, 0x51, 0x00, 0x03, 0xff, 0x83, 0x90, 0x00, 0x20, 0x08, 0x00, 
	0x49, 0xcc, 0x1f, 0xff, 0xe4, 0x30, 0x00, 0x20, 0x00, 0x00, 0x41, 0xe6, 0x3f, 0xff, 0xff, 0xe0, 
	0x00, 0x00, 0x00, 0x00, 0x70, 0xf8, 0x1f, 0xff, 0xff, 0xe0, 0x00, 0x10, 0x00, 0x00, 0x78, 0xff, 
	0xff, 0xff, 0xff, 0xe0, 0x00, 0x00, 0x00, 0x00, 0x30, 0xfb, 0xff, 0xff, 0xff, 0xe0, 0x00, 0x08, 
	0x00, 0x00, 0x3a, 0xfb, 0xff, 0xfd, 0xff, 0xe0, 0x00, 0x00, 0x00, 0x00, 0x1e, 0x7f, 0xff, 0xfe, 
	0xff, 0xe0, 0x00, 0x00, 0x8c, 0x00, 0x0f, 0x7f, 0xff, 0xfe, 0xff, 0xc0, 0x00, 0x00, 0x00, 0x00, 
	0x07, 0x3f, 0xff, 0xff, 0xff, 0xc0, 0x00, 0x00, 0x00, 0x00, 0x03, 0x3f, 0xff, 0xff, 0xff, 0xc0, 
	0x00, 0x00, 0x00, 0x00, 0x00, 0x3f, 0xff, 0xff, 0xff, 0x80, 0x00, 0x00, 0x00, 0x00, 0x00, 0x1f, 
	0xff, 0xff, 0xff, 0x80, 0x00, 0x00, 0x00, 0x20, 0x00, 0x0f, 0xff, 0xf8, 0x7f, 0x00, 0x00, 0x00, 
	0x00, 0x20, 0x00, 0x0f, 0xff, 0xe3, 0xff, 0x00, 0x00, 0x00, 0x00, 0x20, 0x00, 0x07, 0xff, 0xcf, 
	0xfe, 0x00, 0x00, 0x00, 0x00, 0x20, 0x00, 0x03, 0xff, 0xff, 0xfc, 0x00, 0x00, 0x00, 0x00, 0x00, 
	0x00, 0x00, 0xff, 0xff, 0xf8, 0x00, 0x00, 0x04, 0x00, 0x10, 0x00, 0x00, 0x7f, 0xff, 0xf0, 0x00, 
	0x00, 0x04, 0x00, 0x10, 0x00, 0x00, 0x1f, 0xff, 0xe0, 0x00, 0x00, 0x00, 0x00, 0x10, 0x00, 0x00, 
	0x07, 0xff, 0xc0, 0x00, 0x00, 0x00, 0x04, 0x08, 0x00, 0x00, 0x80, 0xff, 0x00, 0x00, 0x00, 0x00, 
	0x00, 0x08, 0x00, 0x00, 0xe0, 0x1e, 0x00, 0x00, 0x00, 0x00, 0x01, 0x04, 0x00, 0x00, 0xf0, 0x00, 
	0x00, 0x00, 0x00, 0x00, 0x00, 0x04, 0x00, 0x00, 0xfc, 0x00, 0x00, 0x00, 0x00, 0x00, 0x00, 0x02, 
	0x00, 0x00, 0xff, 0x00, 0x80, 0x00, 0x08, 0x00, 0x00, 0x01, 0x00, 0x00, 0xff, 0xc1, 0x80, 0x00, 
	0x00, 0x00, 0x00, 0x00, 0x80, 0x00, 0xff, 0xf3, 0x80, 0x08, 0x00, 0x00, 0x00, 0x00, 0x40, 0x01, 
	0xff, 0xff, 0x80, 0x0e, 0x00, 0x00, 0x00, 0x00, 0x20, 0x01, 0xff, 0xff, 0xc0, 0x01, 0x80, 0x00};
// TODO: fill with your 82x64 angry_v4 bitmap hex data (656 bytes)
const unsigned char epd_bitmap_angry_v4[] PROGMEM = {0x00, 0x00, 0x00, 0x00, 0x00, 0x00, 0x00, 0x00, 0x00, 0x00, 0x00, 0x00, 0x00, 0x00, 0x00, 0x00, 
	0x00, 0x00, 0x00, 0x00, 0x00, 0x00, 0x00, 0x00, 0x00, 0x00, 0x00, 0x00, 0x00, 0x00, 0x00, 0x00, 
	0x00, 0x00, 0x1c, 0x00, 0x00, 0x00, 0x00, 0x20, 0x38, 0xc0, 0x00, 0x00, 0x00, 0x18, 0x00, 0x00, 
	0x00, 0x00, 0x20, 0x38, 0x40, 0x10, 0x00, 0x00, 0x18, 0x00, 0x08, 0x00, 0x00, 0x30, 0x30, 0x60, 
	0x10, 0x00, 0x00, 0x38, 0x00, 0x18, 0x00, 0x00, 0x30, 0x20, 0x60, 0x4c, 0x00, 0x00, 0x30, 0x00, 
	0x1c, 0x00, 0x00, 0x30, 0x00, 0x20, 0x40, 0x00, 0x00, 0x30, 0x00, 0x1c, 0x00, 0x00, 0x10, 0x00, 
	0x20, 0x82, 0x00, 0x00, 0x20, 0x00, 0x3c, 0x00, 0x00, 0x00, 0x00, 0x30, 0x04, 0x00, 0x00, 0x60, 
	0x00, 0x3e, 0x00, 0x00, 0x00, 0x00, 0x30, 0x24, 0x00, 0x00, 0x60, 0x00, 0x7e, 0x00, 0x00, 0x00, 
	0x00, 0x10, 0x10, 0x00, 0x00, 0x40, 0x00, 0x7f, 0x00, 0x10, 0x00, 0x00, 0x10, 0x00, 0x00, 0x00, 
	0xc0, 0x00, 0xff, 0x00, 0x18, 0x00, 0x00, 0x18, 0x00, 0x00, 0x00, 0x80, 0x00, 0xff, 0x80, 0x0c, 
	0x00, 0x00, 0x08, 0x00, 0x00, 0x00, 0x80, 0x00, 0xff, 0xc0, 0x0e, 0x00, 0x00, 0x08, 0x00, 0x00, 
	0x01, 0x80, 0x01, 0xff, 0xc1, 0x0f, 0x00, 0x00, 0x08, 0x00, 0x00, 0x01, 0x00, 0x01, 0xff, 0xe1, 
	0x07, 0x80, 0x00, 0x0c, 0x00, 0x00, 0x01, 0x00, 0x03, 0xff, 0xf0, 0x87, 0x80, 0x00, 0x04, 0x00, 
	0x00, 0x02, 0x00, 0x03, 0xff, 0xf0, 0xc7, 0x00, 0x00, 0x04, 0x00, 0x00, 0x06, 0x00, 0x03, 0xff, 
	0xf8, 0xe0, 0x38, 0x00, 0x02, 0x00, 0x00, 0x04, 0x00, 0x00, 0x0f, 0xfc, 0x70, 0xfc, 0x00, 0x02, 
	0x00, 0x00, 0x08, 0x00, 0x07, 0xc1, 0xfe, 0x41, 0xff, 0x00, 0x03, 0x00, 0x00, 0x00, 0x00, 0x0f, 
	0xf0, 0x1f, 0x06, 0x80, 0x00, 0x01, 0x00, 0x00, 0x10, 0x00, 0x00, 0x00, 0x07, 0xbc, 0x00, 0x20, 
	0x01, 0x00, 0x00, 0x20, 0x00, 0x00, 0x00, 0x3f, 0xfc, 0x06, 0x40, 0x00, 0x80, 0x00, 0x00, 0x00, 
	0x09, 0x90, 0x7f, 0xf8, 0x86, 0x40, 0x00, 0x80, 0x00, 0x40, 0x00, 0x08, 0x80, 0x3f, 0xf8, 0x06, 
	0x40, 0x00, 0x40, 0x00, 0x00, 0x00, 0x0c, 0xc0, 0xbf, 0xfe, 0x04, 0xc0, 0x00, 0x00, 0x00, 0x00, 
	0x00, 0x0e, 0x61, 0xff, 0xff, 0x08, 0xc0, 0x00, 0x20, 0x00, 0x00, 0x00, 0x07, 0x03, 0xff, 0xff, 
	0x83, 0xc0, 0x00, 0x00, 0x00, 0x00, 0x00, 0x07, 0xff, 0xff, 0xff, 0xff, 0xc0, 0x00, 0x00, 0x00, 
	0x00, 0x00, 0x07, 0xff, 0xff, 0xff, 0xff, 0x80, 0x00, 0x00, 0x00, 0x00, 0x00, 0x02, 0x7f, 0xff, 
	0xff, 0xff, 0x80, 0x00, 0x00, 0x00, 0x40, 0x00, 0x03, 0xff, 0xff, 0xff, 0xff, 0x80, 0x00, 0x00, 
	0x00, 0x40, 0x00, 0x03, 0xff, 0xff, 0xff, 0xff, 0x80, 0x00, 0x00, 0x00, 0x00, 0x00, 0x01, 0xff, 
	0xff, 0xff, 0xff, 0x00, 0x00, 0x00, 0x00, 0x00, 0x00, 0x01, 0xff, 0xff, 0xff, 0xff, 0x00, 0x00, 
	0x00, 0x00, 0x00, 0x00, 0x01, 0xff, 0xff, 0xfb, 0xff, 0x00, 0x00, 0x00, 0x00, 0x00, 0x00, 0x00, 
	0xff, 0xff, 0xf7, 0xfe, 0x00, 0x00, 0x00, 0x00, 0x00, 0x00, 0x00, 0x7f, 0xff, 0x07, 0xfc, 0x00, 
	0x00, 0x00, 0x00, 0x00, 0x00, 0x00, 0x3f, 0xfe, 0x7b, 0xf8, 0x00, 0x00, 0x00, 0x00, 0x80, 0x00, 
	0x00, 0x1f, 0xfd, 0xff, 0xf0, 0x00, 0x00, 0x00, 0x00, 0x01, 0x00, 0x00, 0x0f, 0xff, 0xff, 0xe0, 
	0x00, 0x00, 0x00, 0x00, 0x01, 0x00, 0x00, 0x07, 0xff, 0xff, 0xc0, 0x00, 0x00, 0x00, 0x00, 0x00, 
	0x00, 0x00, 0x03, 0xff, 0xff, 0x80, 0x00, 0x00, 0x08, 0x00, 0x00, 0x00, 0x00, 0x00, 0xff, 0xff, 
	0x00, 0x00, 0x00, 0x00, 0x00, 0x00, 0x80, 0x00, 0x00, 0x3f, 0xfc, 0x00, 0x00, 0x00, 0x00, 0x00, 
	0x00, 0x80, 0x00, 0x00, 0x1f, 0xf8, 0x00, 0x00, 0x00, 0x00, 0x00, 0x00, 0x00, 0x00, 0x00, 0x07, 
	0xe0, 0x00, 0x00, 0x00, 0x00, 0x00, 0x10, 0x40, 0x00, 0x01, 0x81, 0x81, 0x00, 0x00, 0x00, 0x00, 
	0x00, 0x00, 0x40, 0x00, 0x01, 0xc0, 0x03, 0x00, 0x00, 0x00, 0x00, 0x00, 0x00, 0x00, 0x00, 0x01, 
	0xf0, 0x0f, 0x00, 0x00, 0x08, 0x00, 0x00, 0x00, 0x20, 0x00, 0x01, 0xfc, 0x1f, 0x00, 0x00, 0x00, 
	0x00, 0x00, 0x00, 0x00, 0x00, 0x03, 0xff, 0xff, 0x80, 0x00, 0x00, 0x00, 0x00, 0x00, 0x10, 0x00, 
	0x03, 0xff, 0xff, 0x80, 0x10, 0x00, 0x00, 0x00, 0x00, 0x08, 0x00, 0x03, 0xff, 0xff, 0xe0, 0x1e, 
	0x00, 0x00, 0x00, 0x00, 0x08, 0x02, 0x07, 0xff, 0xff, 0xf8, 0x03, 0x80, 0x00, 0x00, 0x00, 0x04, 
	0x00, 0x1f, 0xff, 0xff, 0xf8, 0x00, 0x70, 0x00, 0x00, 0x00, 0x06, 0x00, 0x7f, 0xff, 0xff, 0xf0, 
	0xe0, 0x18, 0x00, 0x00, 0x00, 0x07, 0x00, 0x3f, 0xff, 0xff, 0xe3, 0xf8, 0x04, 0x00, 0x00, 0x00, 
	0x0c, 0x00, 0x07, 0xff, 0xff, 0x8f, 0xe0, 0x00, 0x00, 0x00, 0x00, 0x00, 0x00, 0x00, 0x00, 0x00, 
	0x00, 0x00, 0x00, 0x00, 0x00, 0x00, 0x00, 0x00, 0x00, 0x00, 0x00, 0x00, 0x00, 0x00, 0x00, 0x00};
const unsigned char epd_bitmap_thinking[] PROGMEM = {0x00, 0x00, 0x07, 0x00, 0x00, 0x00, 0x3f, 0x00, 0x0c, 0x00, 0x00, 0x0e, 0x00, 0x00, 0x00, 0x3f, 
0x00, 0x0c, 0x00, 0x00, 0x0e, 0x00, 0x00, 0x00, 0x1f, 0x80, 0x18, 0x00, 0x00, 0x1c, 0x00, 0x00, 
0x02, 0x0f, 0xc0, 0x70, 0x00, 0x00, 0x38, 0x00, 0x00, 0x1e, 0x07, 0xe0, 0x40, 0x00, 0x00, 0x38, 
0x00, 0x00, 0x02, 0x07, 0xe0, 0x00, 0x00, 0x00, 0x30, 0x00, 0x00, 0x03, 0x03, 0xf0, 0x00, 0x00, 
0x00, 0x70, 0x00, 0x00, 0x03, 0x03, 0xf0, 0x80, 0x00, 0x00, 0x60, 0x00, 0x00, 0x01, 0x03, 0xf0, 
0x80, 0x00, 0x00, 0x60, 0x00, 0x00, 0x01, 0x03, 0xd0, 0x00, 0x00, 0x00, 0xc0, 0x00, 0x00, 0x01, 
0x03, 0x98, 0x00, 0x00, 0x00, 0xc0, 0x00, 0x00, 0x01, 0x03, 0x08, 0x00, 0x00, 0x00, 0xc0, 0x00, 
0x00, 0x01, 0x02, 0x08, 0x00, 0x00, 0x01, 0x80, 0x02, 0x00, 0x01, 0x80, 0x08, 0x00, 0x00, 0x01, 
0x80, 0x06, 0x00, 0x00, 0x00, 0x08, 0x00, 0x00, 0x01, 0x00, 0x06, 0x00, 0x00, 0x00, 0x0c, 0x00, 
0x00, 0x01, 0x00, 0x0f, 0x00, 0x00, 0x00, 0x04, 0x00, 0x00, 0x03, 0x00, 0x0f, 0x00, 0x00, 0x00, 
0x04, 0x00, 0x00, 0x02, 0x00, 0x1f, 0x80, 0x00, 0x00, 0x04, 0x00, 0x00, 0x04, 0x00, 0x1f, 0x80, 
0x20, 0x00, 0x02, 0x00, 0x00, 0x04, 0x00, 0x3f, 0xc0, 0x10, 0x00, 0x02, 0x00, 0x00, 0x04, 0x00, 
0x20, 0x00, 0x10, 0x00, 0x02, 0x00, 0x00, 0x08, 0x00, 0x1f, 0xa0, 0x18, 0x00, 0x02, 0x00, 0x00, 
0x00, 0x00, 0x7f, 0xf1, 0x00, 0x00, 0x01, 0x00, 0x00, 0x10, 0x00, 0xf0, 0xf0, 0x86, 0x00, 0x01, 
0x00, 0x00, 0x00, 0x00, 0x80, 0x78, 0xc0, 0x00, 0x01, 0x00, 0x00, 0x20, 0x00, 0x00, 0x7c, 0x60, 
0x00, 0x00, 0x80, 0x00, 0x40, 0x00, 0x3c, 0x3e, 0x6e, 0x00, 0x00, 0x80, 0x00, 0x00, 0x00, 0x30, 
0x7f, 0x7c, 0x00, 0x00, 0x00, 0x00, 0x00, 0x00, 0xb4, 0x7f, 0xbd, 0x48, 0x00, 0x40, 0x00, 0x00, 
0x00, 0xf8, 0xff, 0xfe, 0x18, 0x00, 0x00, 0x00, 0x00, 0x00, 0xf9, 0xff, 0xfc, 0x70, 0x00, 0x00, 
0x00, 0x00, 0x00, 0xff, 0xff, 0xff, 0xf0, 0x00, 0x00, 0x00, 0x00, 0x00, 0x7f, 0xff, 0xff, 0xf0, 
0x00, 0x00, 0x00, 0x00, 0x00, 0x7f, 0xfe, 0xff, 0xe0, 0x00, 0x00, 0x00, 0x00, 0x00, 0x7f, 0xfe, 
0xff, 0xe0, 0x00, 0x00, 0x00, 0x00, 0x00, 0x3f, 0xff, 0xff, 0xe0, 0x00, 0x00, 0x00, 0x00, 0x00, 
0x3f, 0xff, 0xff, 0xc0, 0x00, 0x00, 0x00, 0x00, 0x00, 0x1f, 0xff, 0xff, 0xc0, 0x00, 0x00, 0x00, 
0x00, 0x00, 0x0f, 0xf0, 0x7f, 0x80, 0x00, 0x00, 0x00, 0x00, 0x00, 0x07, 0xff, 0xff, 0x00, 0x00, 
0x00, 0x00, 0x00, 0x00, 0x03, 0xfd, 0xfe, 0x00, 0x00, 0x00, 0x00, 0x00, 0x00, 0x01, 0xf8, 0x7c, 
0x00, 0x00, 0x00, 0x00, 0x00, 0x00, 0x00, 0xf3, 0x88, 0x00, 0x00, 0x00, 0x00, 0x00, 0x00, 0x03, 
0x2f, 0xe0, 0x00, 0x00, 0x00, 0x00, 0x00, 0x00, 0x03, 0x0e, 0x38, 0x00, 0x00, 0x08, 0x00, 0x00, 
0x00, 0x01, 0x9c, 0x00, 0x00, 0x00, 0x00, 0x00, 0x04, 0x00, 0x01, 0x38, 0x18, 0x00, 0x00, 0x00, 
0x00, 0x40, 0x00, 0x00, 0x63, 0xd8, 0x00, 0x00, 0x00, 0x00, 0x00, 0x00, 0x00, 0xff, 0xe8, 0x00, 
0x00, 0x00, 0x00, 0x00, 0x00, 0x00, 0xf8, 0x08, 0x00, 0x00, 0x00, 0x00, 0x01, 0x00, 0x01, 0xff, 
0xe0, 0x00, 0x08, 0x00, 0x00, 0x00, 0x00, 0x01, 0xff, 0xe0, 0x00, 0x00, 0x00, 0x00, 0x00, 0x80, 
0x01, 0xfe, 0x00, 0x03, 0x00, 0x00, 0x00, 0x00, 0x00, 0x83, 0xff, 0xf7, 0x80, 0xc0, 0x00, 0x00, 
0x00, 0x00, 0x3b, 0xff, 0xf7, 0x18, 0x08, 0x00, 0x00, 0x00, 0x20, 0x1b, 0xff, 0x86, 0x3c, 0x00, 
0x00, 0x00, 0x00, 0xc0, 0x03, 0xff, 0x6d, 0xfc, 0x00, 0x00, 0x00, 0x00, 0x40, 0x0b, 0xff, 0x0f, 
0xf8, 0x00, 0x00, 0x00, 0x01, 0xc0, 0x03, 0xff, 0x3f, 0xe0, 0x01, 0x00, 0x00, 0x00, 0x00, 0x03, 
0xfe, 0x7f, 0x80, 0x00, 0x00, 0x00, 0x00, 0x00, 0x03, 0xfe, 0x7f, 0x00, 0x00, 0x18, 0x00, 0x00, 
0x00, 0x07, 0xfe, 0xfc, 0x00, 0x00, 0x04, 0x00, 0x00, 0x00, 0x07, 0xfc, 0xf8, 0x00, 0x00, 0x00};
const unsigned char epd_bitmap_blink[] PROGMEM = {0x00, 0x00, 0x00, 0x1e, 0x4f, 0xe0, 0x00, 0x00, 0x00, 
0x00, 0x00, 0x00, 0x7c, 0x01, 0xf8, 0x00, 0x00, 0x00, 
0x00, 0x00, 0x01, 0xc0, 0x00, 0x7e, 0x00, 0x00, 0x00, 
0x00, 0x00, 0x07, 0x00, 0x00, 0x1f, 0x00, 0x00, 0x00, 
0x00, 0x00, 0x0e, 0x00, 0x00, 0x0f, 0xc0, 0x00, 0x00, 
0x00, 0x00, 0x1c, 0x00, 0x00, 0x07, 0xe0, 0x00, 0x00, 
0x00, 0x00, 0x38, 0x00, 0x00, 0x03, 0xf0, 0x00, 0x00, 
0x00, 0x00, 0x70, 0x00, 0x00, 0x01, 0xf0, 0x00, 0x00, 
0x00, 0x00, 0x70, 0x00, 0x00, 0x60, 0xf8, 0x00, 0x00, 
0x00, 0x00, 0xe0, 0x00, 0x01, 0xe0, 0xfc, 0x00, 0x00, 
0x00, 0x00, 0xe0, 0x00, 0x00, 0x20, 0x7c, 0x00, 0x00, 
0x00, 0x01, 0xc0, 0x00, 0x00, 0x20, 0x7c, 0x00, 0x00, 
0x00, 0x01, 0xc0, 0x00, 0x00, 0x20, 0x7e, 0x00, 0x00, 
0x00, 0x01, 0x80, 0x00, 0x00, 0x30, 0x72, 0x00, 0x00, 
0x00, 0x03, 0x00, 0x00, 0x00, 0x30, 0x62, 0x00, 0x00, 
0x00, 0x03, 0x00, 0x00, 0x00, 0x10, 0x62, 0x00, 0x00, 
0x00, 0x03, 0x00, 0x10, 0x00, 0x10, 0x43, 0x00, 0x00, 
0x00, 0x06, 0x00, 0x30, 0x00, 0x10, 0x01, 0x00, 0x00, 
0x00, 0x06, 0x00, 0x38, 0x00, 0x00, 0x01, 0x00, 0x00, 
0x00, 0x04, 0x00, 0x78, 0x00, 0x00, 0x01, 0x00, 0x00, 
0x00, 0x0c, 0x00, 0x78, 0x00, 0x00, 0x00, 0x80, 0x00, 
0x00, 0x08, 0x00, 0x7c, 0x02, 0x00, 0x00, 0x80, 0x00, 
0x00, 0x08, 0x00, 0xfe, 0x02, 0x00, 0x00, 0x80, 0x00, 
0x00, 0x10, 0x00, 0xfe, 0x01, 0x00, 0x00, 0xc0, 0x00, 
0x00, 0x10, 0x01, 0xff, 0x11, 0x80, 0x00, 0x40, 0x00, 
0x00, 0x20, 0x01, 0x01, 0x18, 0x00, 0x00, 0x40, 0x00, 
0x00, 0x20, 0x03, 0xff, 0x88, 0xf0, 0x00, 0x40, 0x00, 
0x00, 0x40, 0x03, 0xff, 0xcc, 0xf8, 0x00, 0x20, 0x00, 
0x00, 0x80, 0x07, 0xff, 0xe6, 0x7e, 0x00, 0x20, 0x00, 
0x00, 0x80, 0x07, 0xff, 0xf7, 0xff, 0x00, 0x00, 0x00, 
0x01, 0x00, 0x07, 0xff, 0xfb, 0xff, 0x80, 0x10, 0x00, 
0x02, 0x00, 0x04, 0x3b, 0xff, 0x71, 0x80, 0x00, 0x00, 
0x00, 0x00, 0x07, 0x07, 0xff, 0x83, 0x00, 0x08, 0x00, 
0x00, 0x00, 0x03, 0xff, 0xff, 0xff, 0x00, 0x00, 0x00, 
0x00, 0x00, 0x03, 0xff, 0xff, 0xff, 0x00, 0x00, 0x00, 
0x00, 0x00, 0x0b, 0xff, 0xff, 0xfe, 0x40, 0x00, 0x00, 
0x02, 0x00, 0x0b, 0xff, 0xff, 0xfe, 0x80, 0x00, 0x00, 
0x02, 0x00, 0x01, 0xff, 0xef, 0xfe, 0x00, 0x00, 0x00, 
0x00, 0x00, 0x01, 0xff, 0xff, 0xfc, 0x00, 0x00, 0x00, 
0x00, 0x00, 0x00, 0xff, 0xff, 0xfc, 0x00, 0x00, 0x00, 
0x00, 0x00, 0x00, 0xff, 0xff, 0xfc, 0x00, 0x00, 0x00, 
0x00, 0x00, 0x00, 0x7f, 0x33, 0xf8, 0x00, 0x00, 0x00, 
0x00, 0x00, 0x00, 0x3f, 0xff, 0xf0, 0x00, 0x00, 0x00, 
0x00, 0x00, 0x00, 0x1f, 0xef, 0xe0, 0x00, 0x00, 0x00, 
0x00, 0x00, 0x00, 0x0f, 0xff, 0xc0, 0x00, 0x00, 0x00, 
0x02, 0x10, 0x00, 0x07, 0xff, 0x00, 0x00, 0x02, 0x00, 
0x00, 0x00, 0x00, 0x01, 0xfe, 0x00, 0x00, 0x00, 0x00, 
0x00, 0x00, 0x00, 0x08, 0x78, 0x00, 0x00, 0x00, 0x00, 
0x00, 0x88, 0x00, 0x0c, 0x00, 0x80, 0x00, 0x00, 0x00, 
0x00, 0x00, 0x00, 0x0f, 0x03, 0x80, 0x00, 0x00, 0x00, 
0x00, 0x04, 0x00, 0x0f, 0x87, 0x80, 0x00, 0x00, 0x00, 
0x00, 0x00, 0x00, 0x0f, 0xff, 0x80, 0x00, 0x00, 0x00, 
0x00, 0x02, 0x00, 0x1f, 0xff, 0x80, 0x00, 0x00, 0x00, 
0x00, 0x00, 0x00, 0x07, 0xff, 0x18, 0x78, 0x00, 0x00, 
0x00, 0x01, 0x00, 0x40, 0xff, 0xf8, 0x06, 0x00, 0x00, 
0x00, 0x00, 0x80, 0xff, 0xff, 0xe3, 0x83, 0x80, 0x00, 
0x00, 0x01, 0x00, 0x1f, 0xff, 0xcf, 0xc0, 0xc0, 0x00, 
0x00, 0x01, 0x00, 0x67, 0xff, 0xff, 0x00, 0xc0, 0x00, 
0x00, 0x01, 0x00, 0x3f, 0x13, 0xfe, 0x00, 0x60, 0x00, 
0x00, 0x10, 0x00, 0x1f, 0xc7, 0xf8, 0x00, 0x38, 0x00, 
0x00, 0x00, 0x00, 0x0f, 0xff, 0xe0, 0x00, 0x02, 0x00, 
0x00, 0x00, 0x00, 0x07, 0xff, 0xc0, 0x00, 0x00, 0x00, 
0x00, 0x00, 0x00, 0x03, 0xff, 0x80, 0x00, 0x00, 0x00, 
0x00, 0x00, 0x00, 0x01, 0xff, 0x00, 0x00, 0x00, 0x00};
const unsigned char epd_bitmap_sleepy[] PROGMEM = {0x00, 0x00, 0x1f, 0x00, 0x0f, 0xe0, 0x00, 0x00, 0x00, 0x00, 0x3e, 0x00, 0x03, 0xf8, 0x00, 0x00, 
0x00, 0x00, 0x70, 0x00, 0x00, 0xfc, 0x00, 0x01, 0x00, 0x00, 0xc0, 0x00, 0x00, 0x7f, 0x00, 0x03, 
0x00, 0x01, 0x80, 0x00, 0x00, 0x3f, 0x80, 0x03, 0x00, 0x03, 0x00, 0x00, 0x04, 0x1f, 0x80, 0x07, 
0x00, 0x07, 0x00, 0x00, 0x1e, 0x0f, 0xc0, 0x0e, 0x00, 0x0e, 0x00, 0x00, 0x1e, 0x07, 0xe7, 0xcf, 
0x00, 0x0e, 0x00, 0x00, 0x02, 0x07, 0xe1, 0xcf, 0x00, 0x1c, 0x00, 0x00, 0x03, 0x07, 0xb1, 0x80, 
0x00, 0x1c, 0x00, 0x00, 0x03, 0x03, 0xb3, 0x00, 0x00, 0x38, 0x00, 0x00, 0x01, 0x03, 0x13, 0x00, 
0x00, 0x38, 0x00, 0x00, 0x01, 0x83, 0x06, 0x00, 0x00, 0x30, 0x00, 0x00, 0x01, 0x80, 0x0f, 0xc0, 
0x00, 0x30, 0x00, 0x00, 0x00, 0x83, 0xc7, 0xc0, 0x00, 0x70, 0x00, 0x00, 0x00, 0xc0, 0xc0, 0x00, 
0x00, 0x70, 0x02, 0x00, 0x00, 0x00, 0xc4, 0x00, 0x00, 0x60, 0x02, 0x00, 0x00, 0x01, 0x86, 0x02, 
0x00, 0x60, 0x03, 0x00, 0x00, 0x01, 0x02, 0x0f, 0x00, 0x60, 0x03, 0x00, 0x60, 0x03, 0xc3, 0x07, 
0x00, 0x40, 0x07, 0x80, 0x30, 0x18, 0x01, 0x07, 0x00, 0xc0, 0x07, 0x80, 0x30, 0x10, 0x01, 0x80, 
0x00, 0xc0, 0x07, 0xc0, 0x24, 0x10, 0x00, 0x80, 0x00, 0xc0, 0x07, 0x82, 0x1f, 0x00, 0x00, 0xc0, 
0x00, 0x80, 0x0c, 0x01, 0x1f, 0x80, 0x00, 0x40, 0x00, 0x80, 0x0b, 0xf1, 0x9f, 0xe0, 0x00, 0x60, 
0x01, 0x80, 0x0f, 0xf8, 0xcf, 0xf8, 0x00, 0x20, 0x01, 0x00, 0x1f, 0xfc, 0x6f, 0xff, 0x00, 0x10, 
0x01, 0x00, 0x1f, 0xfe, 0x77, 0xe3, 0x00, 0x10, 0x02, 0x00, 0x1f, 0xff, 0xb8, 0x07, 0x00, 0x08, 
0x02, 0x00, 0x1f, 0xff, 0xde, 0x1f, 0x00, 0x04, 0x02, 0x00, 0x3f, 0xef, 0xff, 0xfe, 0x00, 0x04, 
0x04, 0x00, 0x37, 0x9f, 0xff, 0xfe, 0x00, 0x02, 0x04, 0x00, 0x30, 0x3f, 0xff, 0xfe, 0x00, 0x00, 
0x08, 0x00, 0x3f, 0xff, 0xff, 0xfe, 0x80, 0x00, 0x00, 0x00, 0x1f, 0xff, 0xff, 0xfe, 0x80, 0x00, 
0x10, 0x00, 0x1f, 0xff, 0xff, 0xfe, 0x00, 0x00, 0x20, 0x00, 0x2f, 0xff, 0xff, 0xfe, 0x00, 0x00, 
0x00, 0x00, 0x2f, 0xff, 0xff, 0xfc, 0x00, 0x00, 0x00, 0x00, 0x37, 0xff, 0xe7, 0xfc, 0x00, 0x00, 
0x00, 0x00, 0x17, 0xff, 0x01, 0xfc, 0x00, 0x00, 0x00, 0x80, 0x03, 0xff, 0x3f, 0xf8, 0x00, 0x00, 
0xf8, 0x00, 0x03, 0xff, 0xff, 0xf0, 0x00, 0x00, 0x08, 0x00, 0x01, 0xff, 0xff, 0xe0, 0x00, 0x00, 
0x00, 0x00, 0x00, 0xff, 0xff, 0xc0, 0x00, 0x00, 0x00, 0x00, 0x00, 0x7f, 0xff, 0xc0, 0x00, 0x08, 
0x00, 0x00, 0x00, 0x1f, 0xff, 0x00, 0x00, 0x00, 0x00, 0x00, 0x00, 0x07, 0xfe, 0x00, 0x00, 0x10, 
0x08, 0x40, 0x00, 0x00, 0xfc, 0x00, 0x00, 0x00, 0x08, 0x40, 0x00, 0x08, 0x00, 0xc0, 0x00, 0x00, 
0x08, 0x40, 0x00, 0x0e, 0x01, 0xc0, 0x00, 0x00, 0x04, 0x20, 0x00, 0x0f, 0x07, 0xc0, 0x00, 0x40, 
0x04, 0x20, 0x00, 0x1f, 0xcf, 0xc0, 0x00, 0x80, 0x02, 0x00, 0x00, 0x1f, 0xff, 0xc0, 0x00, 0x00, 
0x01, 0x10, 0x00, 0x1f, 0xff, 0xc0, 0x00, 0x00, 0x00, 0x10, 0x00, 0x1f, 0xfe, 0x00, 0x70, 0x00, 
0x00, 0x08, 0x00, 0x1f, 0xff, 0xfc, 0x1c, 0x00, 0x00, 0x00, 0x00, 0x03, 0xff, 0xff, 0x03, 0x80, 
0x00, 0x04, 0x03, 0xff, 0xff, 0xff, 0xc0, 0xc0, 0x00, 0x06, 0x00, 0xff, 0xff, 0xff, 0xc0, 0x00, 
0x00, 0x05, 0x01, 0x1f, 0xfd, 0xff, 0x80, 0x40, 0x00, 0x0e, 0x00, 0xff, 0x83, 0xfe, 0x00, 0x70, 
0x00, 0x60, 0x00, 0x7f, 0xff, 0xf8, 0x00, 0x0e, 0x01, 0x00, 0x00, 0x3f, 0xff, 0xf0, 0x00, 0x01};

// Base placeholders
const unsigned char epd_bitmap_flustered[] PROGMEM = {0x00, 0x00, 0x1c, 0x00, 0x00, 0x1f, 0xc0, 0x00, 0x00, 0x00, 0x00, 0x70, 0x00, 0x00, 0x0f, 0xe0,
0x00, 0x00, 0x00, 0x00, 0xf0, 0x00, 0x00, 0x07, 0xf0, 0x00, 0x00, 0x00, 0x01, 0xe0, 0x00, 0x00,
0x03, 0xf8, 0x00, 0x00, 0x00, 0x01, 0xc0, 0x00, 0x00, 0x01, 0xfc, 0x00, 0x00, 0x00, 0x03, 0x80,
0x00, 0x00, 0x20, 0xfc, 0x00, 0x00, 0x00, 0x03, 0x80, 0x00, 0x00, 0x60, 0x7e, 0x00, 0x00, 0x18,
0x07, 0x00, 0x00, 0x01, 0xe0, 0x7f, 0x00, 0x00, 0x1c, 0x07, 0x00, 0x00, 0x00, 0x60, 0x3f, 0x01,
0xc0, 0x02, 0x0e, 0x00, 0x00, 0x00, 0x30, 0x3f, 0x03, 0x00, 0x00, 0x0e, 0x00, 0x00, 0x00, 0x30,
0x3f, 0x00, 0x00, 0x00, 0x0c, 0x00, 0x00, 0x00, 0x30, 0x3d, 0x80, 0x00, 0x00, 0x1c, 0x00, 0x00,
0x00, 0x10, 0x39, 0x80, 0x00, 0x00, 0x18, 0x00, 0x00, 0x00, 0x10, 0x30, 0x80, 0x00, 0x38, 0x18,
0x00, 0x40, 0x00, 0x10, 0x20, 0xc0, 0xe0, 0x00, 0x18, 0x00, 0x40, 0x00, 0x10, 0x00, 0xc0, 0x00,
0x00, 0x30, 0x00, 0xe0, 0x00, 0x18, 0x00, 0x40, 0x00, 0x00, 0x30, 0x00, 0xe0, 0x00, 0x18, 0x00,
0x40, 0x00, 0x00, 0x20, 0x00, 0xe0, 0x00, 0x00, 0x00, 0x40, 0x00, 0x00, 0x60, 0x01, 0xf0, 0x00,
0x00, 0x00, 0x60, 0x00, 0x00, 0x40, 0x01, 0xf0, 0x04, 0x00, 0x00, 0x20, 0x00, 0x00, 0x40, 0x03,
0xf8, 0x02, 0x00, 0x00, 0x20, 0x00, 0x00, 0x80, 0x03, 0xfc, 0x03, 0x00, 0x00, 0x20, 0x00, 0x00,
0x80, 0x03, 0xf8, 0x01, 0x80, 0x00, 0x30, 0x00, 0x01, 0x00, 0x07, 0xe2, 0x20, 0x00, 0x00, 0x10,
0x00, 0x01, 0x00, 0x0e, 0x06, 0x11, 0x00, 0x00, 0x10, 0x00, 0x02, 0x00, 0x0f, 0xff, 0x19, 0xf8,
0x00, 0x08, 0x00, 0x02, 0x00, 0x0f, 0xff, 0x9d, 0xfc, 0x00, 0x08, 0x00, 0x04, 0x00, 0x1f, 0xff,
0xce, 0xff, 0x00, 0x08, 0x00, 0x00, 0x00, 0x1e, 0xff, 0xce, 0xf3, 0x80, 0x04, 0x00, 0x08, 0x00,
0x30, 0x0f, 0xe7, 0x00, 0xc0, 0x04, 0x00, 0x10, 0x00, 0x00, 0xc3, 0xf6, 0x38, 0x40, 0x02, 0x00,
0x20, 0x00, 0x1f, 0xff, 0xff, 0xff, 0xc0, 0x02, 0x00, 0x00, 0x00, 0x1f, 0xff, 0xdf, 0xff, 0x80,
0x00, 0x00, 0x00, 0x00, 0x5f, 0xad, 0xaa, 0xf7, 0x80, 0x01, 0x00, 0x00, 0x00, 0x4b, 0x52, 0x55,
0x6b, 0x80, 0x00, 0x00, 0x00, 0x00, 0x4c, 0xa1, 0xfa, 0xb7, 0xa0, 0x00, 0x80, 0x00, 0x00, 0x6f,
0x57, 0xef, 0xff, 0x00, 0x00, 0x00, 0xf0, 0x00, 0x2f, 0xff, 0xef, 0xff, 0x00, 0x00, 0x00, 0x00,
0x00, 0x07, 0xff, 0xff, 0xff, 0x00, 0x00, 0x00, 0x20, 0x00, 0x07, 0xff, 0xff, 0xfe, 0x00, 0x00,
0x00, 0x20, 0x00, 0x03, 0xff, 0xff, 0xfe, 0x00, 0x00, 0x00, 0x20, 0x00, 0x03, 0xff, 0xfe, 0xfe,
0x00, 0x00, 0x00, 0x00, 0x00, 0x01, 0x7d, 0xfd, 0xfc, 0x00, 0x00, 0x00, 0x21, 0x00, 0x00, 0xff,
0x03, 0xf8, 0x00, 0x00, 0x00, 0x20, 0x00, 0x00, 0x7f, 0xff, 0xf0, 0x00, 0x00, 0x00, 0x20, 0x00,
0x00, 0x3f, 0xff, 0xe0, 0x00, 0x00, 0x00, 0x00, 0x80, 0x00, 0x1f, 0xff, 0xc0, 0x00, 0x04, 0x00,
0x00, 0x80, 0x00, 0x07, 0xff, 0x00, 0x00, 0x00, 0x80, 0x00, 0x00, 0x00, 0x03, 0xfe, 0x00, 0x00,
0x00, 0x00, 0x08, 0x40, 0x00, 0x30, 0xf8, 0x00, 0x00, 0x00, 0x00, 0x04, 0x40, 0x00, 0x38, 0x20,
0x80, 0x00, 0x00, 0x00, 0x00, 0x00, 0x00, 0x3c, 0x01, 0x80, 0x00, 0x00, 0x00, 0x00, 0x20, 0x00,
0x3f, 0x03, 0x80, 0x00, 0x00, 0x00, 0x00, 0x00, 0x00, 0x3f, 0x8f, 0xc0, 0x00, 0x00, 0x00, 0x00,
0x10, 0x00, 0x3f, 0xff, 0xc0, 0x30, 0x00, 0x00, 0x00, 0x08, 0x00, 0x0f, 0xfe, 0x0c, 0x3c, 0x00,
0x00, 0x00, 0x00, 0x00, 0x00, 0xff, 0xf8, 0x07, 0x00, 0x00, 0x00, 0x04, 0x03, 0xff, 0xff, 0xf1,
0xc0, 0xc0, 0x00, 0x00, 0x06, 0x00, 0xff, 0xff, 0xe7, 0xf0, 0x20, 0x00, 0x00, 0x0c, 0x01, 0x1f,
0xff, 0xff, 0xe0, 0x00, 0x00, 0x00, 0x0c, 0x00, 0xff, 0xff, 0xff, 0x80, 0x20, 0x00, 0x00, 0x3c,
0x00, 0x7f, 0x07, 0xfe, 0x00, 0x18, 0x00, 0x01, 0x80, 0x00, 0x3f, 0xcf, 0xfc, 0x00, 0x02, 0x00};
// TODO: fill with your 98x64 flustered_v2 bitmap hex data (784 bytes)
const unsigned char epd_bitmap_flustered_v2[] PROGMEM = {0x58, 0x1c, 0x00, 0x00, 0x1c, 0x00, 0x00, 0x00, 0x00, 0x02, 0x06, 0x00, 0x00, 0x00, 0x18, 0x00, 
	0x00, 0x3c, 0x00, 0x00, 0x00, 0x00, 0x02, 0x02, 0x00, 0x00, 0x00, 0x18, 0x00, 0x00, 0x3e, 0x00, 
	0x00, 0x00, 0x00, 0x06, 0x03, 0x00, 0x00, 0x00, 0x38, 0x00, 0x00, 0x3e, 0x00, 0x00, 0x00, 0x00, 
	0x00, 0x03, 0x00, 0x00, 0x00, 0x30, 0x00, 0x00, 0x3f, 0x00, 0x00, 0x00, 0x00, 0x00, 0x01, 0x00, 
	0x00, 0x00, 0x30, 0x00, 0x00, 0x7f, 0x00, 0x00, 0x00, 0x00, 0x00, 0x01, 0x80, 0x00, 0x00, 0x30, 
	0x00, 0x00, 0x7f, 0x80, 0x00, 0x00, 0x00, 0x00, 0x00, 0x80, 0x00, 0x00, 0x30, 0x00, 0x00, 0x5f, 
	0x80, 0x00, 0x60, 0x00, 0x00, 0x00, 0x80, 0x00, 0x00, 0x20, 0x10, 0x00, 0xd7, 0xc0, 0x00, 0x10, 
	0x00, 0x00, 0x10, 0xc0, 0x00, 0x00, 0x60, 0x08, 0x00, 0xcf, 0xe0, 0x00, 0x00, 0x00, 0x00, 0x00, 
	0x40, 0x00, 0x00, 0x60, 0x00, 0x00, 0xff, 0xc0, 0x00, 0x00, 0x00, 0x00, 0x08, 0x40, 0x00, 0x00, 
	0x40, 0x00, 0x01, 0xff, 0x80, 0x10, 0x30, 0x00, 0x00, 0x08, 0x00, 0x00, 0x00, 0x40, 0x00, 0x01, 
	0xfc, 0x08, 0x10, 0x3f, 0x00, 0x00, 0x10, 0x20, 0x00, 0x00, 0xc0, 0x00, 0x01, 0xe0, 0x3c, 0x18, 
	0x3f, 0x80, 0x00, 0x00, 0x00, 0x00, 0x00, 0x80, 0x00, 0x00, 0x01, 0xfe, 0x0c, 0x18, 0x00, 0x00, 
	0x00, 0x10, 0x00, 0x00, 0x80, 0x00, 0x00, 0x07, 0xfe, 0x0e, 0x10, 0x00, 0x00, 0x00, 0x10, 0x00, 
	0x00, 0x80, 0x00, 0x03, 0xe0, 0x3f, 0x07, 0x80, 0xe0, 0x00, 0x00, 0x00, 0x00, 0x01, 0x00, 0x00, 
	0x06, 0x00, 0x3f, 0xc7, 0xc3, 0xf8, 0x00, 0x00, 0x00, 0x00, 0x01, 0x00, 0x00, 0x06, 0x00, 0x1f, 
	0xe3, 0xe4, 0x3e, 0x00, 0x00, 0x00, 0x00, 0x03, 0x00, 0x00, 0x08, 0x1f, 0x9f, 0xf1, 0xe9, 0x9f, 
	0x00, 0x00, 0x00, 0x00, 0x02, 0x00, 0x00, 0x00, 0x78, 0x6f, 0xf9, 0xf6, 0x5f, 0x20, 0x00, 0x00, 
	0x00, 0x02, 0x00, 0x00, 0x00, 0xf0, 0x3f, 0xfc, 0xf6, 0x6f, 0x20, 0x00, 0x00, 0x00, 0x04, 0x00, 
	0x00, 0x01, 0xf4, 0x3f, 0xfe, 0x77, 0xdf, 0x60, 0x00, 0x00, 0x00, 0x00, 0x00, 0x00, 0x11, 0xf8, 
	0x5f, 0xff, 0xfb, 0xde, 0xe0, 0x00, 0x00, 0x00, 0x00, 0x00, 0x00, 0x19, 0xf5, 0xdf, 0xff, 0xf8, 
	0x3e, 0xe0, 0x00, 0x00, 0x00, 0x08, 0x00, 0x00, 0x1d, 0xf7, 0xbf, 0xff, 0xff, 0xfd, 0xc0, 0x00, 
	0x00, 0x00, 0x00, 0x00, 0x00, 0x1e, 0xf8, 0x7f, 0xff, 0xff, 0xc7, 0xc0, 0x00, 0x00, 0x00, 0x00, 
	0x00, 0x00, 0x0f, 0x7f, 0xfb, 0x6d, 0x68, 0x2b, 0xc0, 0x00, 0x00, 0x00, 0x00, 0x00, 0x00, 0x0f, 
	0xc0, 0x3e, 0xdb, 0x5f, 0x42, 0x80, 0x00, 0x00, 0x00, 0x00, 0x00, 0x00, 0x0f, 0xd7, 0xd4, 0x96, 
	0xbe, 0xd5, 0x80, 0x00, 0x00, 0x00, 0x00, 0x00, 0x00, 0x07, 0xec, 0xa9, 0x25, 0x35, 0xa9, 0x40, 
	0x00, 0x00, 0x00, 0x00, 0x00, 0x00, 0x07, 0x6a, 0xab, 0x6b, 0x6b, 0x4a, 0xc0, 0x00, 0x00, 0x00, 
	0x00, 0x00, 0x00, 0x07, 0x55, 0x52, 0x5a, 0xfa, 0xd5, 0xc0, 0x00, 0x00, 0x00, 0x00, 0x00, 0x00, 
	0x02, 0x80, 0x34, 0x9b, 0xfe, 0xbf, 0xc0, 0x00, 0x00, 0x00, 0x00, 0x00, 0x00, 0x22, 0xaa, 0x2d, 
	0xfb, 0xff, 0xff, 0x80, 0x01, 0x00, 0x80, 0x00, 0x01, 0x00, 0x21, 0x51, 0x7f, 0xff, 0xff, 0xfd, 
	0x80, 0x03, 0x01, 0x80, 0x03, 0x01, 0x00, 0x01, 0xf7, 0xff, 0xff, 0xff, 0xf5, 0x80, 0x03, 0x03, 
	0x80, 0x03, 0x01, 0x80, 0x01, 0xff, 0xff, 0xff, 0xff, 0xfb, 0x80, 0x07, 0x03, 0x80, 0x83, 0x81, 
	0x80, 0x00, 0xff, 0xff, 0xff, 0xff, 0xff, 0x00, 0x07, 0x07, 0x00, 0x83, 0x81, 0xc0, 0x00, 0xff, 
	0xff, 0xff, 0xff, 0xff, 0x00, 0x07, 0x07, 0x00, 0x01, 0xc1, 0xc0, 0x00, 0x7f, 0xff, 0xff, 0x81, 
	0xfe, 0x00, 0x06, 0x07, 0x00, 0x01, 0xc0, 0xe0, 0x00, 0x77, 0xf8, 0x00, 0xfc, 0xfe, 0x00, 0x0e, 
	0x0e, 0x00, 0x80, 0xe0, 0xe0, 0x00, 0x33, 0xf3, 0xff, 0xfe, 0xfc, 0x00, 0x0e, 0x0e, 0x00, 0xc0, 
	0xe0, 0xe0, 0x00, 0x1f, 0xf7, 0xff, 0xfe, 0xf8, 0x00, 0x0e, 0x1c, 0x00, 0xc0, 0xf0, 0xe0, 0x00, 
	0x0f, 0xf7, 0xff, 0xfc, 0xf0, 0x00, 0x1e, 0x1c, 0x00, 0xe0, 0x70, 0x70, 0x00, 0x07, 0xfb, 0xdf, 
	0xc3, 0xe0, 0x00, 0x1c, 0x38, 0x00, 0x70, 0x78, 0x70, 0x00, 0x03, 0xfc, 0x7f, 0xff, 0xc0, 0x00, 
	0x1c, 0x38, 0x00, 0x78, 0x38, 0x70, 0x00, 0x00, 0xff, 0xff, 0xff, 0x80, 0x00, 0x1c, 0x78, 0x40, 
	0x38, 0x38, 0x78, 0x00, 0x00, 0x7f, 0xff, 0xff, 0x02, 0x00, 0x1c, 0x70, 0x40, 0x3c, 0x3c, 0x78, 
	0x00, 0x00, 0x1f, 0xff, 0xfc, 0x03, 0x80, 0x3c, 0xf0, 0xc0, 0x1e, 0x1c, 0x38, 0x01, 0xc0, 0x07, 
	0xff, 0xf8, 0x03, 0xc0, 0x3c, 0xf1, 0xc0, 0x0e, 0x1e, 0x38, 0x03, 0x80, 0x01, 0xff, 0xf0, 0x01, 
	0xe0, 0x3f, 0xf3, 0xc0, 0x0f, 0x0f, 0x7c, 0x07, 0x80, 0x00, 0x3f, 0xc0, 0x01, 0xe0, 0x7f, 0xf3, 
	0xc0, 0x07, 0x8f, 0xfc, 0x0f, 0x00, 0x10, 0x07, 0x03, 0x01, 0xe0, 0x7f, 0xff, 0x80, 0x03, 0xcf, 
	0xfc, 0x0f, 0x00, 0x18, 0x00, 0x07, 0x00, 0xe0, 0x7f, 0xff, 0x00, 0x83, 0xff, 0xfe, 0x0f, 0x00, 
	0x1e, 0x00, 0x0f, 0x00, 0xf0, 0xff, 0xff, 0x00, 0xc1, 0xff, 0xfe, 0x0e, 0x00, 0x1f, 0x00, 0x1f, 
	0x00, 0xf0, 0xff, 0xff, 0x00, 0xe1, 0xff, 0xfe, 0x1e, 0x00, 0x1f, 0xc0, 0x7f, 0x00, 0x79, 0xff, 
	0xff, 0xc0, 0xf0, 0xff, 0xff, 0x1e, 0x00, 0x1f, 0xf1, 0xff, 0x00, 0x7f, 0xff, 0xff, 0xc0, 0x7d, 
	0xff, 0xff, 0xbe, 0x00, 0x1f, 0xff, 0xff, 0x00, 0x7f, 0xff, 0xff, 0xc0, 0x3f, 0xff, 0xff, 0xfc, 
	0x00, 0x1f, 0xff, 0xff, 0x00, 0x7f, 0xff, 0xff, 0xc0, 0x1f, 0xff, 0xff, 0xfc, 0x00, 0x3f, 0xff, 
	0xff, 0x80, 0x7f, 0xff, 0xff, 0xc0, 0x0f, 0xff, 0xff, 0xfc, 0x00, 0x3f, 0xff, 0xff, 0xe0, 0x7f, 
	0xff, 0xff, 0x80, 0x07, 0xff, 0xfb, 0xfc, 0x00, 0x3f, 0xff, 0xff, 0xfc, 0x7f, 0xff, 0xff, 0x80};
// TODO: fill with your 88x64 flustered_v3 bitmap hex data (704 bytes)
const unsigned char epd_bitmap_flustered_v3[] PROGMEM = {0x00, 0x00, 0x1e, 0x00, 0x00, 0x00, 0x00, 0x7f, 0x80, 0x70, 0x00, 0x00, 0x00, 0x3c, 0x00, 0x00, 
	0x00, 0x00, 0x3f, 0x80, 0x79, 0xc0, 0x00, 0x00, 0x78, 0x00, 0x00, 0x00, 0x00, 0x1f, 0xc0, 0x7f, 
	0xe0, 0x00, 0x00, 0xf0, 0x00, 0x00, 0x00, 0x00, 0x1f, 0xe0, 0x7f, 0xe0, 0x00, 0x01, 0xf0, 0x00, 
	0x00, 0x00, 0x00, 0x07, 0xf0, 0x7f, 0xc0, 0x00, 0x01, 0xe0, 0x00, 0x00, 0x00, 0x02, 0x07, 0xf8, 
	0x3f, 0xc0, 0x00, 0x01, 0xe0, 0x00, 0x00, 0x00, 0x02, 0x03, 0xfc, 0x3f, 0x80, 0x00, 0x03, 0xc0, 
	0x00, 0x00, 0x00, 0x0e, 0x01, 0xfc, 0x1e, 0x00, 0x00, 0x03, 0x80, 0x00, 0x00, 0x00, 0x03, 0x01, 
	0xfe, 0x18, 0x00, 0x00, 0x03, 0x80, 0x00, 0x00, 0x00, 0x03, 0x00, 0xfe, 0x00, 0x00, 0x00, 0x07, 
	0x00, 0x00, 0x00, 0x00, 0x01, 0x00, 0x7e, 0x00, 0x00, 0x00, 0x0f, 0x00, 0x00, 0x00, 0x00, 0x01, 
	0x80, 0x7a, 0x00, 0x00, 0x00, 0x0e, 0x00, 0x00, 0x00, 0x00, 0x01, 0x80, 0x7b, 0x00, 0x00, 0x00, 
	0x0e, 0x00, 0x00, 0x00, 0x00, 0x01, 0x80, 0x71, 0x00, 0x00, 0x00, 0x1e, 0x00, 0x00, 0x00, 0x00, 
	0x01, 0x80, 0x71, 0x00, 0x00, 0x1e, 0x1e, 0x00, 0x00, 0x00, 0x00, 0x00, 0xc0, 0x41, 0x86, 0x00, 
	0xde, 0x3c, 0x00, 0x00, 0x00, 0x00, 0x00, 0xc0, 0x41, 0x86, 0x00, 0xfe, 0x3c, 0x00, 0x00, 0x00, 
	0x00, 0x00, 0xc0, 0x01, 0x87, 0xc0, 0xfe, 0x3c, 0x00, 0x00, 0x00, 0x00, 0x00, 0xc0, 0x00, 0x87, 
	0xc0, 0xfc, 0x30, 0x00, 0x03, 0x00, 0x00, 0x00, 0xc0, 0x00, 0x87, 0xc0, 0xfc, 0x30, 0x00, 0x03, 
	0x00, 0x00, 0x00, 0x00, 0x00, 0xc7, 0xc0, 0x1c, 0x60, 0x00, 0x07, 0x80, 0x00, 0x00, 0x00, 0x00, 
	0x40, 0x00, 0x00, 0x60, 0x00, 0x07, 0xc0, 0x00, 0x00, 0x00, 0x00, 0x60, 0x00, 0x00, 0x60, 0x00, 
	0x07, 0xe0, 0x00, 0x00, 0x00, 0x00, 0x60, 0x00, 0x00, 0x40, 0x00, 0x0f, 0xe0, 0x00, 0x00, 0x00, 
	0x00, 0x60, 0x00, 0x00, 0x40, 0x00, 0x0f, 0xe0, 0x00, 0x00, 0x00, 0x00, 0x20, 0x00, 0x00, 0x40, 
	0x00, 0x1f, 0xf8, 0x00, 0xc0, 0x00, 0x00, 0x10, 0x00, 0x00, 0x00, 0x00, 0x1f, 0xf8, 0x00, 0xe0, 
	0x00, 0x00, 0x10, 0x00, 0x00, 0x00, 0x00, 0x1f, 0xf8, 0x00, 0x70, 0x00, 0x00, 0x10, 0x00, 0x00, 
	0x00, 0x00, 0x3f, 0xf8, 0x10, 0x0c, 0x00, 0x00, 0x10, 0x00, 0x00, 0x80, 0x00, 0x3f, 0xe0, 0x10, 
	0x00, 0x00, 0x00, 0x00, 0x00, 0x00, 0x80, 0x00, 0x3f, 0x86, 0x08, 0x00, 0x00, 0x00, 0x00, 0x00, 
	0x01, 0x00, 0x00, 0x20, 0x3f, 0x8f, 0x1f, 0xc0, 0x00, 0x00, 0x00, 0x01, 0x00, 0x00, 0x03, 0xff, 
	0xc7, 0x1f, 0xe0, 0x00, 0x08, 0x00, 0x01, 0x00, 0x00, 0x7f, 0xff, 0xe7, 0xc9, 0xe0, 0x00, 0x00, 
	0x00, 0x02, 0x00, 0x00, 0xff, 0xff, 0xe3, 0xe4, 0x00, 0x00, 0x00, 0x00, 0x02, 0x00, 0x00, 0xdf, 
	0xff, 0xf1, 0xd0, 0x00, 0x00, 0x04, 0x00, 0x00, 0x00, 0x00, 0x00, 0x3f, 0xf9, 0xe0, 0x00, 0x00, 
	0x00, 0x00, 0x04, 0x00, 0x00, 0x00, 0x07, 0xff, 0x8c, 0x53, 0x00, 0x00, 0x00, 0x00, 0x00, 0x00, 
	0x36, 0x07, 0xff, 0xec, 0xd3, 0x00, 0x00, 0x00, 0x00, 0x00, 0x01, 0x32, 0x0f, 0xff, 0xf0, 0x06, 
	0x00, 0x00, 0x00, 0x00, 0x00, 0x01, 0xd8, 0x0f, 0xff, 0xe0, 0x0e, 0x00, 0x00, 0x00, 0x00, 0x00, 
	0x01, 0xd8, 0x07, 0xff, 0xff, 0xfe, 0x00, 0x00, 0x00, 0x00, 0x00, 0x00, 0xfb, 0xff, 0xff, 0xf5, 
	0x54, 0x00, 0x00, 0x00, 0x00, 0x00, 0x00, 0x7f, 0x5f, 0xff, 0xee, 0x0c, 0x00, 0x00, 0x00, 0x00, 
	0x00, 0x00, 0x74, 0x07, 0xff, 0xd8, 0xbc, 0x00, 0x00, 0x00, 0x00, 0x00, 0x00, 0x68, 0x07, 0xff, 
	0xf5, 0x7c, 0x00, 0x00, 0x00, 0x00, 0x00, 0x00, 0x20, 0x07, 0xef, 0xff, 0xfc, 0x00, 0x00, 0x00, 
	0x00, 0x00, 0x00, 0x10, 0x1f, 0xef, 0xff, 0xf8, 0x00, 0x00, 0x00, 0x00, 0x00, 0x00, 0x3b, 0xff, 
	0xff, 0xff, 0xf8, 0x00, 0x00, 0x00, 0x00, 0x00, 0x00, 0x3f, 0xff, 0xff, 0xff, 0xf0, 0x00, 0x00, 
	0x00, 0x40, 0x00, 0x08, 0x1f, 0xff, 0xff, 0xff, 0xf0, 0x00, 0x00, 0x00, 0x40, 0x00, 0x18, 0x1f, 
	0xff, 0xff, 0xff, 0xe0, 0x00, 0x00, 0x00, 0x40, 0x00, 0xfc, 0x0f, 0xff, 0xff, 0xff, 0xe0, 0x00, 
	0x00, 0x00, 0x40, 0x00, 0xf8, 0x07, 0xff, 0xff, 0x7f, 0xe0, 0x00, 0x00, 0x00, 0x40, 0x00, 0x78, 
	0x03, 0xff, 0x1f, 0xff, 0xc0, 0x00, 0x00, 0x00, 0x00, 0x00, 0x18, 0x01, 0xff, 0xff, 0xff, 0x80, 
	0x00, 0x00, 0x00, 0x00, 0x00, 0x00, 0x01, 0xff, 0xff, 0xff, 0x00, 0x00, 0x00, 0x00, 0x00, 0x00, 
	0x00, 0x00, 0xff, 0xff, 0xfe, 0x00, 0x00, 0x00, 0x00, 0x00, 0x00, 0x00, 0x00, 0x3f, 0xff, 0xfc, 
	0x00, 0x00, 0x00, 0x00, 0x00, 0x00, 0x00, 0x00, 0x07, 0xff, 0xf0, 0x00, 0x00, 0x00, 0x00, 0x00, 
	0x00, 0x00, 0x00, 0x07, 0xff, 0xe0, 0x00, 0x00, 0x00, 0x00, 0x00, 0x00, 0x00, 0x00, 0x01, 0xff, 
	0x80, 0x00, 0x00, 0x00, 0x00, 0x00, 0x00, 0x00, 0x00, 0x00, 0x7f, 0x04, 0x00, 0x00, 0x00, 0x00};
const unsigned char epd_bitmap_laughing[] PROGMEM = {0x00, 0x00, 0x06, 0x00, 0x00, 0x03, 0xf0, 0x00, 0x00, 0x01, 0x80, 0x1c, 0x00, 0x00, 0x01, 0xf8, 
	0x00, 0x00, 0x01, 0xe0, 0x38, 0x00, 0x00, 0x00, 0xfc, 0x00, 0x00, 0x03, 0xe0, 0x38, 0x00, 0x00, 
	0x00, 0x7e, 0x00, 0x00, 0x01, 0xe0, 0x70, 0x00, 0x00, 0x00, 0x3f, 0x00, 0x08, 0x01, 0xa0, 0xe0, 
	0x00, 0x00, 0x08, 0x3f, 0x80, 0x20, 0x00, 0x00, 0xe0, 0x00, 0x00, 0x38, 0x1f, 0x80, 0x40, 0x00, 
	0x01, 0xc0, 0x00, 0x00, 0x38, 0x1f, 0xc0, 0xa0, 0x00, 0x01, 0xc0, 0x00, 0x00, 0x0c, 0x0f, 0xc0, 
	0x00, 0x10, 0x03, 0x80, 0x00, 0x00, 0x0c, 0x0f, 0x40, 0x10, 0x18, 0x03, 0x80, 0x00, 0x00, 0x04, 
	0x0e, 0x60, 0x18, 0x00, 0x03, 0x00, 0x00, 0x00, 0x04, 0x0e, 0x20, 0x08, 0x00, 0x07, 0x00, 0x00, 
	0x00, 0x04, 0x0c, 0x20, 0x08, 0x00, 0x06, 0x00, 0x00, 0x00, 0x06, 0x00, 0x30, 0x00, 0x00, 0x06, 
	0x00, 0x00, 0x00, 0x06, 0x00, 0x10, 0x00, 0x04, 0x06, 0x00, 0x10, 0x00, 0x02, 0x00, 0x10, 0x00, 
	0x0e, 0x0c, 0x00, 0x10, 0x00, 0x00, 0x00, 0x18, 0x00, 0x06, 0x0c, 0x00, 0x38, 0x00, 0x00, 0x00, 
	0x08, 0x00, 0x00, 0x08, 0x00, 0x38, 0x00, 0x00, 0x00, 0x08, 0x08, 0x00, 0x18, 0x00, 0x3c, 0x01, 
	0x00, 0x00, 0x08, 0x18, 0x00, 0x10, 0x00, 0x7c, 0x01, 0x80, 0x00, 0x04, 0x1c, 0x00, 0x10, 0x00, 
	0x7e, 0x01, 0xc0, 0x00, 0x04, 0x08, 0x00, 0x20, 0x00, 0xfe, 0x00, 0xe0, 0x00, 0x06, 0x00, 0x00, 
	0x20, 0x00, 0xff, 0x00, 0x38, 0x00, 0x02, 0x00, 0x00, 0x40, 0x01, 0xfc, 0x08, 0x00, 0x00, 0x02, 
	0x00, 0x00, 0x40, 0x01, 0xf8, 0x84, 0x60, 0x00, 0x01, 0x00, 0x00, 0x80, 0x03, 0xe3, 0xc6, 0x7f, 
	0x80, 0x01, 0x00, 0x00, 0x00, 0x03, 0x0f, 0xe3, 0x3f, 0xe0, 0x00, 0x80, 0x01, 0x00, 0x00, 0x7f, 
	0xf3, 0xbf, 0xf8, 0x00, 0x80, 0x02, 0x00, 0x07, 0xff, 0xf9, 0xd8, 0x18, 0x00, 0x40, 0x00, 0x00, 
	0x07, 0xff, 0xfd, 0xe0, 0x08, 0x00, 0x00, 0x00, 0x00, 0x07, 0xff, 0xff, 0xc7, 0x98, 0x00, 0x20, 
	0x00, 0x00, 0x06, 0x01, 0xff, 0xdf, 0xf8, 0x00, 0x00, 0x00, 0x00, 0x04, 0x0c, 0x7f, 0xff, 0xf0, 
	0x00, 0x00, 0x00, 0x00, 0x06, 0x7f, 0xff, 0xff, 0xf0, 0x00, 0x00, 0x00, 0x00, 0x03, 0xff, 0xff, 
	0xff, 0xf0, 0x00, 0x00, 0x00, 0x00, 0x0b, 0xff, 0xff, 0xff, 0xf0, 0x00, 0x00, 0x34, 0x00, 0x13, 
	0xff, 0xff, 0xff, 0xf0, 0x00, 0x00, 0x00, 0x00, 0x09, 0xff, 0xfb, 0xff, 0xf0, 0x00, 0x00, 0x00, 
	0x00, 0x0d, 0xff, 0xff, 0xff, 0xe0, 0x00, 0x00, 0x08, 0x00, 0x04, 0xff, 0xff, 0xff, 0xe0, 0x00, 
	0x00, 0x08, 0x00, 0x00, 0xff, 0xff, 0xe3, 0xe0, 0x00, 0x00, 0x08, 0x00, 0x00, 0xff, 0xf8, 0x27, 
	0xc0, 0x00, 0x00, 0x08, 0x00, 0x00, 0x7e, 0x0f, 0xef, 0xc0, 0x00, 0x00, 0x08, 0x00, 0x00, 0x3f, 
	0x3f, 0xdf, 0x80, 0x00, 0x08, 0x08, 0x00, 0x00, 0x3f, 0x9f, 0x3f, 0x00, 0x00, 0x00, 0x00, 0x20, 
	0x00, 0x1f, 0xf0, 0xfe, 0x00, 0x00, 0x00, 0x04, 0x00, 0x00, 0x07, 0xff, 0xfc, 0x00, 0x00, 0x00, 
	0x00, 0x00, 0x00, 0x03, 0xff, 0xf8, 0x00, 0x00, 0x00, 0x00, 0x10, 0x00, 0x00, 0xff, 0xf0, 0x00, 
	0x00, 0x00, 0x01, 0x00, 0x00, 0x00, 0x3f, 0xe0, 0x00, 0x00, 0x00, 0x00, 0x08, 0x00, 0x00, 0x0f, 
	0xc4, 0x00, 0x00, 0x00, 0x00, 0x08, 0x00, 0x00, 0x03, 0x0c, 0x00, 0x00, 0x00, 0x00, 0x04, 0x0e, 
	0x00, 0x40, 0x1c, 0x00, 0x00, 0x00, 0x00, 0x00, 0x00, 0x00, 0x60, 0x3c, 0x00, 0x01, 0xc0, 0x00, 
	0x02, 0x00, 0x00, 0x78, 0x7f, 0x00, 0x00, 0x30, 0x00, 0x07, 0x00, 0x03, 0x7f, 0xff, 0x10, 0x00, 
	0x18, 0x00, 0x0c, 0x00, 0x03, 0xff, 0xfe, 0x70, 0x00, 0x0c, 0x00, 0x08, 0x00, 0x01, 0xff, 0xff, 
	0xe0, 0x00, 0x04, 0x00, 0x08, 0x00, 0x00, 0xff, 0xff, 0xe0, 0x00, 0x04, 0x00, 0x10, 0x00, 0x00, 
	0x3f, 0xff, 0xc0, 0x00, 0x04, 0x00, 0x10, 0x00, 0x00, 0x4f, 0xff, 0xc0, 0x00, 0x02, 0x00, 0x10, 
	0x00, 0x00, 0x73, 0xff, 0x80, 0x00, 0x02, 0x00, 0x10, 0x00, 0x00, 0x3f, 0xff, 0x00, 0x00, 0x02};
const unsigned char epd_bitmap_wink[] PROGMEM = {0x00, 0x00, 0x01, 0xc0, 0x00, 0x1f, 0x00, 0x00, 0x40, 0x00, 0x00, 0x03, 0x00, 0x00, 0x0f, 0x80,
0x00, 0xc0, 0x00, 0x00, 0x0e, 0x00, 0x00, 0x07, 0xe0, 0x00, 0xe0, 0x00, 0x00, 0x1c, 0x00, 0x00,
0x03, 0xf0, 0x0f, 0xfc, 0x00, 0x00, 0x38, 0x00, 0x00, 0x01, 0xf8, 0x0f, 0xfc, 0x00, 0x00, 0x70,
0x00, 0x00, 0x00, 0xfc, 0x07, 0xf8, 0x00, 0x00, 0x70, 0x00, 0x00, 0x10, 0x7e, 0x03, 0xf0, 0x00,
0x00, 0xe0, 0x00, 0x00, 0xf0, 0x7e, 0x03, 0xf0, 0x00, 0x00, 0xc0, 0x00, 0x00, 0x10, 0x3f, 0x03,
0xf8, 0x00, 0x01, 0xc0, 0x00, 0x00, 0x10, 0x3f, 0x03, 0x18, 0x00, 0x01, 0x80, 0x00, 0x00, 0x10,
0x1f, 0x02, 0x08, 0x00, 0x01, 0x80, 0x00, 0x00, 0x08, 0x1f, 0x80, 0x00, 0x00, 0x03, 0x00, 0x00,
0x00, 0x08, 0x1d, 0x80, 0x00, 0x00, 0x03, 0x00, 0x00, 0x00, 0x08, 0x18, 0x80, 0x00, 0x00, 0x03,
0x00, 0x00, 0x00, 0x08, 0x10, 0x80, 0x00, 0x00, 0x06, 0x00, 0x10, 0x00, 0x08, 0x00, 0xc0, 0x00,
0x00, 0x06, 0x00, 0x10, 0x00, 0x08, 0x00, 0x40, 0x00, 0x00, 0x04, 0x00, 0x38, 0x00, 0x00, 0x00,
0x40, 0x00, 0x00, 0x04, 0x00, 0x38, 0x00, 0x00, 0x00, 0x40, 0x00, 0x00, 0x0c, 0x00, 0x7c, 0x00,
0x00, 0x00, 0x60, 0x00, 0x00, 0x08, 0x00, 0x7c, 0x00, 0x00, 0x00, 0x20, 0x00, 0x00, 0x08, 0x00,
0x7e, 0x01, 0x00, 0x00, 0x20, 0x00, 0x00, 0x10, 0x00, 0xfe, 0x00, 0x80, 0x00, 0x20, 0x00, 0x00,
0x10, 0x00, 0xff, 0x00, 0xc0, 0x00, 0x10, 0x00, 0x00, 0x20, 0x00, 0x1f, 0x08, 0xc0, 0x00, 0x10,
0x00, 0x00, 0x20, 0x01, 0xc1, 0x88, 0x00, 0x00, 0x10, 0x00, 0x00, 0x40, 0x03, 0xf8, 0x44, 0x38,
0x00, 0x10, 0x00, 0x00, 0x00, 0x03, 0xff, 0x64, 0x40, 0x00, 0x08, 0x00, 0x00, 0x80, 0x07, 0xff,
0xe3, 0x00, 0x00, 0x08, 0x00, 0x01, 0x00, 0x07, 0xff, 0xf3, 0x01, 0x00, 0x00, 0x00, 0x00, 0x00,
0x04, 0x03, 0xf9, 0x01, 0x40, 0x04, 0x00, 0x00, 0x00, 0x06, 0x38, 0xff, 0xda, 0x40, 0x00, 0x00,
0x00, 0x00, 0x03, 0xff, 0xff, 0xe0, 0xc0, 0x02, 0x00, 0x00, 0x00, 0x03, 0xff, 0xff, 0xff, 0x80,
0x00, 0x00, 0x00, 0x00, 0x03, 0xff, 0xff, 0xff, 0x80, 0x01, 0x00, 0x00, 0x00, 0x0b, 0xff, 0xff,
0xff, 0x80, 0x00, 0x00, 0x00, 0x00, 0x09, 0xff, 0xf7, 0xff, 0xa0, 0x00, 0x80, 0x06, 0x00, 0x05,
0xff, 0xf7, 0xff, 0x00, 0x00, 0x00, 0x00, 0x00, 0x00, 0xff, 0xff, 0xff, 0x00, 0x00, 0x00, 0x00,
0x00, 0x00, 0xff, 0xff, 0xff, 0x00, 0x00, 0x00, 0x00, 0x00, 0x00, 0xff, 0xff, 0x7e, 0x00, 0x00,
0x00, 0x00, 0x00, 0x00, 0x7f, 0xfc, 0xfc, 0x00, 0x00, 0x00, 0x00, 0x00, 0x00, 0x3f, 0x1f, 0xfc,
0x00, 0x00, 0x00, 0x00, 0x20, 0x00, 0x1f, 0xff, 0xf8, 0x00, 0x00, 0x00, 0x00, 0x00, 0x00, 0x0f,
0xff, 0xf0, 0x00, 0x00, 0x00, 0x04, 0x00, 0x00, 0x07, 0xff, 0xc0, 0x00, 0x00, 0x00, 0x00, 0x00,
0x00, 0x03, 0xff, 0x80, 0x00, 0x00, 0x00, 0x00, 0x00, 0x00, 0x00, 0xff, 0x00, 0x00, 0x00, 0x80,
0x00, 0x00, 0x00, 0x08, 0x3c, 0x00, 0x00, 0x00, 0x00, 0x01, 0x00, 0x00, 0x0e, 0x00, 0x40, 0x00,
0x00, 0x00, 0x00, 0x08, 0x00, 0x0f, 0x00, 0xc0, 0x00, 0x00, 0x00, 0x00, 0x00, 0x00, 0x0f, 0xc3,
0xc0, 0x00, 0x00, 0x00, 0x00, 0x04, 0x00, 0x0f, 0xf7, 0xc0, 0x00, 0x40, 0x00, 0x00, 0x00, 0x00,
0x0f, 0xff, 0xe0, 0x00, 0x00, 0x00, 0x00, 0x02, 0x00, 0x07, 0xff, 0x00, 0x18, 0x00, 0x00, 0x00,
0x00, 0x02, 0x00, 0x3f, 0xfc, 0x06, 0x00, 0x00, 0x00, 0x00, 0x00, 0xfb, 0xff, 0xf8, 0x40, 0x00,
0x00, 0x00, 0x01, 0x80, 0x7f, 0xff, 0xf1, 0xf0, 0x20, 0x00, 0x00, 0x01, 0x00, 0x07, 0xff, 0xef,
0xe0, 0x00, 0x00, 0x00, 0x01, 0x00, 0x3f, 0x7e, 0xff, 0x80, 0x00, 0x00, 0x00, 0x07, 0x00, 0x1f,
0x81, 0xff, 0x00, 0x00, 0x00, 0x00, 0x20, 0x00, 0x0f, 0xe7, 0xfc, 0x00, 0x02, 0x00, 0x00, 0x00,
0x00, 0x07, 0xff, 0xf8, 0x00, 0x00, 0x80, 0x00, 0x00, 0x00, 0x03, 0xff, 0xe0, 0x00, 0x00, 0x00};
// TODO: fill with your 82x64 wink_v2 bitmap hex data (656 bytes)
const unsigned char epd_bitmap_wink_v2[] PROGMEM = {0x00, 0x00, 0x3c, 0x00, 0x00, 0x00, 0x00, 0x7e, 0x00, 0x00, 0x00, 0x00, 0x00, 0x78, 0x00, 0x00, 
	0x00, 0x00, 0x7f, 0x00, 0x00, 0x00, 0x00, 0x00, 0x78, 0x00, 0x00, 0x00, 0x10, 0x3f, 0x80, 0x00, 
	0x00, 0x00, 0x00, 0xf0, 0x00, 0x00, 0x00, 0x78, 0x1f, 0x80, 0x00, 0x00, 0x00, 0x00, 0xe0, 0x00, 
	0x00, 0x00, 0xf8, 0x1f, 0xc0, 0x00, 0x00, 0x00, 0x00, 0xe0, 0x00, 0x00, 0x00, 0x18, 0x1f, 0xc0, 
	0x00, 0x00, 0x00, 0x01, 0xc0, 0x00, 0x00, 0x00, 0x18, 0x0f, 0xe0, 0x00, 0x00, 0x00, 0x01, 0xc0, 
	0x00, 0x00, 0x00, 0x08, 0x0f, 0xe0, 0x00, 0x00, 0x00, 0x01, 0x80, 0x00, 0x00, 0x00, 0x08, 0x0f, 
	0xe0, 0x00, 0x00, 0x00, 0x03, 0x80, 0x00, 0x00, 0x00, 0x08, 0x0f, 0x20, 0x00, 0x00, 0x00, 0x03, 
	0x00, 0x00, 0x00, 0x00, 0x0c, 0x0e, 0x30, 0x00, 0x00, 0x00, 0x03, 0x00, 0x02, 0x00, 0x00, 0x0c, 
	0x0c, 0x30, 0x00, 0x00, 0x00, 0x07, 0x00, 0x03, 0x00, 0x00, 0x0c, 0x0c, 0x10, 0x00, 0x00, 0x00, 
	0x06, 0x00, 0x03, 0x00, 0x00, 0x04, 0x08, 0x18, 0x00, 0x00, 0x00, 0x06, 0x00, 0x07, 0x00, 0x00, 
	0x04, 0x00, 0x18, 0x00, 0x00, 0x00, 0x0c, 0x00, 0x07, 0x80, 0x00, 0x04, 0x00, 0x08, 0x00, 0x00, 
	0x00, 0x0c, 0x00, 0x0f, 0x80, 0x00, 0x00, 0x00, 0x08, 0x00, 0x00, 0x00, 0x0c, 0x00, 0x0f, 0xc0, 
	0x00, 0x00, 0x00, 0x0c, 0x00, 0x00, 0x00, 0x08, 0x00, 0x0f, 0xc0, 0x00, 0x00, 0x00, 0x0c, 0x00, 
	0x00, 0x00, 0x18, 0x00, 0x1f, 0xe0, 0x02, 0x00, 0x00, 0x04, 0x00, 0x00, 0x00, 0x10, 0x00, 0x1f, 
	0xe0, 0x02, 0x00, 0x00, 0x04, 0x00, 0x00, 0x00, 0x30, 0x00, 0x3f, 0xf0, 0x03, 0x00, 0x00, 0x06, 
	0x00, 0x00, 0x00, 0x20, 0x00, 0x3f, 0xf8, 0x43, 0x80, 0x00, 0x06, 0x00, 0x00, 0x00, 0x60, 0x00, 
	0x7f, 0xf8, 0x41, 0xc0, 0x00, 0x02, 0x00, 0x00, 0x00, 0x40, 0x00, 0x00, 0xfc, 0x21, 0x80, 0x00, 
	0x02, 0x00, 0x00, 0x00, 0x40, 0x00, 0x70, 0x1e, 0x30, 0x00, 0x00, 0x03, 0x00, 0x00, 0x00, 0x80, 
	0x00, 0xfe, 0x07, 0x18, 0x3c, 0x00, 0x01, 0x00, 0x00, 0x01, 0x00, 0x01, 0xff, 0xc3, 0x18, 0xf0, 
	0x00, 0x01, 0x00, 0x00, 0x01, 0x00, 0x01, 0xff, 0xfb, 0x8e, 0x00, 0x00, 0x01, 0x80, 0x00, 0x02, 
	0x00, 0x01, 0xff, 0xff, 0xcf, 0x00, 0x00, 0x00, 0x80, 0x00, 0x04, 0x00, 0x03, 0xff, 0xff, 0xe7, 
	0x00, 0x80, 0x00, 0x80, 0x00, 0x04, 0x00, 0x02, 0x80, 0x7f, 0xfe, 0x20, 0x90, 0x00, 0x40, 0x00, 
	0x08, 0x00, 0x02, 0x00, 0x1f, 0xfe, 0x81, 0x90, 0x00, 0x40, 0x00, 0x10, 0x00, 0x01, 0x8f, 0x8f, 
	0xff, 0x81, 0x30, 0x00, 0x20, 0x00, 0x00, 0x00, 0x01, 0xff, 0xff, 0xff, 0xe2, 0x70, 0x00, 0x20, 
	0x00, 0x00, 0x00, 0x01, 0xff, 0xff, 0xff, 0xff, 0xe0, 0x00, 0x10, 0x00, 0x00, 0x00, 0x01, 0xff, 
	0xff, 0xff, 0xff, 0xe0, 0x00, 0x00, 0x00, 0x00, 0x00, 0x00, 0xdf, 0xff, 0xff, 0xff, 0xe0, 0x00, 
	0x08, 0x00, 0x00, 0x00, 0x00, 0xff, 0xff, 0xff, 0xff, 0xe0, 0x00, 0x00, 0x00, 0x00, 0x00, 0x00, 
	0xff, 0xff, 0xff, 0xff, 0xc0, 0x00, 0x00, 0x00, 0xf8, 0x00, 0x00, 0x7f, 0xff, 0xdf, 0xff, 0xc0, 
	0x00, 0x00, 0x00, 0x00, 0x00, 0x00, 0x7f, 0xff, 0xdf, 0xff, 0xc0, 0x00, 0x00, 0x00, 0x00, 0x00, 
	0x00, 0x7f, 0xff, 0xff, 0xff, 0x80, 0x00, 0x00, 0x00, 0x10, 0x00, 0x00, 0x3f, 0xff, 0xff, 0xff, 
	0x80, 0x00, 0x00, 0x00, 0x00, 0x00, 0x00, 0x3f, 0xdf, 0xff, 0xff, 0x00, 0x00, 0x00, 0x00, 0x00, 
	0x00, 0x00, 0x1f, 0xc0, 0x03, 0xff, 0x00, 0x00, 0x00, 0x00, 0x00, 0x00, 0x00, 0x0f, 0xe3, 0xfc, 
	0x7e, 0x00, 0x00, 0x00, 0x00, 0x00, 0x00, 0x00, 0x07, 0xf3, 0xfc, 0xfc, 0x00, 0x00, 0x00, 0x00, 
	0x00, 0x40, 0x00, 0x03, 0xfc, 0xf3, 0xf8, 0x00, 0x00, 0x00, 0x00, 0x00, 0x00, 0x00, 0x01, 0xff, 
	0x07, 0xf0, 0x00, 0x00, 0x00, 0x00, 0x10, 0x00, 0x00, 0x00, 0x7f, 0xff, 0xc0, 0x00, 0x00, 0x00, 
	0x00, 0x00, 0x20, 0x00, 0x00, 0x1f, 0xff, 0x80, 0x00, 0x00, 0x04, 0x00, 0x00, 0x20, 0x00, 0x00, 
	0x0f, 0xfe, 0x00, 0x00, 0x00, 0x04, 0x00, 0x00, 0x00, 0x00, 0x00, 0x03, 0xf8, 0x00, 0x00, 0x00, 
	0x00, 0x00, 0x00, 0x10, 0x00, 0x00, 0xc0, 0xe0, 0x00, 0x00, 0x00, 0x00, 0x00, 0x02, 0x10, 0x00, 
	0x00, 0xe0, 0x00, 0xc0, 0x00, 0x00, 0x00, 0x00, 0x00, 0x00, 0x00, 0x00, 0xf8, 0x01, 0xc0, 0x00, 
	0x00, 0x00, 0x00, 0x00, 0x08, 0x00, 0x00, 0xfc, 0x07, 0xc0, 0x00, 0x00, 0x00, 0x00, 0x00, 0x00, 
	0x00, 0x00, 0xff, 0x1f, 0xc0, 0x00, 0x04, 0x00, 0x00, 0x00, 0x04, 0x00, 0x00, 0xff, 0xff, 0xc0, 
	0x00, 0x00, 0x00, 0x00, 0x00, 0x00, 0x00, 0x00, 0xff, 0xff, 0xc0, 0x00, 0x00, 0x00, 0x00, 0x00, 
	0x02, 0x00, 0x01, 0xff, 0xff, 0xe0, 0x0c, 0x00, 0x00, 0x00, 0x00, 0x00, 0x00, 0x03, 0xff, 0xff, 
	0xfe, 0x0f, 0x00, 0x00, 0x00, 0x00, 0x00, 0x00, 0x00, 0x00, 0x00, 0x00, 0x00, 0x00, 0x00, 0x00};
// TODO: fill with your 82x64 wink_v3 bitmap hex data (656 bytes)
const unsigned char epd_bitmap_wink_v3[] PROGMEM = {0x00, 0x00, 0x00, 0x1e, 0x40, 0x00, 0x7e, 0x00, 0x00, 0x00, 0x00, 0x00, 0x00, 0x00, 0x38, 0x00, 
	0x00, 0x3f, 0x80, 0x00, 0x00, 0x00, 0x00, 0x00, 0x00, 0xe0, 0x00, 0x00, 0x0f, 0xe0, 0x00, 0x00, 
	0x00, 0x00, 0x00, 0x03, 0xc0, 0x00, 0x00, 0x07, 0xf0, 0x00, 0x00, 0x00, 0x00, 0x00, 0x07, 0x80, 
	0x00, 0x00, 0x03, 0xf8, 0x00, 0x00, 0x00, 0x00, 0x00, 0x0f, 0x00, 0x00, 0x00, 0x01, 0xfc, 0x00, 
	0x00, 0x00, 0x00, 0x00, 0x0e, 0x00, 0x00, 0x00, 0x00, 0xfe, 0x00, 0x00, 0x00, 0x00, 0x00, 0x1e, 
	0x00, 0x00, 0x00, 0x60, 0x7f, 0x00, 0x00, 0x00, 0x00, 0x00, 0x3c, 0x00, 0x00, 0x01, 0xe0, 0x3f, 
	0x80, 0x00, 0x00, 0x00, 0x00, 0x38, 0x00, 0x00, 0x00, 0xf0, 0x3f, 0x80, 0x00, 0x00, 0x00, 0x00, 
	0x38, 0x00, 0x00, 0x00, 0x30, 0x1f, 0x80, 0x00, 0x00, 0x00, 0x00, 0x70, 0x00, 0x00, 0x00, 0x30, 
	0x1f, 0xc0, 0x00, 0x00, 0x00, 0x00, 0x70, 0x00, 0x00, 0x00, 0x10, 0x1f, 0xc0, 0x00, 0x00, 0x00, 
	0x00, 0xe0, 0x00, 0x00, 0x00, 0x10, 0x0f, 0x60, 0x00, 0x00, 0x00, 0x00, 0xe0, 0x00, 0x00, 0x00, 
	0x18, 0x0e, 0x60, 0x00, 0x00, 0x00, 0x00, 0xc0, 0x00, 0x00, 0x00, 0x18, 0x0c, 0x20, 0x00, 0x00, 
	0x00, 0x01, 0xc0, 0x01, 0x00, 0x00, 0x08, 0x08, 0x30, 0x00, 0x00, 0x00, 0x01, 0x80, 0x01, 0x80, 
	0x00, 0x08, 0x08, 0x30, 0x00, 0x00, 0x00, 0x01, 0x80, 0x03, 0x80, 0x00, 0x0c, 0x00, 0x10, 0x00, 
	0x00, 0x00, 0x03, 0x00, 0x03, 0xc0, 0x00, 0x0c, 0x00, 0x18, 0x00, 0x00, 0x00, 0x03, 0x00, 0x07, 
	0xc0, 0x00, 0x00, 0x00, 0x18, 0x00, 0x00, 0x00, 0x02, 0x00, 0x07, 0xe0, 0x00, 0x00, 0x00, 0x08, 
	0x00, 0x00, 0x00, 0x06, 0x00, 0x0f, 0xe0, 0x00, 0x00, 0x00, 0x08, 0x00, 0x00, 0x00, 0x04, 0x00, 
	0x0f, 0xf0, 0x02, 0x00, 0x00, 0x0c, 0x00, 0x00, 0x00, 0x0c, 0x00, 0x1f, 0xf8, 0x03, 0x00, 0x00, 
	0x04, 0x00, 0x00, 0x00, 0x08, 0x00, 0x1f, 0xf8, 0x01, 0x80, 0x00, 0x04, 0x00, 0x00, 0x00, 0x18, 
	0x00, 0x00, 0x0c, 0x21, 0xc0, 0x00, 0x06, 0x00, 0x00, 0x00, 0x10, 0x00, 0x1f, 0x06, 0x31, 0xc0, 
	0x00, 0x02, 0x00, 0x00, 0x00, 0x20, 0x00, 0x7f, 0xf3, 0x18, 0x00, 0x00, 0x02, 0x00, 0x00, 0x00, 
	0x20, 0x00, 0x7f, 0xff, 0x9c, 0x1c, 0x00, 0x03, 0x00, 0x00, 0x00, 0x40, 0x00, 0xff, 0xff, 0x8c, 
	0xfe, 0x00, 0x01, 0x00, 0x00, 0x00, 0x80, 0x00, 0xfd, 0xff, 0xcf, 0xff, 0x80, 0x01, 0x00, 0x00, 
	0x00, 0x80, 0x00, 0xc0, 0x3f, 0xe7, 0xff, 0xc0, 0x00, 0x80, 0x00, 0x01, 0x00, 0x00, 0x00, 0x1f, 
	0xff, 0xe0, 0x70, 0x00, 0x80, 0x00, 0x02, 0x00, 0x01, 0x1e, 0x87, 0xff, 0x80, 0x00, 0x00, 0x40, 
	0x00, 0x00, 0x00, 0x01, 0x9e, 0x07, 0xff, 0x1e, 0x10, 0x00, 0x40, 0x00, 0x00, 0x00, 0x00, 0xc6, 
	0x0f, 0xff, 0xff, 0xf0, 0x00, 0x20, 0x00, 0x00, 0x00, 0x00, 0xf7, 0xff, 0xff, 0xff, 0xf0, 0x00, 
	0x20, 0x00, 0x00, 0x00, 0x00, 0xff, 0xff, 0xff, 0xff, 0xf0, 0x00, 0x10, 0x00, 0x00, 0x00, 0x00, 
	0xff, 0xff, 0xff, 0xff, 0xf0, 0x00, 0x00, 0x00, 0x00, 0x00, 0x00, 0x7f, 0xff, 0xff, 0xff, 0xe0, 
	0x00, 0x00, 0x00, 0x02, 0x00, 0x00, 0x7f, 0xff, 0xff, 0xff, 0xe0, 0x00, 0x00, 0x00, 0x12, 0x00, 
	0x00, 0x7f, 0xff, 0xff, 0xff, 0xe0, 0x00, 0x00, 0x00, 0x00, 0x00, 0x00, 0x3f, 0xff, 0xef, 0xff, 
	0xc0, 0x00, 0x00, 0x00, 0x00, 0x00, 0x00, 0x3f, 0xff, 0xff, 0xff, 0xc0, 0x00, 0x00, 0x00, 0x00, 
	0x00, 0x00, 0x3f, 0xff, 0xff, 0x9f, 0xc0, 0x00, 0x00, 0x00, 0x00, 0x00, 0x00, 0x1f, 0xff, 0xff, 
	0xbf, 0x80, 0x00, 0x00, 0x00, 0x00, 0x00, 0x00, 0x1f, 0xff, 0xfe, 0x7f, 0x80, 0x00, 0x00, 0x00, 
	0x00, 0x00, 0x00, 0x0f, 0xff, 0xf9, 0xff, 0x00, 0x00, 0x00, 0x00, 0x00, 0x00, 0x00, 0x07, 0xfc, 
	0x0f, 0xfe, 0x00, 0x00, 0x00, 0x00, 0x00, 0x10, 0x00, 0x03, 0xff, 0xff, 0xfc, 0x00, 0x00, 0x00, 
	0x00, 0x04, 0x00, 0x00, 0x01, 0xff, 0xff, 0xf8, 0x00, 0x00, 0x00, 0x00, 0x04, 0x00, 0x00, 0x00, 
	0x7f, 0xff, 0xf0, 0x00, 0x00, 0x00, 0x00, 0x00, 0x00, 0x00, 0x00, 0x1f, 0xff, 0xc0, 0x00, 0x00, 
	0x08, 0x00, 0x00, 0x08, 0x00, 0x00, 0x0f, 0xff, 0x80, 0x00, 0x00, 0x00, 0x00, 0x00, 0x08, 0x00, 
	0x00, 0x03, 0xfe, 0x00, 0x00, 0x00, 0x00, 0x00, 0x00, 0x04, 0x00, 0x00, 0x40, 0xf8, 0x00, 0x00, 
	0x00, 0x00, 0x00, 0x00, 0x04, 0x00, 0x00, 0x60, 0x00, 0x00, 0x00, 0x00, 0x00, 0x00, 0x00, 0x00, 
	0x00, 0x00, 0x78, 0x00, 0xc0, 0x00, 0x00, 0x00, 0x00, 0x00, 0x02, 0x00, 0x00, 0x7e, 0x01, 0xc0, 
	0x00, 0x04, 0x00, 0x00, 0x00, 0x01, 0x00, 0x00, 0x7f, 0x07, 0xe0, 0x00, 0x10, 0x00, 0x00, 0x00, 
	0x01, 0x00, 0x00, 0x7f, 0xff, 0xe0, 0x00, 0x00, 0x00, 0x00, 0x00, 0x00, 0x80, 0x00, 0xff, 0xff, 
	0xe0, 0x0c, 0x00, 0x00, 0x00, 0x00, 0x00, 0x80, 0x40, 0xff, 0xff, 0xfe, 0x0f, 0x00, 0x00, 0x00};
const unsigned char epd_bitmap_confused[] PROGMEM = {0x00, 0x00, 0xc0, 0x07, 0xff, 0xe0, 0x00, 0x01, 0x82, 0x00, 0xe0, 0x80, 0x3f, 0x01, 0xfc, 0x00, 
	0xc0, 0x22, 0x01, 0xb0, 0x80, 0x7e, 0x00, 0x3f, 0x00, 0x84, 0x62, 0x01, 0x10, 0x00, 0xe0, 0x00, 
	0x1f, 0x80, 0x84, 0x62, 0x01, 0x30, 0x03, 0x80, 0x00, 0x0f, 0xc0, 0x45, 0xe1, 0x00, 0x30, 0x07, 
	0x00, 0x00, 0x07, 0xe0, 0x02, 0x01, 0x00, 0x30, 0x0e, 0x00, 0x00, 0x03, 0xf8, 0x20, 0x02, 0x00, 
	0x10, 0x1c, 0x00, 0x00, 0x01, 0xf8, 0x00, 0x06, 0x00, 0x00, 0x38, 0x00, 0x00, 0x10, 0x7c, 0x02, 
	0x10, 0x03, 0x08, 0x38, 0x00, 0x00, 0x70, 0x7e, 0x01, 0xe0, 0x07, 0x80, 0x70, 0x00, 0x00, 0x10, 
	0x3e, 0x04, 0x00, 0x04, 0x80, 0x70, 0x00, 0x00, 0x10, 0x3e, 0x06, 0x00, 0x04, 0x80, 0x60, 0x00, 
	0x00, 0x18, 0x3f, 0x06, 0x00, 0x00, 0x80, 0xe0, 0x00, 0x00, 0x18, 0x1f, 0x10, 0x00, 0x00, 0x00, 
	0xc0, 0x00, 0x00, 0x08, 0x1d, 0x10, 0x00, 0x00, 0x20, 0xc0, 0x00, 0x00, 0x08, 0x19, 0x80, 0x00, 
	0x00, 0x01, 0x80, 0x08, 0x00, 0x08, 0x11, 0x80, 0x00, 0x00, 0x01, 0x80, 0x08, 0x00, 0x08, 0x00, 
	0xc0, 0x00, 0x00, 0x01, 0x80, 0x18, 0x00, 0x08, 0x00, 0xc0, 0x00, 0x00, 0x01, 0x00, 0x1c, 0x00, 
	0x00, 0x00, 0xc0, 0x00, 0x00, 0x03, 0x00, 0x1c, 0x00, 0x00, 0x00, 0xc0, 0x00, 0x00, 0x03, 0x00, 
	0x3e, 0x00, 0x00, 0x00, 0x40, 0x00, 0x00, 0x06, 0x00, 0x3f, 0x01, 0x00, 0x00, 0x60, 0x00, 0x00, 
	0x06, 0x00, 0x30, 0x01, 0x80, 0x00, 0x20, 0x00, 0x00, 0x0c, 0x00, 0x40, 0x00, 0x00, 0x00, 0x20, 
	0x00, 0x00, 0x08, 0x00, 0x3f, 0x88, 0xe0, 0x00, 0x20, 0x00, 0x00, 0x08, 0x00, 0xff, 0xc4, 0x70, 
	0x00, 0x10, 0x00, 0x00, 0x10, 0x00, 0xfd, 0xe6, 0x70, 0x00, 0x10, 0x00, 0x00, 0x10, 0x01, 0xc3, 
	0xe6, 0x40, 0x00, 0x10, 0x00, 0x00, 0x20, 0x03, 0x10, 0xf3, 0x80, 0x00, 0x10, 0x00, 0x00, 0x40, 
	0x03, 0x39, 0xfb, 0xd6, 0x00, 0x08, 0x00, 0x00, 0x40, 0x02, 0x63, 0xfd, 0xc7, 0x00, 0x08, 0x00, 
	0x00, 0x80, 0x03, 0xaf, 0xff, 0xfe, 0xc0, 0x04, 0x00, 0x01, 0x00, 0x01, 0xdf, 0xff, 0xfd, 0xc0, 
	0x04, 0x00, 0x00, 0x00, 0x05, 0xff, 0xff, 0xff, 0xc0, 0x02, 0x00, 0x00, 0x00, 0x00, 0xff, 0xff, 
	0xff, 0xa0, 0x02, 0x00, 0x00, 0x00, 0x04, 0xff, 0xff, 0xff, 0xa0, 0x00, 0x00, 0x00, 0x00, 0x06, 
	0xff, 0xff, 0xff, 0xa0, 0x01, 0x00, 0x0f, 0x80, 0x03, 0xff, 0xff, 0xff, 0x80, 0x00, 0x00, 0x00, 
	0x00, 0x00, 0x7f, 0xff, 0xff, 0x00, 0x00, 0x00, 0x01, 0x00, 0x00, 0x7f, 0xff, 0xfe, 0x00, 0x00, 
	0x80, 0x01, 0x00, 0x00, 0x3f, 0xff, 0xfe, 0x00, 0x00, 0x00, 0x01, 0x00, 0x00, 0x3f, 0xdd, 0xfc, 
	0x00, 0x00, 0x00, 0x01, 0x00, 0x00, 0x1f, 0xc1, 0xf8, 0x00, 0x00, 0x80, 0x01, 0x08, 0x00, 0x0f, 
	0xff, 0xf8, 0x00, 0x00, 0x80, 0x01, 0x08, 0x00, 0x07, 0xff, 0xf0, 0x00, 0x05, 0x80, 0x00, 0x08, 
	0x00, 0x03, 0xff, 0xe0, 0x00, 0x01, 0x00, 0x00, 0x80, 0x00, 0x00, 0xff, 0x80, 0x00, 0x01, 0x00, 
	0x00, 0x04, 0x00, 0x04, 0x3f, 0x00, 0x00, 0x11, 0x00, 0x00, 0x44, 0x00, 0x07, 0x0c, 0x60, 0x00, 
	0x00, 0x00, 0x00, 0x22, 0x00, 0x07, 0x81, 0xe0, 0x00, 0x00, 0x00, 0x00, 0x00, 0x00, 0x07, 0xe3, 
	0xe0, 0x00, 0x00, 0x00, 0x00, 0x01, 0x00, 0x07, 0xff, 0xe0, 0x00, 0x80, 0x00, 0x00, 0x00, 0x00, 
	0x0f, 0xff, 0xe0, 0x10, 0x00, 0x00, 0x00, 0x00, 0x82, 0x07, 0xff, 0x80, 0x3a, 0x00, 0x00, 0x00, 
	0x00, 0x01, 0x80, 0x1f, 0xfc, 0x06, 0x00, 0x00, 0x00, 0x00, 0x40, 0x7f, 0xff, 0xf8, 0xe1, 0xc0, 
	0x00, 0x00, 0x00, 0x60, 0x1f, 0xff, 0xf3, 0xf0, 0x20, 0x00, 0x00, 0x00, 0xc0, 0x33, 0xff, 0xff, 
	0xe0, 0x00, 0x00, 0x00, 0x00, 0xc0, 0x1f, 0xcd, 0xff, 0x80, 0x30, 0x00, 0x00, 0x0e, 0x00, 0x0f, 
	0xf3, 0xfe, 0x00, 0x0c, 0x00, 0x00, 0x30, 0x00, 0x07, 0xff, 0xf8, 0x00, 0x03, 0x00, 0x00, 0x20, 
	0x00, 0x03, 0xff, 0xf8, 0x00, 0x01, 0x80, 0x00, 0x00, 0x00, 0x01, 0xff, 0xe0, 0x00, 0x00, 0x40};
const unsigned char epd_bitmap_love[] PROGMEM = {0x00, 0x00, 0x07, 0x00, 0x00, 0x01, 0xfc, 0x00, 0xfc, 0x00, 0x00, 0x0e, 0x00, 0x00, 0x00, 0x7e, 
	0x00, 0xf8, 0x00, 0x00, 0x1c, 0x00, 0x00, 0x00, 0x3f, 0x00, 0x70, 0x00, 0x00, 0x3c, 0x00, 0x00, 
	0x04, 0x3f, 0x80, 0x40, 0x00, 0x00, 0x78, 0x00, 0x00, 0x0c, 0x1f, 0x80, 0x00, 0x00, 0x00, 0x70, 
	0x00, 0x00, 0x3c, 0x0f, 0xc0, 0x00, 0x01, 0xc0, 0xf0, 0x00, 0x00, 0x0e, 0x0f, 0xe0, 0x00, 0x0f, 
	0xc0, 0xe0, 0x00, 0x00, 0x06, 0x07, 0xe0, 0x00, 0x0f, 0x80, 0xe0, 0x00, 0x00, 0x06, 0x07, 0xf0, 
	0x00, 0x07, 0x81, 0xc0, 0x00, 0x00, 0x06, 0x07, 0xf0, 0x00, 0x01, 0x01, 0x80, 0x00, 0x00, 0x06, 
	0x07, 0xb0, 0x62, 0x00, 0x01, 0x80, 0x00, 0x00, 0x02, 0x07, 0x10, 0x77, 0x00, 0x03, 0x80, 0x00, 
	0x00, 0x02, 0x06, 0x10, 0x7f, 0x00, 0x03, 0x00, 0x0c, 0x00, 0x03, 0x04, 0x18, 0x7e, 0x10, 0x03, 
	0x00, 0x0c, 0x00, 0x03, 0x00, 0x18, 0x7e, 0x18, 0x06, 0x00, 0x0c, 0x00, 0x03, 0x00, 0x08, 0x3c, 
	0x0e, 0x06, 0x00, 0x1e, 0x00, 0x00, 0x00, 0x08, 0x30, 0x03, 0x04, 0x00, 0x1e, 0x00, 0x00, 0x00, 
	0x0c, 0x00, 0x81, 0x0c, 0x00, 0x3f, 0x00, 0x00, 0x00, 0x0c, 0x00, 0x70, 0x0c, 0x00, 0x3f, 0x00, 
	0x00, 0x00, 0x04, 0x00, 0x10, 0x08, 0x00, 0x3f, 0x00, 0x40, 0x00, 0x04, 0x01, 0x00, 0x18, 0x00, 
	0x7f, 0x80, 0x20, 0x00, 0x06, 0x03, 0x00, 0x10, 0x00, 0xff, 0x84, 0x30, 0x00, 0x02, 0x06, 0x00, 
	0x30, 0x00, 0xff, 0x42, 0x18, 0x00, 0x02, 0x08, 0x00, 0x20, 0x00, 0xf8, 0xe3, 0x00, 0x00, 0x02, 
	0x10, 0x00, 0x40, 0x01, 0xc7, 0xf3, 0x98, 0x00, 0x01, 0x11, 0x00, 0x40, 0x01, 0xff, 0xf1, 0x9f, 
	0x80, 0x01, 0x13, 0x00, 0x80, 0x03, 0xff, 0xf9, 0xcf, 0xc0, 0x01, 0x00, 0x01, 0x00, 0x03, 0x03, 
	0xfc, 0xe0, 0x10, 0x00, 0x84, 0x02, 0x00, 0x00, 0x00, 0xfe, 0xe0, 0x00, 0x00, 0x80, 0x00, 0x00, 
	0x02, 0x50, 0xff, 0xc8, 0x48, 0x00, 0x40, 0x04, 0x00, 0x03, 0x53, 0xff, 0xe9, 0xd8, 0x00, 0x40, 
	0x00, 0x00, 0x03, 0x8f, 0xff, 0xfc, 0x30, 0x00, 0x20, 0x00, 0x00, 0x01, 0xff, 0xff, 0xff, 0xf4, 
	0x00, 0x20, 0x00, 0x00, 0x0d, 0xff, 0xff, 0xff, 0xe4, 0x00, 0x10, 0x00, 0x00, 0x0f, 0xff, 0xff, 
	0xff, 0xfc, 0x00, 0x10, 0x3e, 0x00, 0x0e, 0xff, 0xfd, 0xff, 0xfe, 0x00, 0x08, 0x00, 0x00, 0x1e, 
	0xff, 0xfd, 0xff, 0x7e, 0x00, 0x08, 0x00, 0x00, 0x1e, 0x9f, 0xff, 0xfe, 0x6e, 0x00, 0x00, 0x04, 
	0x00, 0x3e, 0x5f, 0xff, 0xfe, 0xcf, 0x00, 0x20, 0x04, 0x00, 0x3c, 0x5f, 0xff, 0xff, 0xcf, 0x00, 
	0x00, 0x04, 0x00, 0x3c, 0xff, 0xff, 0xff, 0xcf, 0x00, 0x00, 0x04, 0x00, 0x7c, 0xdf, 0xff, 0xff, 
	0x6f, 0x80, 0x00, 0x04, 0x10, 0x3d, 0x9f, 0xff, 0xfe, 0x6f, 0x00, 0x00, 0x04, 0x10, 0x3d, 0x8f, 
	0xff, 0xfc, 0x6d, 0x00, 0x88, 0x00, 0x10, 0x3d, 0x83, 0xff, 0xf8, 0x6d, 0x00, 0x08, 0x00, 0x10, 
	0x1f, 0xc1, 0xff, 0xf0, 0x6f, 0x00, 0x10, 0x00, 0x08, 0x1f, 0xc0, 0x7f, 0xc0, 0xff, 0x00, 0x10, 
	0x01, 0x08, 0x1f, 0xc0, 0x3f, 0x80, 0xfe, 0x00, 0x00, 0x00, 0x88, 0x1f, 0xe2, 0x1f, 0x01, 0xfe, 
	0x00, 0x00, 0x00, 0x00, 0x1f, 0xf3, 0x80, 0x33, 0xfe, 0x00, 0x00, 0x00, 0x04, 0x0f, 0xf9, 0xc0, 
	0x77, 0xfc, 0x06, 0x00, 0x00, 0x02, 0x07, 0xfc, 0xf0, 0xef, 0xf8, 0x10, 0x00, 0x00, 0x02, 0x03, 
	0xfe, 0xfb, 0xdf, 0xf8, 0x00, 0x00, 0x00, 0x01, 0x03, 0xff, 0x7f, 0xbf, 0xf7, 0x00, 0x00, 0x00, 
	0x01, 0x01, 0xff, 0x9f, 0xbf, 0xe0, 0xf0, 0x00, 0x00, 0x00, 0x80, 0xff, 0xbf, 0x7f, 0xd8, 0x18, 
	0x00, 0x00, 0x00, 0xc0, 0x7f, 0xbf, 0x7f, 0x9e, 0x04, 0x00, 0x00, 0x01, 0x80, 0x7f, 0xbf, 0x7f, 
	0xbc, 0x00, 0x00, 0x00, 0x01, 0x80, 0x3f, 0xbf, 0xff, 0x78, 0x00, 0x00, 0x00, 0x07, 0x80, 0x3f, 
	0x9f, 0x3f, 0x60, 0x06, 0x00, 0x00, 0x38, 0x00, 0x3f, 0xf0, 0xbf, 0x80, 0x00, 0xc0, 0x00, 0xc0, 
	0x00, 0x7f, 0x7f, 0xbf, 0x80, 0x00, 0x30, 0x00, 0x00, 0x00, 0x7f, 0x7f, 0xbf, 0x80, 0x00, 0x08};
// TODO: fill with your 128x64 love_v2 bitmap hex data (1024 bytes)
const unsigned char epd_bitmap_love_v2[] PROGMEM = {0x00, 0x00, 0x00, 0x03, 0x00, 0x00, 0x00, 0x00, 0x00, 0x00, 0x00, 0x00, 0x18, 0x00, 0x00, 0x00, 
0x00, 0x00, 0x00, 0x02, 0x00, 0x00, 0x00, 0x00, 0x00, 0x00, 0x00, 0x00, 0x18, 0x00, 0x00, 0x00, 
0x00, 0x00, 0x00, 0x06, 0x00, 0x00, 0x40, 0x00, 0x00, 0x00, 0x00, 0x00, 0x0c, 0x00, 0x00, 0x00, 
0x00, 0x00, 0x00, 0x04, 0x00, 0x00, 0x60, 0x00, 0x00, 0x00, 0x00, 0x00, 0x04, 0x00, 0x00, 0x00, 
0x00, 0x00, 0x00, 0x04, 0x00, 0x00, 0xe0, 0x00, 0x00, 0x00, 0x00, 0x00, 0x06, 0x00, 0x00, 0x00, 
0x00, 0x00, 0x00, 0x04, 0x00, 0x00, 0xe0, 0x00, 0x00, 0x00, 0x00, 0x00, 0x02, 0x00, 0x00, 0x00, 
0x00, 0x00, 0x00, 0x08, 0x00, 0x00, 0xf0, 0x00, 0x00, 0x00, 0x00, 0x00, 0x01, 0x00, 0x00, 0x00, 
0x00, 0x00, 0x00, 0x08, 0x00, 0x01, 0xf0, 0x00, 0x02, 0x00, 0x00, 0x00, 0x01, 0x00, 0x00, 0x00, 
0x00, 0x00, 0x00, 0x10, 0x00, 0x01, 0xf8, 0x00, 0x01, 0x00, 0x00, 0x00, 0x00, 0x80, 0x00, 0x00, 
0x00, 0x00, 0x00, 0x10, 0x00, 0x01, 0xf8, 0x00, 0x00, 0x00, 0x00, 0x00, 0x00, 0x40, 0x00, 0x00, 
0x00, 0x00, 0x00, 0x20, 0x00, 0x03, 0xf8, 0x00, 0x00, 0x00, 0x00, 0x00, 0x00, 0x60, 0x00, 0x00, 
0x00, 0x00, 0x00, 0x40, 0x00, 0x03, 0xc0, 0x02, 0x00, 0xe0, 0x00, 0x00, 0x00, 0x20, 0x00, 0x00, 
0x00, 0x00, 0x00, 0x40, 0x00, 0x00, 0x02, 0x01, 0x80, 0x78, 0x00, 0x00, 0x00, 0x00, 0x00, 0x00, 
0x00, 0x00, 0x00, 0x80, 0x00, 0x01, 0xff, 0x01, 0xc0, 0x00, 0x00, 0x00, 0x00, 0x00, 0x00, 0x00, 
0x00, 0x00, 0x01, 0x00, 0x00, 0x07, 0xff, 0x20, 0xe0, 0x18, 0x00, 0x00, 0x00, 0x00, 0x00, 0x00, 
0x00, 0x00, 0x01, 0x00, 0x00, 0x0f, 0xe7, 0x90, 0xfc, 0x00, 0x00, 0x00, 0x00, 0x00, 0x00, 0x00, 
0x00, 0x00, 0x02, 0x00, 0x00, 0x0f, 0xc0, 0xc8, 0x7e, 0x00, 0x00, 0x00, 0x00, 0x00, 0x00, 0x00, 
0x00, 0x00, 0x00, 0x00, 0x00, 0x08, 0x01, 0x7c, 0x3f, 0x00, 0x00, 0x00, 0x01, 0x00, 0x00, 0x00, 
0x00, 0x00, 0x04, 0x20, 0x00, 0x00, 0x00, 0x7e, 0x3e, 0x10, 0x30, 0x00, 0x01, 0x00, 0x00, 0x00, 
0x00, 0x00, 0x04, 0x20, 0x00, 0x00, 0x00, 0x3f, 0x9e, 0x80, 0x32, 0x00, 0x01, 0x00, 0x00, 0x00, 
0x00, 0x00, 0x04, 0x20, 0x00, 0x00, 0x60, 0x3f, 0xcf, 0xc1, 0x26, 0x00, 0x01, 0x00, 0x00, 0x00, 
0x00, 0x00, 0x00, 0x20, 0x00, 0x03, 0x00, 0x7f, 0xff, 0xc0, 0x3e, 0x00, 0x01, 0x00, 0x00, 0x00, 
0x00, 0x00, 0x00, 0x20, 0x00, 0x13, 0x02, 0xff, 0xff, 0xc0, 0x3c, 0x00, 0x02, 0x00, 0x00, 0x00, 
0x00, 0x00, 0x00, 0x20, 0x00, 0x1d, 0x90, 0xff, 0xff, 0xff, 0xfc, 0x00, 0x00, 0x20, 0x00, 0x00, 
0x00, 0x00, 0x00, 0x30, 0x00, 0x0e, 0x07, 0xff, 0xff, 0xff, 0xfc, 0x00, 0x00, 0x00, 0x00, 0x00, 
0x00, 0x00, 0x04, 0x10, 0x00, 0x0f, 0xff, 0xff, 0xff, 0xfa, 0x5c, 0x00, 0x00, 0x00, 0x00, 0x00, 
0x00, 0x00, 0x00, 0x18, 0x00, 0x0f, 0xff, 0xff, 0xff, 0xf5, 0xf8, 0x00, 0x00, 0x00, 0x00, 0x00, 
0x00, 0x00, 0x00, 0x20, 0x00, 0x07, 0xdf, 0xff, 0xff, 0xff, 0xf8, 0x00, 0x7f, 0x00, 0x00, 0x00, 
0x00, 0x00, 0x00, 0x00, 0x00, 0x06, 0x57, 0xff, 0xff, 0xff, 0xf0, 0x03, 0x83, 0xc0, 0x00, 0x00, 
0x00, 0x00, 0x00, 0x00, 0x00, 0x07, 0xff, 0xff, 0x7f, 0xff, 0xe0, 0x04, 0x00, 0x60, 0x00, 0x00, 
0x00, 0x00, 0x00, 0x00, 0x00, 0x03, 0xff, 0xff, 0x7f, 0xff, 0xc0, 0x00, 0x00, 0x20, 0x00, 0x00, 
0x00, 0x00, 0x00, 0x00, 0x00, 0x01, 0xff, 0xff, 0x7f, 0xff, 0x80, 0x00, 0x00, 0x00, 0x00, 0x00, 
0x00, 0x00, 0x00, 0x00, 0xc0, 0x01, 0xff, 0xff, 0xff, 0xfc, 0x00, 0x00, 0x00, 0x00, 0x00, 0x00, 
0x00, 0x00, 0x00, 0x00, 0xfe, 0x00, 0xff, 0xff, 0xff, 0xfe, 0x00, 0x00, 0x00, 0x00, 0x00, 0x00, 
0x00, 0x00, 0x00, 0x00, 0x07, 0x80, 0x7f, 0xff, 0xff, 0xff, 0xc0, 0x00, 0x00, 0x00, 0x00, 0x00, 
0x00, 0x00, 0x00, 0x78, 0x00, 0xe0, 0x01, 0xff, 0xff, 0x7f, 0xc0, 0x02, 0x00, 0x00, 0x00, 0x00, 
0x00, 0x00, 0x00, 0xff, 0xfe, 0x18, 0x03, 0xff, 0xfc, 0x7f, 0x80, 0x0e, 0x00, 0x00, 0x00, 0x00, 
0x00, 0x00, 0x01, 0xff, 0xff, 0xfe, 0x0f, 0xf0, 0xf3, 0xff, 0x01, 0xfe, 0x00, 0x00, 0x00, 0x00, 
0x00, 0x00, 0x03, 0xfc, 0x7f, 0xff, 0x0f, 0xff, 0xff, 0xfc, 0x0f, 0xf8, 0x00, 0x00, 0x00, 0x00, 
0x00, 0x00, 0x07, 0x01, 0xff, 0xff, 0xc7, 0xff, 0xff, 0xf8, 0x7c, 0x00, 0x00, 0x00, 0x00, 0x00, 
0x00, 0x00, 0x06, 0x1f, 0xff, 0xff, 0xe1, 0xff, 0xff, 0xf1, 0xe0, 0xfe, 0x00, 0x00, 0x00, 0x00, 
0x00, 0x00, 0x04, 0xff, 0xff, 0xff, 0xf8, 0x7f, 0xff, 0xc7, 0xff, 0xff, 0xfc, 0x00, 0x00, 0x00, 
0x00, 0x00, 0x03, 0xff, 0xff, 0xff, 0xfe, 0x3f, 0xff, 0x0f, 0xff, 0xff, 0xfe, 0x00, 0x00, 0x00, 
0x00, 0x00, 0x03, 0xf1, 0xff, 0xff, 0xff, 0x0f, 0xfc, 0x3f, 0xff, 0xff, 0xff, 0x00, 0x00, 0x00, 
0x00, 0x00, 0x07, 0x07, 0xff, 0xff, 0xff, 0xc3, 0xf0, 0xff, 0xff, 0xfc, 0x07, 0x80, 0x00, 0x00, 
0x00, 0x00, 0x06, 0x3f, 0xff, 0xff, 0xff, 0xe0, 0xc1, 0xff, 0xff, 0xff, 0x03, 0xe0, 0x00, 0x00, 
0x00, 0x00, 0x05, 0xff, 0xff, 0xff, 0xff, 0xf0, 0x0f, 0xff, 0xff, 0xff, 0xe0, 0xe0, 0x00, 0x00, 
0x00, 0x00, 0x03, 0xff, 0xff, 0xff, 0xff, 0xf8, 0x1f, 0xff, 0xff, 0xff, 0xfc, 0x60, 0x00, 0x00, 
0x00, 0x00, 0x07, 0xe0, 0xff, 0xff, 0xff, 0xfc, 0x7f, 0xff, 0xff, 0xff, 0xff, 0x00, 0x00, 0x00, 
0x00, 0x00, 0x07, 0x03, 0xff, 0xff, 0xff, 0xf0, 0xff, 0xff, 0xff, 0xfc, 0xff, 0x00, 0x00, 0x00, 
0x00, 0x00, 0x06, 0x1f, 0xff, 0xff, 0xff, 0xe3, 0xff, 0xff, 0xff, 0xff, 0x0f, 0x80, 0x00, 0x00, 
0x00, 0x00, 0x04, 0x7f, 0xff, 0xff, 0xff, 0x87, 0xff, 0xff, 0xff, 0xff, 0xe3, 0xe0, 0x00, 0x00, 
0x00, 0x00, 0x01, 0xfe, 0x7f, 0xff, 0xff, 0x1f, 0xff, 0xff, 0xff, 0xff, 0xf8, 0xe0, 0x00, 0x00, 
0x00, 0x00, 0x03, 0xe0, 0x03, 0xff, 0xfc, 0x3f, 0xff, 0xff, 0xff, 0xff, 0xfc, 0x60, 0x00, 0x00, 
0x00, 0x00, 0x03, 0x00, 0x00, 0x06, 0x70, 0xff, 0xff, 0xff, 0xff, 0xf8, 0x7f, 0x20, 0x00, 0x00, 
0x00, 0x00, 0x00, 0x00, 0x00, 0x00, 0x01, 0xff, 0xff, 0xff, 0xff, 0xfc, 0x0f, 0x80, 0x00, 0x00, 
0x00, 0x00, 0x00, 0x00, 0x00, 0x00, 0x07, 0xff, 0xff, 0xff, 0xff, 0xff, 0x87, 0xc0, 0x00, 0x00, 
0x00, 0x00, 0x00, 0x00, 0x00, 0x00, 0x1f, 0xff, 0xff, 0xff, 0xff, 0xff, 0xf1, 0xe0, 0x00, 0x00, 
0x00, 0x00, 0x00, 0x00, 0x00, 0x00, 0x7f, 0xff, 0xff, 0xff, 0xff, 0xff, 0xfc, 0x60, 0x00, 0x00, 
0x00, 0x00, 0x00, 0x00, 0x00, 0x01, 0xff, 0xff, 0xff, 0x01, 0xe0, 0x00, 0x7e, 0x00, 0x00, 0x00, 
0x00, 0x00, 0x00, 0x00, 0x00, 0x03, 0xff, 0xff, 0xfe, 0x00, 0x00, 0x00, 0x07, 0x00, 0x00, 0x00, 
0x00, 0x00, 0x00, 0x00, 0x00, 0x0f, 0xff, 0xff, 0xf8, 0x70, 0x00, 0x00, 0x00, 0x00, 0x00, 0x00, 
0x00, 0x00, 0x00, 0x00, 0x00, 0x3f, 0xff, 0xff, 0xf0, 0xff, 0x00, 0x00, 0x00, 0x00, 0x00, 0x00, 
0x00, 0x00, 0x00, 0x00, 0x00, 0x00, 0x00, 0x00, 0x00, 0x00, 0x00, 0x00, 0x00, 0x00, 0x00, 0x00};
// TODO: fill with your 98x64 love_v3 bitmap hex data (784 bytes)
const unsigned char epd_bitmap_love_v3[] PROGMEM = {0x00, 0xc0, 0x04, 0x00, 0x18, 0x00, 0x00, 0x00, 0x00, 0x1c, 0x18, 0x00, 0x00, 0x00, 0x40, 0x04, 
0x00, 0x18, 0x00, 0x00, 0x00, 0x00, 0x14, 0x18, 0x00, 0x00, 0x00, 0x40, 0x02, 0x00, 0x38, 0x00, 
0x00, 0x00, 0x00, 0x00, 0x0c, 0x00, 0x00, 0x00, 0x41, 0x82, 0x00, 0x3c, 0x00, 0x00, 0x00, 0x00, 
0x00, 0x0c, 0x00, 0x00, 0x00, 0x42, 0x7b, 0x00, 0x7c, 0x00, 0x00, 0x00, 0x00, 0x00, 0x0c, 0x00, 
0x00, 0x00, 0x44, 0x0f, 0x00, 0x7c, 0x00, 0x00, 0x00, 0x00, 0x00, 0x0f, 0x80, 0x00, 0x00, 0x5c, 
0x00, 0x00, 0xfe, 0x00, 0x00, 0x00, 0x00, 0x00, 0x08, 0x80, 0x00, 0x00, 0x78, 0x00, 0x00, 0xfe, 
0x00, 0x00, 0x00, 0x00, 0x00, 0x08, 0x40, 0x00, 0x00, 0x70, 0x80, 0x01, 0xff, 0x00, 0x02, 0x00, 
0x00, 0x00, 0x10, 0x78, 0x00, 0x00, 0x30, 0xc0, 0x01, 0xff, 0x00, 0x03, 0x00, 0x00, 0x00, 0x10, 
0x04, 0x00, 0x00, 0x30, 0x00, 0x03, 0xff, 0x80, 0x01, 0x00, 0x00, 0x00, 0x00, 0x04, 0x00, 0x00, 
0x61, 0x18, 0x03, 0xf0, 0x81, 0x01, 0x80, 0x00, 0x00, 0x08, 0x04, 0x00, 0x00, 0x64, 0x04, 0x03, 
0x00, 0x00, 0x81, 0x00, 0x00, 0x00, 0x08, 0x0c, 0x00, 0x00, 0xcc, 0x08, 0x00, 0x3f, 0xe0, 0x81, 
0xe0, 0x00, 0x00, 0x08, 0x38, 0x00, 0x00, 0xc1, 0x10, 0x03, 0xff, 0xe0, 0x40, 0xf0, 0x00, 0x00, 
0x0f, 0xe0, 0x00, 0x00, 0x80, 0x90, 0x07, 0xff, 0xf0, 0x60, 0xf8, 0x00, 0x00, 0x07, 0x80, 0x00, 
0x01, 0x80, 0x60, 0x1f, 0xff, 0xf0, 0x60, 0xfc, 0x00, 0x00, 0x01, 0x80, 0x00, 0x01, 0x00, 0x20, 
0x1f, 0xff, 0xf8, 0x38, 0x7e, 0x00, 0x00, 0x00, 0x80, 0x00, 0x02, 0x00, 0x00, 0x3f, 0x81, 0xfc, 
0x3c, 0x60, 0x00, 0x00, 0x00, 0xc0, 0x00, 0x02, 0x00, 0x00, 0x3f, 0x06, 0x7e, 0x1e, 0x18, 0x00, 
0x00, 0x00, 0xc0, 0x00, 0x04, 0x00, 0x00, 0x38, 0x00, 0xfe, 0x1f, 0x00, 0x00, 0x00, 0x00, 0x40, 
0x00, 0x0c, 0x00, 0x00, 0x70, 0x00, 0x7f, 0x9f, 0x80, 0x00, 0x00, 0x00, 0x60, 0x00, 0x08, 0x00, 
0x00, 0x00, 0x00, 0x3f, 0xcf, 0x00, 0x00, 0x00, 0x00, 0x20, 0x00, 0x10, 0x00, 0x00, 0x00, 0x10, 
0x3f, 0xef, 0x03, 0x10, 0x00, 0x00, 0x20, 0x00, 0x20, 0x00, 0x00, 0x04, 0x3c, 0xbf, 0xf7, 0x4f, 
0x88, 0x00, 0x00, 0x30, 0x00, 0x20, 0x00, 0x00, 0x04, 0x78, 0xff, 0xff, 0xc7, 0x8c, 0x00, 0x00, 
0x10, 0x00, 0x40, 0x00, 0x00, 0x06, 0x38, 0xff, 0xff, 0xc7, 0x1c, 0x00, 0x00, 0x18, 0x00, 0x80, 
0x00, 0x00, 0x46, 0x20, 0xff, 0xff, 0xc0, 0x19, 0x80, 0x00, 0x08, 0x00, 0x00, 0x00, 0x00, 0x76, 
0x84, 0xff, 0xff, 0xf8, 0x9b, 0x00, 0x00, 0x04, 0x00, 0x00, 0x00, 0x00, 0x7b, 0x01, 0xff, 0xff, 
0xe0, 0x37, 0x00, 0x00, 0x04, 0x00, 0x00, 0x00, 0x00, 0x3f, 0x83, 0xff, 0xff, 0xf8, 0x6f, 0x00, 
0x00, 0x04, 0x00, 0x00, 0x00, 0x00, 0x3e, 0x07, 0xff, 0xff, 0xf8, 0x1f, 0x00, 0x00, 0x02, 0x00, 
0x00, 0x00, 0x00, 0x3f, 0xff, 0xff, 0xff, 0xff, 0xfe, 0x00, 0x00, 0x00, 0x00, 0x00, 0x00, 0x00, 
0x3f, 0xff, 0xff, 0xff, 0xff, 0xfe, 0x00, 0x00, 0x01, 0x00, 0x00, 0x00, 0x00, 0x1e, 0x4f, 0xff, 
0xff, 0xfd, 0x2e, 0x00, 0x00, 0x00, 0x00, 0x00, 0x00, 0x00, 0x1c, 0x2f, 0xff, 0xff, 0xfa, 0xbe, 
0x00, 0x00, 0x00, 0x00, 0xc1, 0x00, 0x00, 0x1f, 0xff, 0xff, 0x7f, 0xff, 0xfc, 0x00, 0x00, 0x00, 
0x80, 0x80, 0x00, 0x00, 0x0f, 0xff, 0xff, 0xff, 0xff, 0xfc, 0x00, 0x00, 0x00, 0x00, 0x00, 0x00, 
0x00, 0x0f, 0xff, 0xff, 0xff, 0xff, 0xf8, 0x00, 0x00, 0x00, 0x00, 0x00, 0x00, 0x00, 0x07, 0xff, 
0xff, 0xff, 0xff, 0xf8, 0x00, 0x00, 0x00, 0x00, 0x00, 0x00, 0x00, 0x07, 0xff, 0xff, 0xff, 0xff, 
0xf8, 0x00, 0x00, 0x00, 0x00, 0x00, 0x00, 0x00, 0x03, 0xff, 0xff, 0xff, 0xff, 0xf0, 0x00, 0x00, 
0x02, 0x00, 0x00, 0x00, 0x00, 0x03, 0xff, 0xff, 0xff, 0xff, 0xf0, 0x00, 0x00, 0x02, 0x00, 0x00, 
0x00, 0x00, 0x01, 0xff, 0xef, 0xfc, 0xff, 0xe0, 0x00, 0x00, 0x00, 0x00, 0x00, 0x00, 0x00, 0x01, 
0xff, 0xf1, 0xe3, 0xff, 0xc0, 0x00, 0x00, 0x00, 0x00, 0x00, 0x00, 0x00, 0x00, 0xff, 0xff, 0xff, 
0xff, 0x80, 0x0f, 0x80, 0x00, 0x00, 0x00, 0x00, 0x00, 0x00, 0x7f, 0xff, 0xff, 0xff, 0x00, 0x30, 
0x60, 0x00, 0x00, 0x01, 0x00, 0x00, 0x00, 0x1f, 0xff, 0xff, 0xfe, 0x00, 0x20, 0x33, 0xc0, 0x00, 
0x01, 0x00, 0x00, 0x00, 0x0f, 0xff, 0xbf, 0xfc, 0x00, 0x60, 0x1e, 0x70, 0x00, 0x01, 0x00, 0x00, 
0x00, 0x07, 0xff, 0xff, 0xf8, 0x00, 0x40, 0x18, 0x18, 0x00, 0x00, 0x00, 0x00, 0x00, 0x03, 0xff, 
0xff, 0xf0, 0x00, 0x40, 0x00, 0x08, 0x40, 0x00, 0x80, 0x00, 0x00, 0x00, 0xff, 0xff, 0xc0, 0x00, 
0x40, 0x00, 0x0c, 0xc0, 0x80, 0x80, 0x00, 0x00, 0x00, 0x7f, 0xff, 0x00, 0x00, 0x40, 0x00, 0x04, 
0x80, 0x00, 0x80, 0x70, 0x00, 0x00, 0x1f, 0xfe, 0x00, 0x00, 0x20, 0x00, 0x0c, 0x00, 0x40, 0x40, 
0xfc, 0x00, 0x00, 0x07, 0xf8, 0x00, 0x00, 0x20, 0x00, 0x08, 0x00, 0x10, 0x41, 0x04, 0x00, 0x02, 
0x03, 0xe0, 0x10, 0x00, 0x20, 0x00, 0x08, 0x00, 0x30, 0x7f, 0x06, 0x00, 0x03, 0x80, 0x00, 0x70, 
0x00, 0x10, 0x00, 0x18, 0x00, 0x10, 0xc2, 0x02, 0x00, 0x03, 0xc0, 0x00, 0xf0, 0x00, 0x10, 0x00, 
0x30, 0x00, 0x08, 0x80, 0x02, 0x00, 0x03, 0xf0, 0x03, 0xf0, 0x00, 0x08, 0x00, 0x60, 0x00, 0x01, 
0x80, 0x02, 0x00, 0x03, 0xf8, 0x07, 0xf8, 0x00, 0x08, 0x00, 0xc0, 0x00, 0x01, 0x80, 0x06, 0x00, 
0x03, 0xfc, 0x1f, 0xf8, 0x00, 0x0c, 0x03, 0x80, 0x00, 0x00, 0x80, 0x04, 0x00, 0x03, 0xff, 0xff, 
0xf8, 0x00, 0x06, 0x0e, 0x00, 0x00, 0x00, 0xc0, 0x04, 0x00, 0x07, 0xff, 0xff, 0xf8, 0x00, 0x02, 
0x18, 0x00, 0x00, 0x00, 0x60, 0x08, 0x00, 0x07, 0xff, 0xff, 0xf8, 0x00, 0x31, 0x70, 0x00, 0x00};
const unsigned char epd_bitmap_sassy[] PROGMEM = {0x00, 0x00, 0x03, 0xe0, 0x07, 0xe0, 0x00, 0x00, 0x00, 0x00, 0x00, 0x0e, 0x00, 0x01, 0xf8, 0x00,
0x00, 0x00, 0x00, 0x00, 0x18, 0x00, 0x00, 0xfc, 0x00, 0x00, 0x00, 0x00, 0x00, 0x70, 0x00, 0x00,
0x3f, 0x00, 0x00, 0x00, 0x00, 0x00, 0xe0, 0x00, 0x00, 0x1f, 0x80, 0x00, 0x00, 0x00, 0x03, 0xc0,
0x00, 0x00, 0x0f, 0xc0, 0x00, 0x00, 0x00, 0x03, 0x80, 0x00, 0x00, 0x07, 0xe0, 0x00, 0x00, 0x00,
0x07, 0x00, 0x00, 0x00, 0x83, 0xf0, 0x00, 0x00, 0x00, 0x0e, 0x00, 0x00, 0x01, 0x83, 0xf0, 0x00,
0x00, 0x00, 0x0e, 0x00, 0x00, 0x03, 0x81, 0xf8, 0x00, 0x00, 0x00, 0x0c, 0x00, 0x00, 0x00, 0xc1,
0xf8, 0x00, 0x00, 0x00, 0x1c, 0x00, 0x00, 0x00, 0xc0, 0xfc, 0x00, 0x00, 0x00, 0x18, 0x00, 0x00,
0x00, 0xc0, 0xfc, 0x00, 0x00, 0x00, 0x18, 0x00, 0x00, 0x00, 0x40, 0xf4, 0x00, 0x00, 0x00, 0x30,
0x00, 0x00, 0x00, 0x40, 0xe6, 0x00, 0x00, 0x00, 0x30, 0x00, 0x00, 0x00, 0x40, 0xc6, 0x00, 0x00,
0x00, 0x30, 0x00, 0x00, 0x00, 0x40, 0xc2, 0x00, 0x00, 0x00, 0x60, 0x00, 0x00, 0x00, 0x40, 0x82,
0x00, 0x00, 0x00, 0x60, 0x01, 0x80, 0x00, 0x60, 0x02, 0x00, 0x00, 0x00, 0x40, 0x01, 0x80, 0x00,
0x00, 0x01, 0x00, 0x00, 0x00, 0xc0, 0x03, 0xc0, 0x00, 0x00, 0x01, 0x00, 0x00, 0x00, 0x80, 0x03,
0xc0, 0x00, 0x00, 0x01, 0x00, 0x00, 0x00, 0x80, 0x07, 0xe0, 0x00, 0x00, 0x01, 0x00, 0x00, 0x01,
0x80, 0x07, 0xe0, 0x00, 0x00, 0x01, 0x80, 0x00, 0x01, 0x00, 0x07, 0xe0, 0x08, 0x00, 0x00, 0x80,
0x00, 0x01, 0x00, 0x0f, 0xf0, 0x04, 0x00, 0x00, 0x80, 0x00, 0x02, 0x00, 0x0f, 0xf8, 0x06, 0x00,
0x00, 0x80, 0x00, 0x00, 0x00, 0x00, 0x08, 0x40, 0x00, 0x00, 0x40, 0x00, 0x04, 0x00, 0x3f, 0xfc,
0x63, 0x80, 0x00, 0x40, 0x00, 0x00, 0x00, 0x3f, 0xbe, 0x23, 0xc0, 0x00, 0x40, 0x00, 0x08, 0x00,
0x3f, 0xff, 0x33, 0xf0, 0x00, 0x20, 0x00, 0x10, 0x00, 0x40, 0x1f, 0x98, 0x00, 0x00, 0x20, 0x00,
0x00, 0x00, 0x00, 0x0f, 0xd8, 0x00, 0x00, 0x20, 0x00, 0x00, 0x00, 0x4c, 0x3f, 0xee, 0x12, 0x00,
0x10, 0x00, 0x00, 0x00, 0x67, 0xff, 0xff, 0xe2, 0x00, 0x10, 0x00, 0x80, 0x00, 0x70, 0x7f, 0xff,
0x0e, 0x00, 0x00, 0x00, 0x00, 0x00, 0x3f, 0xff, 0xff, 0xfe, 0x00, 0x00, 0x00, 0x00, 0x00, 0x3f,
0xff, 0xff, 0xfc, 0x00, 0x00, 0x00, 0x00, 0x00, 0x3f, 0xff, 0xff, 0xfd, 0x00, 0x00, 0x00, 0x00,
0x00, 0xbf, 0xff, 0xff, 0xfd, 0x00, 0x00, 0x00, 0xc0, 0x00, 0x1f, 0xff, 0xff, 0xf8, 0x00, 0x00,
0x00, 0x00, 0x00, 0x1f, 0xff, 0xff, 0xf8, 0x00, 0x00, 0x00, 0x00, 0x00, 0x0f, 0xff, 0xff, 0xf0,
0x00, 0x00, 0x00, 0x00, 0x00, 0x0f, 0xff, 0xff, 0xf0, 0x00, 0x00, 0x00, 0x80, 0x00, 0x07, 0xff,
0xff, 0xe0, 0x00, 0x00, 0x00, 0x80, 0x00, 0x03, 0xfc, 0x1f, 0xc0, 0x00, 0x00, 0x00, 0x80, 0x00,
0x01, 0xff, 0xff, 0x80, 0x00, 0x00, 0x00, 0x80, 0x00, 0x00, 0xff, 0xff, 0x00, 0x00, 0x00, 0x00,
0x00, 0x00, 0x00, 0x7f, 0xfe, 0x00, 0x00, 0x00, 0x00, 0x00, 0x00, 0x00, 0x1f, 0xf8, 0x00, 0x00,
0x00, 0x00, 0x00, 0x00, 0x00, 0x07, 0xf0, 0x00, 0x00, 0x02, 0x00, 0x00, 0x00, 0x00, 0xc3, 0xc0,
0x00, 0x00, 0x00, 0x00, 0x00, 0x00, 0x00, 0xe0, 0x04, 0x00, 0x00, 0x00, 0x00, 0x10, 0x00, 0x00,
0xf0, 0x0e, 0x00, 0x00, 0x00, 0x00, 0x00, 0x80, 0x00, 0xfc, 0x3e, 0x00, 0x00, 0x00, 0x00, 0x00,
0x00, 0x00, 0xff, 0xfe, 0x00, 0x01, 0x00, 0x00, 0x00, 0x00, 0x00, 0xff, 0xfe, 0x00, 0x00, 0x00,
0x00, 0x00, 0x00, 0x00, 0xff, 0xfe, 0x00, 0x80, 0x00, 0x00, 0x00, 0x20, 0x00, 0x3f, 0xf8, 0x20,
0xf0, 0x00, 0x00, 0x00, 0x00, 0x00, 0x03, 0xff, 0xe0, 0x18, 0x00, 0x00, 0x00, 0x00, 0x0f, 0xff,
0xff, 0xc6, 0x03, 0x00, 0x00, 0x00, 0x18, 0x03, 0xff, 0xff, 0x1f, 0x80, 0x80, 0x00, 0x00, 0x30,
0x00, 0x7f, 0xff, 0xff, 0x00, 0x00, 0x00, 0x00, 0x30, 0x03, 0xf3, 0xe7, 0xfc, 0x00, 0x80, 0x00};
// TODO: fill with your 98x64 love_v4 bitmap hex data (784 bytes)
const unsigned char epd_bitmap_love_v4[] PROGMEM = {0x00, 0x00, 0xe0, 0x00, 0x20, 0x00, 0x00, 0x60, 0x00, 0x60, 0x00, 0x00, 0x00, 0x00, 0x00, 0xe0, 
0x00, 0x30, 0x00, 0x00, 0x60, 0x00, 0x60, 0x00, 0x00, 0x00, 0x00, 0x00, 0xc0, 0x00, 0x70, 0x00, 
0x00, 0x00, 0x00, 0x20, 0x00, 0x00, 0x00, 0x00, 0x01, 0xc0, 0x00, 0x70, 0x00, 0x00, 0x00, 0x00, 
0x30, 0x00, 0x00, 0x00, 0x00, 0x01, 0xc0, 0x00, 0x78, 0x00, 0x00, 0x00, 0x00, 0x30, 0x00, 0x00, 
0x00, 0x00, 0x01, 0x80, 0x00, 0x78, 0x00, 0x00, 0x00, 0x00, 0x10, 0x00, 0x00, 0x00, 0x00, 0x01, 
0x80, 0x00, 0xfc, 0x00, 0x00, 0x00, 0x00, 0x18, 0x00, 0x00, 0x00, 0x00, 0x01, 0x80, 0x00, 0xfe, 
0x00, 0x20, 0x00, 0x00, 0x18, 0x00, 0x00, 0x00, 0x00, 0x03, 0x00, 0x00, 0xfe, 0x00, 0x10, 0x00, 
0x00, 0x08, 0x00, 0x00, 0x00, 0x00, 0x03, 0x00, 0x01, 0xff, 0x00, 0x00, 0x00, 0x00, 0x0c, 0x00, 
0x00, 0x00, 0x00, 0x03, 0x00, 0x01, 0xfe, 0x00, 0x00, 0x00, 0x00, 0x04, 0x00, 0x00, 0x00, 0x00, 
0x02, 0x00, 0x03, 0xf8, 0x82, 0x0e, 0x00, 0x00, 0x06, 0x00, 0x00, 0x00, 0x00, 0x06, 0x00, 0x03, 
0xf1, 0xc3, 0x0f, 0x80, 0x00, 0x06, 0x00, 0x00, 0x00, 0x00, 0x04, 0x00, 0x03, 0xc7, 0xe1, 0x8f, 
0xc0, 0x00, 0x02, 0x00, 0x00, 0x00, 0x00, 0x04, 0x00, 0x07, 0x3f, 0xf1, 0xc7, 0x80, 0x00, 0x03, 
0x00, 0x00, 0x00, 0x00, 0x0c, 0x00, 0x07, 0xff, 0xf8, 0xe2, 0x00, 0x00, 0x01, 0x00, 0x00, 0x00, 
0x00, 0x08, 0x00, 0x0f, 0xff, 0xfc, 0xf0, 0x00, 0x00, 0x00, 0x80, 0x00, 0x00, 0x00, 0x18, 0x00, 
0x0f, 0xf7, 0xfe, 0x78, 0x0a, 0x00, 0x00, 0x80, 0x00, 0x00, 0x00, 0x10, 0x00, 0x0f, 0x00, 0xff, 
0x7a, 0x02, 0x40, 0x00, 0x40, 0x00, 0x00, 0x00, 0x30, 0x00, 0x1c, 0x00, 0x7f, 0xbe, 0x82, 0xc0, 
0x00, 0x40, 0x00, 0x00, 0x00, 0x20, 0x00, 0x18, 0x03, 0x7f, 0xff, 0x77, 0xc0, 0x00, 0x20, 0x00, 
0x00, 0x00, 0x60, 0x00, 0x10, 0x80, 0xff, 0xff, 0x07, 0xc0, 0x00, 0x20, 0x00, 0x00, 0x00, 0x40, 
0x00, 0x01, 0xd0, 0xff, 0xff, 0xff, 0xc0, 0x00, 0x10, 0x00, 0x00, 0x00, 0x80, 0x00, 0x0c, 0xfe, 
0xff, 0xff, 0xff, 0xc0, 0x00, 0x00, 0x00, 0x00, 0x00, 0x80, 0x00, 0x0e, 0xe2, 0xff, 0xff, 0xff, 
0x80, 0x00, 0x08, 0x00, 0x00, 0x01, 0x00, 0x00, 0x07, 0xff, 0xff, 0xff, 0xff, 0x80, 0x00, 0x00, 
0x00, 0x00, 0x02, 0x00, 0x00, 0x07, 0xff, 0xff, 0xff, 0xff, 0x80, 0x00, 0x04, 0x00, 0x00, 0x00, 
0x00, 0x00, 0x37, 0xff, 0xff, 0xff, 0xff, 0x80, 0x00, 0x00, 0x00, 0x00, 0x00, 0x00, 0x00, 0x33, 
0xff, 0xff, 0xff, 0xff, 0x80, 0x00, 0x00, 0x00, 0x00, 0x00, 0x00, 0x00, 0x3b, 0xff, 0xff, 0xff, 
0xff, 0x80, 0x00, 0x00, 0x00, 0x00, 0x00, 0x00, 0x00, 0x19, 0xff, 0xff, 0xff, 0xff, 0x00, 0x00, 
0x00, 0x00, 0x00, 0x00, 0x00, 0x00, 0x0d, 0xff, 0xff, 0xff, 0xff, 0x00, 0x00, 0x00, 0x00, 0x00, 
0x00, 0x80, 0x00, 0x00, 0xff, 0xff, 0xff, 0xff, 0x00, 0x00, 0x00, 0x00, 0x00, 0x1e, 0x80, 0x00, 
0x00, 0xff, 0xff, 0xfd, 0xfe, 0x00, 0x00, 0x00, 0x00, 0x00, 0x00, 0x00, 0x00, 0x00, 0x7f, 0xff, 
0xf1, 0xfc, 0x00, 0x00, 0x00, 0x00, 0x00, 0x00, 0x00, 0x00, 0x00, 0x3f, 0xfb, 0x07, 0xfc, 0x00, 
0x00, 0x00, 0x00, 0x00, 0x00, 0x00, 0x00, 0x00, 0x3f, 0xff, 0xff, 0xf8, 0x00, 0x00, 0x00, 0x00, 
0x00, 0x01, 0x00, 0x00, 0x00, 0x0f, 0xff, 0xff, 0xf0, 0x00, 0x00, 0x00, 0x00, 0x00, 0x01, 0x00, 
0x00, 0x00, 0x07, 0xff, 0xff, 0xe0, 0x00, 0x00, 0x42, 0x00, 0x00, 0x01, 0x02, 0x00, 0x00, 0x03, 
0xff, 0xff, 0xc0, 0x0e, 0x40, 0x42, 0x00, 0x00, 0x01, 0x02, 0x00, 0x00, 0x00, 0xff, 0xff, 0x80, 
0x12, 0x60, 0x40, 0x00, 0x00, 0x01, 0x02, 0x00, 0x00, 0x00, 0x3f, 0xff, 0x00, 0x1f, 0xb4, 0x80, 
0x00, 0x00, 0x00, 0x01, 0x00, 0x00, 0x01, 0x0f, 0xfe, 0x00, 0x7f, 0x94, 0x00, 0x00, 0x00, 0x00, 
0x81, 0x00, 0x00, 0x01, 0x81, 0xfc, 0x00, 0xf9, 0xca, 0x00, 0x00, 0x00, 0x00, 0x81, 0x00, 0x00, 
0x01, 0xc0, 0x70, 0x43, 0x8e, 0xf4, 0x00, 0x00, 0x00, 0x00, 0x00, 0x80, 0x00, 0x01, 0xf0, 0x00, 
0xc0, 0x7f, 0xf8, 0x00, 0x00, 0x00, 0x00, 0x50, 0x80, 0x00, 0x01, 0xfc, 0x01, 0xc2, 0xff, 0xfc, 
0x00, 0x00, 0x00, 0x00, 0x30, 0x80, 0x00, 0x01, 0xff, 0x07, 0xc6, 0xe4, 0xec, 0x00, 0x00, 0x00, 
0x00, 0x10, 0x40, 0x00, 0x01, 0xff, 0xef, 0xc5, 0xbf, 0x76, 0x00, 0x00, 0x00, 0x00, 0x08, 0x40, 
0x00, 0x01, 0xff, 0xff, 0xc5, 0x7f, 0xbf, 0x00, 0x00, 0x00, 0x00, 0x00, 0x20, 0x00, 0x01, 0xff, 
0xff, 0xcf, 0xff, 0xff, 0x00, 0x00, 0x00, 0x00, 0x00, 0x20, 0x00, 0x03, 0xff, 0xff, 0xef, 0xf1, 
0xfe, 0x00, 0x00, 0x00, 0x00, 0x00, 0x10, 0x00, 0x03, 0xff, 0xff, 0xcf, 0xed, 0xfe, 0x00, 0x00, 
0x00, 0x00, 0x03, 0x90, 0x00, 0x01, 0xff, 0xff, 0xdf, 0xe9, 0xb4, 0x00, 0x00, 0x00, 0x00, 0x0e, 
0x08, 0x00, 0x00, 0x0f, 0xff, 0xdf, 0xe3, 0xec, 0xc0, 0x00, 0x00, 0x00, 0x1c, 0x04, 0x00, 0x0c, 
0xff, 0xff, 0x9f, 0xc7, 0xf8, 0x70, 0x00, 0x00, 0x00, 0x18, 0x06, 0x00, 0x07, 0xff, 0xff, 0xbf, 
0xcf, 0xf8, 0x38, 0x00, 0x00, 0x00, 0x30, 0x03, 0x00, 0x00, 0xff, 0xff, 0x3f, 0xcf, 0xf0, 0x08, 
0x00, 0x00, 0x00, 0x30, 0x00, 0x00, 0x01, 0x07, 0xff, 0x7f, 0xdf, 0xf0, 0x0c, 0x00, 0x00, 0x00, 
0x20, 0x00, 0x00, 0x01, 0xfc, 0xfe, 0x7f, 0xdf, 0xe0, 0x04, 0x00, 0x00, 0x00, 0x60, 0x00, 0x00, 
0x00, 0xff, 0xfe, 0xff, 0xbf, 0xe0, 0x04, 0x00, 0x00, 0x00, 0x60, 0x00, 0x00, 0x00, 0x1f, 0xfc, 
0xff, 0xbf, 0xc0, 0x06, 0x00, 0x00, 0x00, 0x60, 0x00, 0x00, 0x00, 0x3f, 0xfd, 0xff, 0xbf, 0xc0, 
0x02, 0x00, 0x00, 0x00, 0xe0, 0x00, 0x00, 0x00, 0x3f, 0xfd, 0xff, 0xff, 0xc0, 0x06, 0x40, 0x00};
// TODO: fill with your 88x64 love_v5 bitmap hex data (704 bytes)
const unsigned char epd_bitmap_love_v5[] PROGMEM = {0x00, 0x74, 0x00, 0x00, 0x00, 0x00, 0x00, 0x00, 0x00, 0xc0, 0x00, 0x00, 0x74, 0x00, 0x00, 0x80, 
0x00, 0x00, 0x00, 0x00, 0x40, 0x00, 0x00, 0x70, 0x00, 0x00, 0xc0, 0x00, 0x00, 0x00, 0x00, 0x60, 
0x00, 0x00, 0x70, 0x00, 0x00, 0xc0, 0x00, 0x00, 0x00, 0x00, 0x60, 0x00, 0x00, 0xe0, 0x00, 0x01, 
0xe0, 0x00, 0x00, 0x00, 0x00, 0x20, 0x00, 0x00, 0xe0, 0x00, 0x01, 0xe0, 0x00, 0x00, 0x00, 0x00, 
0x20, 0x00, 0x00, 0xe0, 0x00, 0x01, 0xf0, 0x00, 0x00, 0x00, 0x00, 0x30, 0x00, 0x00, 0xc0, 0x00, 
0x03, 0xf8, 0x00, 0x20, 0x00, 0x00, 0x10, 0x00, 0x00, 0xc0, 0x00, 0x03, 0xf8, 0x00, 0x30, 0x00, 
0x00, 0x10, 0x00, 0x00, 0xc0, 0x00, 0x03, 0xfc, 0x00, 0x18, 0x00, 0x00, 0x18, 0x00, 0x00, 0xc0, 
0x00, 0x07, 0xfe, 0x08, 0x04, 0x00, 0x00, 0x08, 0x00, 0x00, 0x80, 0x00, 0x07, 0xfe, 0x04, 0x00, 
0x00, 0x00, 0x08, 0x00, 0x01, 0x80, 0x00, 0x07, 0xfc, 0x06, 0x18, 0x00, 0x00, 0x00, 0x00, 0x01, 
0x80, 0x00, 0x0f, 0xf0, 0x02, 0x0f, 0xc0, 0x00, 0x04, 0x00, 0x01, 0x80, 0x00, 0x0f, 0xc0, 0xc3, 
0x8f, 0xe0, 0x00, 0x04, 0x00, 0x01, 0x00, 0x00, 0x0c, 0x07, 0xc1, 0xc6, 0x00, 0x00, 0x02, 0x00, 
0x01, 0x00, 0x00, 0x00, 0xff, 0xe1, 0xe0, 0x00, 0x00, 0x02, 0x00, 0x03, 0x00, 0x00, 0x1f, 0xe3, 
0xf0, 0xf0, 0x0c, 0x00, 0x01, 0x00, 0x02, 0x00, 0x00, 0x3f, 0x00, 0xfc, 0xf8, 0x1c, 0x80, 0x01, 
0x00, 0x02, 0x00, 0x00, 0x30, 0x00, 0xfe, 0x78, 0x7d, 0x80, 0x00, 0x80, 0x00, 0x00, 0x00, 0x20, 
0x00, 0x7f, 0x38, 0x1f, 0x00, 0x00, 0x00, 0x04, 0x00, 0x00, 0x40, 0x02, 0x7f, 0xb8, 0x9b, 0x00, 
0x00, 0x00, 0x00, 0x00, 0x00, 0x40, 0x1f, 0xff, 0xfc, 0x07, 0x00, 0x00, 0x00, 0x08, 0x00, 0x00, 
0x70, 0x07, 0xff, 0xff, 0xff, 0x00, 0x00, 0x00, 0x00, 0x00, 0x00, 0x78, 0x03, 0xff, 0xff, 0xf9, 
0x00, 0x00, 0x00, 0x00, 0x00, 0x00, 0x7c, 0x0f, 0xff, 0xff, 0x83, 0x00, 0x00, 0x00, 0x00, 0x00, 
0x00, 0x7f, 0xff, 0xff, 0xff, 0x07, 0x00, 0x00, 0x00, 0x00, 0x00, 0x00, 0x3f, 0xff, 0xff, 0xff, 
0x7f, 0x00, 0x00, 0x00, 0x00, 0x00, 0x00, 0x3f, 0x03, 0xff, 0xff, 0xff, 0x00, 0x00, 0x00, 0x00, 
0x00, 0x00, 0x3e, 0x07, 0xff, 0xdf, 0xfe, 0x00, 0x00, 0x00, 0x00, 0x00, 0x00, 0x9d, 0x1f, 0xff, 
0xdf, 0xfe, 0x00, 0x00, 0x00, 0x00, 0x00, 0x00, 0x9f, 0xff, 0xff, 0xff, 0xfe, 0x00, 0x00, 0x00, 
0x00, 0x00, 0x00, 0x4f, 0xff, 0xff, 0xff, 0xfc, 0x00, 0x00, 0x00, 0x00, 0x00, 0x00, 0x0f, 0xff, 
0xff, 0xff, 0xfc, 0x00, 0x00, 0x00, 0x00, 0x00, 0x00, 0x07, 0xff, 0xff, 0xfb, 0xfc, 0x00, 0x00, 
0x00, 0x00, 0x00, 0x00, 0x03, 0xff, 0xff, 0xf7, 0xf8, 0x00, 0x00, 0x08, 0x00, 0x00, 0x00, 0x03, 
0xff, 0xc6, 0x0f, 0xf0, 0x00, 0x00, 0x08, 0x00, 0x00, 0x00, 0x01, 0xff, 0xff, 0xff, 0xe0, 0x00, 
0x00, 0x00, 0x20, 0x00, 0x00, 0x00, 0xff, 0xff, 0xff, 0xc0, 0x00, 0x02, 0x10, 0x20, 0x00, 0x00, 
0x00, 0x7f, 0xff, 0x9f, 0xc0, 0x00, 0x00, 0x10, 0x00, 0x10, 0x00, 0x00, 0x1f, 0xff, 0xff, 0x80, 
0x00, 0x04, 0x20, 0x14, 0x10, 0x00, 0x00, 0x87, 0xff, 0xff, 0x00, 0x00, 0x00, 0x00, 0x00, 0x10, 
0x00, 0x00, 0xc1, 0xff, 0xfc, 0x00, 0x00, 0x00, 0x00, 0x02, 0x08, 0x00, 0x00, 0xe0, 0x7f, 0xf8, 
0x00, 0x00, 0x00, 0x00, 0x06, 0x08, 0x00, 0x00, 0xf8, 0x0f, 0xf0, 0x00, 0x00, 0x70, 0x00, 0x02, 
0x08, 0x00, 0x00, 0xfc, 0x03, 0xe0, 0x00, 0x0f, 0xfe, 0x00, 0x01, 0x04, 0x00, 0x00, 0xff, 0x00, 
0x00, 0x00, 0x38, 0xc7, 0x00, 0x00, 0x84, 0x00, 0x00, 0xff, 0x80, 0x00, 0x01, 0x80, 0x01, 0xc0, 
0x00, 0x02, 0x00, 0x00, 0x7f, 0xe0, 0x00, 0x00, 0x00, 0x00, 0x60, 0x00, 0x02, 0x00, 0x00, 0x3f, 
0xf8, 0x0c, 0x00, 0x00, 0x00, 0x20, 0x00, 0x01, 0x00, 0x00, 0x0f, 0xff, 0x07, 0x80, 0x00, 0x00, 
0x30, 0x00, 0x00, 0x80, 0x00, 0x00, 0xfc, 0x67, 0x00, 0x00, 0x00, 0x10, 0x00, 0x00, 0xc0, 0x00, 
0x01, 0xf1, 0xcc, 0x00, 0x00, 0x00, 0x18, 0x00, 0x00, 0x40, 0x00, 0x87, 0xc7, 0x99, 0x80, 0x00, 
0x00, 0x08, 0x00, 0x00, 0x00, 0x00, 0x9f, 0x9f, 0x07, 0x80, 0x00, 0x00, 0x08, 0x00, 0x00, 0x00, 
0x00, 0xde, 0x3e, 0x1f, 0x40, 0x00, 0x00, 0x0c, 0x00, 0x01, 0x80, 0x01, 0xd8, 0xf8, 0x7d, 0x80, 
0x00, 0x00, 0x04, 0x00, 0x06, 0x00, 0x03, 0x83, 0xe1, 0xf3, 0x80, 0x00, 0x00, 0x04, 0x00, 0x1c, 
0x00, 0x07, 0x8f, 0xc3, 0xe7, 0x00, 0x00, 0x00, 0x04, 0x00, 0x30, 0x00, 0x07, 0x1f, 0x8f, 0xde, 
0x00, 0x00, 0x00, 0x04, 0x00, 0x60, 0x00, 0x0e, 0x7e, 0x3f, 0x3c, 0x00, 0x00, 0x00, 0x04, 0x00, 
0x80, 0x00, 0x1d, 0xff, 0xfe, 0xf8, 0x00, 0x00, 0x00, 0x04, 0x01, 0x80, 0x00, 0x1b, 0xff, 0xf9, 
0xf0, 0x00, 0x00, 0x00, 0x04, 0x01, 0x00, 0x00, 0x3f, 0xff, 0xf3, 0xe0, 0x00, 0x00, 0x00, 0x04};
// TODO: fill with your 88x64 love_v6 bitmap hex data (704 bytes)
const unsigned char epd_bitmap_love_v6[] PROGMEM = {0x00, 0x00, 0x70, 0x00, 0x00, 0x00, 0x01, 0x03, 0xd8, 0x00, 0x00, 0x00, 0x00, 0xe0, 0x00, 0x00, 
0x00, 0x01, 0x01, 0xcc, 0x00, 0x00, 0x00, 0x00, 0xe0, 0x00, 0x00, 0x00, 0x01, 0x01, 0xcc, 0x00, 
0x00, 0x00, 0xc0, 0xe0, 0x00, 0x00, 0x00, 0x01, 0x81, 0x84, 0x00, 0x00, 0x00, 0xc1, 0xc0, 0x00, 
0x00, 0x00, 0x01, 0x81, 0x86, 0x00, 0x00, 0x0f, 0xc1, 0xc0, 0x00, 0x00, 0x00, 0x00, 0x81, 0x02, 
0x00, 0x00, 0x0f, 0xc1, 0xc0, 0x00, 0x00, 0x00, 0x00, 0x80, 0x02, 0x00, 0x00, 0x07, 0xc1, 0xc0, 
0x00, 0x00, 0x00, 0x00, 0x80, 0x01, 0x02, 0x00, 0x01, 0xc3, 0x80, 0x00, 0x00, 0x00, 0x00, 0x80, 
0x01, 0x03, 0x00, 0x00, 0x83, 0x00, 0x00, 0x80, 0x00, 0x00, 0x00, 0x01, 0x03, 0xe0, 0x00, 0x03, 
0x00, 0x00, 0x80, 0x00, 0x00, 0x00, 0x00, 0x83, 0xc0, 0x00, 0x02, 0x00, 0x00, 0xc0, 0x00, 0x00, 
0x00, 0x00, 0x83, 0x80, 0x00, 0x02, 0x00, 0x01, 0xc0, 0x00, 0x00, 0x00, 0x00, 0x82, 0x00, 0x00, 
0x02, 0x00, 0x01, 0xe0, 0x00, 0x00, 0x00, 0x00, 0x40, 0x00, 0x00, 0x00, 0x00, 0x01, 0xf0, 0x00, 
0x00, 0x00, 0x00, 0x40, 0x00, 0x00, 0x04, 0x00, 0x03, 0xf0, 0x00, 0x00, 0x00, 0x00, 0x00, 0x00, 
0x00, 0x04, 0x00, 0x03, 0xf0, 0x00, 0x00, 0x00, 0x00, 0x20, 0x00, 0x00, 0x04, 0x00, 0x03, 0xe0, 
0x00, 0x70, 0x00, 0x00, 0x20, 0x00, 0x00, 0x00, 0x00, 0x07, 0x84, 0x00, 0x3c, 0x00, 0x00, 0x10, 
0x00, 0x00, 0x00, 0x00, 0x07, 0x0e, 0x08, 0x3f, 0x00, 0x00, 0x10, 0x00, 0x00, 0x08, 0x00, 0x04, 
0x1f, 0x04, 0x3f, 0x80, 0x00, 0x00, 0x00, 0x00, 0x08, 0x00, 0x00, 0xff, 0x86, 0x1f, 0xe0, 0x00, 
0x08, 0x00, 0x00, 0x00, 0x00, 0x07, 0xff, 0xc3, 0x9f, 0xf8, 0x00, 0x00, 0x00, 0x00, 0x00, 0x00, 
0x0f, 0xff, 0xe3, 0xc9, 0xde, 0x00, 0x00, 0x00, 0x00, 0x10, 0x00, 0x1f, 0xff, 0xf1, 0xe4, 0x03, 
0x00, 0x00, 0x00, 0x00, 0x00, 0x00, 0x1f, 0xff, 0xf8, 0xf0, 0x01, 0x00, 0x00, 0x00, 0x00, 0x00, 
0x00, 0x1f, 0xc7, 0xfe, 0xf1, 0xe3, 0x00, 0x00, 0x00, 0x00, 0x00, 0x00, 0x3f, 0xfb, 0xff, 0xe7, 
0xff, 0x00, 0x00, 0x00, 0x00, 0x00, 0x00, 0x3e, 0x01, 0xff, 0xff, 0xff, 0x00, 0x00, 0x00, 0x00, 
0x00, 0x00, 0x38, 0x00, 0xff, 0xff, 0xf3, 0x00, 0x00, 0x00, 0x00, 0x00, 0x00, 0x30, 0x3f, 0xff, 
0xff, 0x83, 0x00, 0x00, 0x00, 0x00, 0x00, 0x00, 0x10, 0xff, 0xff, 0xff, 0x1f, 0x00, 0x00, 0x00, 
0x00, 0x00, 0x00, 0x1b, 0xff, 0xff, 0xff, 0xff, 0x00, 0x00, 0x00, 0x00, 0x00, 0x00, 0x1f, 0xff, 
0xff, 0xff, 0xff, 0x00, 0x00, 0x00, 0x00, 0x00, 0x00, 0x0e, 0x0f, 0xff, 0xff, 0xfe, 0x00, 0x00, 
0x00, 0x00, 0x00, 0x00, 0x0c, 0x3f, 0xfd, 0xff, 0xfe, 0x00, 0x00, 0x00, 0x00, 0x00, 0x00, 0x07, 
0xff, 0xfd, 0xff, 0xfe, 0x00, 0x00, 0x00, 0x00, 0x00, 0x00, 0x03, 0xff, 0xff, 0xff, 0xfe, 0x00, 
0x00, 0x00, 0x00, 0x00, 0x00, 0x90, 0xff, 0xff, 0xff, 0xfc, 0x00, 0x00, 0x00, 0x00, 0x00, 0x01, 
0xb8, 0x3f, 0xff, 0xf9, 0xfc, 0x00, 0x00, 0x00, 0x00, 0x00, 0x01, 0xbb, 0x9f, 0xff, 0xf3, 0xfc, 
0x00, 0x00, 0x00, 0x00, 0x00, 0x05, 0xb3, 0xcf, 0xff, 0xe7, 0xf8, 0x00, 0x00, 0x00, 0x00, 0x00, 
0x05, 0x37, 0x67, 0x07, 0xdf, 0xf8, 0x00, 0x00, 0x00, 0x00, 0x00, 0x05, 0x37, 0x27, 0xf3, 0xff, 
0xf0, 0x00, 0x00, 0x00, 0x00, 0x00, 0x05, 0x27, 0x27, 0xff, 0xff, 0xe0, 0x00, 0x00, 0x00, 0x00, 
0x00, 0x01, 0x6f, 0x27, 0xfe, 0x3f, 0xc0, 0x00, 0x00, 0x00, 0x00, 0x00, 0x01, 0x6f, 0x87, 0xff, 
0xff, 0x80, 0x00, 0x00, 0x00, 0x00, 0x00, 0x01, 0x7f, 0xc7, 0xff, 0xff, 0x00, 0x00, 0x00, 0x00, 
0x00, 0x00, 0x01, 0xff, 0xf0, 0xff, 0xfe, 0x00, 0x00, 0x00, 0x00, 0x00, 0x00, 0x01, 0xff, 0xfc, 
0x3f, 0xf8, 0x00, 0x00, 0x00, 0x00, 0x00, 0x00, 0x00, 0xff, 0xff, 0x0f, 0xf0, 0x00, 0x00, 0x00, 
0x00, 0x00, 0x00, 0x00, 0x7f, 0xff, 0xc3, 0xe1, 0x00, 0x00, 0x00, 0x00, 0x00, 0x00, 0x00, 0x3f, 
0xff, 0xe0, 0x01, 0x00, 0x00, 0x00, 0x00, 0x00, 0x00, 0x00, 0x0f, 0xff, 0xf0, 0x03, 0x00, 0x00, 
0x00, 0x00, 0x00, 0x00, 0x00, 0x03, 0xff, 0xf0, 0x07, 0x00, 0x00, 0x00, 0x00, 0x00, 0x00, 0x00, 
0x00, 0xff, 0xf8, 0x0f, 0x00, 0x00, 0x00, 0x00, 0x00, 0x00, 0x00, 0x00, 0x7f, 0xf8, 0x1f, 0x00, 
0x00, 0x00, 0x00, 0x00, 0x00, 0x00, 0x00, 0x1f, 0xf9, 0xff, 0x80, 0x00, 0xff, 0x80, 0x00, 0x06, 
0x00, 0x00, 0x0f, 0xf9, 0xff, 0xb0, 0x00, 0x00, 0xe0, 0x00, 0x18, 0x00, 0x00, 0x07, 0xf3, 0xff, 
0xfe, 0x00, 0x00, 0x70, 0x00, 0x10, 0x00, 0x00, 0x0f, 0xf3, 0xff, 0xff, 0x00, 0x00, 0x08, 0x00, 
0x20, 0x00, 0x00, 0x0f, 0xf3, 0xff, 0xfe, 0x00, 0x00, 0x00, 0x00, 0x60, 0x00, 0x00, 0x1f, 0xf3, 
0xff, 0xfc, 0x00, 0x00, 0x04, 0x00, 0x40, 0x00, 0x00, 0x1f, 0xf3, 0xff, 0xf0, 0x00, 0x00, 0x00};
const unsigned char epd_bitmap_shocked[] PROGMEM = {0x00, 0x07, 0x00, 0x07, 0x1f, 0xc0, 0x00, 0x00, 0x00, 0x00, 0x0e, 0x00, 0x3e, 0x03, 0xf8, 0x00,
0x00, 0x00, 0x00, 0x06, 0x00, 0xfc, 0x00, 0x7e, 0x00, 0x02, 0x00, 0x00, 0x00, 0x03, 0x80, 0x00,
0x1f, 0x80, 0x3e, 0x00, 0x00, 0x00, 0x07, 0x00, 0x00, 0x0f, 0xc0, 0x1f, 0x00, 0x06, 0x00, 0x1e,
0x00, 0x00, 0x07, 0xe0, 0x1f, 0xc0, 0x07, 0xc0, 0x3c, 0x00, 0x00, 0x03, 0xf8, 0x1f, 0x00, 0x07,
0xc0, 0x78, 0x00, 0x00, 0x01, 0xfc, 0x36, 0x00, 0x1f, 0x80, 0x70, 0x00, 0x00, 0x30, 0xfc, 0x02,
0x00, 0x0f, 0xc0, 0xe0, 0x00, 0x00, 0x70, 0x7e, 0x00, 0x00, 0x07, 0xc1, 0xe0, 0x00, 0x00, 0xf0,
0x3f, 0x00, 0x00, 0x06, 0x01, 0xc0, 0x00, 0x00, 0x10, 0x3f, 0x00, 0x00, 0x04, 0x01, 0xc0, 0x00,
0x00, 0x10, 0x3f, 0x00, 0x00, 0x00, 0x03, 0x80, 0x00, 0x00, 0x18, 0x1f, 0x81, 0x00, 0x00, 0x03,
0x80, 0x00, 0x00, 0x18, 0x1f, 0x80, 0xe0, 0x00, 0x03, 0x00, 0x00, 0x00, 0x18, 0x1c, 0x81, 0x10,
0x00, 0x07, 0x00, 0x00, 0x00, 0x18, 0x18, 0x81, 0xd0, 0x00, 0x06, 0x00, 0x10, 0x00, 0x08, 0x10,
0xc1, 0xd0, 0x10, 0x06, 0x00, 0x10, 0x00, 0x0c, 0x00, 0xc0, 0x00, 0x26, 0x0c, 0x00, 0x30, 0x00,
0x0c, 0x00, 0x40, 0x00, 0x01, 0x0c, 0x00, 0x38, 0x00, 0x00, 0x00, 0x40, 0x00, 0x02, 0x0c, 0x00,
0x78, 0x00, 0x00, 0x00, 0x60, 0x00, 0x21, 0x18, 0x00, 0x7c, 0x00, 0x00, 0x00, 0x60, 0x00, 0x10,
0x18, 0x00, 0xf0, 0x01, 0x00, 0x00, 0x20, 0x00, 0x00, 0x10, 0x00, 0x80, 0x00, 0x00, 0x00, 0x30,
0x00, 0x00, 0x30, 0x00, 0x7e, 0x11, 0x80, 0x00, 0x30, 0xc0, 0x00, 0x20, 0x01, 0xff, 0x10, 0xe0,
0x00, 0x10, 0xe0, 0x00, 0x40, 0x03, 0xff, 0x88, 0xe0, 0x00, 0x10, 0xc0, 0x00, 0x40, 0x03, 0x07,
0xcc, 0x40, 0x00, 0x08, 0x00, 0x00, 0x80, 0x06, 0x13, 0xc6, 0x10, 0x00, 0x08, 0x00, 0x00, 0x80,
0x04, 0xc1, 0xe7, 0x04, 0x00, 0x08, 0x00, 0x01, 0x00, 0x00, 0x93, 0xf3, 0x92, 0x00, 0x04, 0x00,
0x02, 0x00, 0x05, 0xbb, 0xfb, 0xbb, 0x40, 0x04, 0x00, 0x04, 0x00, 0x05, 0x9b, 0xff, 0xb2, 0xc0,
0x00, 0x00, 0x04, 0x00, 0x07, 0x83, 0xff, 0x83, 0xc0, 0x02, 0x00, 0x00, 0x00, 0x07, 0x47, 0xff,
0xcd, 0x80, 0x00, 0x00, 0x00, 0x00, 0x03, 0xff, 0xff, 0xf3, 0x80, 0x01, 0x00, 0x00, 0x00, 0x0b,
0x0b, 0x7f, 0xa8, 0xa0, 0x00, 0x00, 0x00, 0x00, 0x0b, 0xff, 0xf9, 0xff, 0xa0, 0x00, 0x80, 0x64,
0x00, 0x09, 0xf1, 0x11, 0x3f, 0x40, 0x00, 0x00, 0x14, 0x00, 0x01, 0xf6, 0x4c, 0xff, 0x00, 0x00,
0x00, 0x00, 0x00, 0x01, 0xf3, 0x39, 0x9f, 0x00, 0x00, 0x00, 0x00, 0x00, 0x00, 0x93, 0x77, 0x92,
0x00, 0x01, 0x00, 0x08, 0x00, 0x00, 0xa4, 0xef, 0x4a, 0x00, 0x01, 0x00, 0x08, 0x00, 0x00, 0x21,
0xde, 0xc8, 0x00, 0x00, 0x00, 0x08, 0x00, 0x00, 0x33, 0xbf, 0x98, 0x00, 0x00, 0x00, 0x08, 0x00,
0x00, 0x67, 0x7b, 0x8c, 0x00, 0x00, 0x00, 0x00, 0x20, 0x00, 0x6f, 0x77, 0x4c, 0x00, 0x00, 0x00,
0x04, 0x20, 0x00, 0xff, 0xee, 0xce, 0x00, 0x04, 0x40, 0x04, 0x20, 0x00, 0xdf, 0xfc, 0xd6, 0x00,
0x04, 0x80, 0x00, 0x00, 0x00, 0xbf, 0xdd, 0xba, 0x00, 0x00, 0x00, 0x01, 0x10, 0x01, 0xbf, 0xfb,
0x3e, 0x00, 0x00, 0x00, 0x01, 0x10, 0x01, 0xff, 0xf7, 0x7f, 0x00, 0x00, 0x00, 0x00, 0x08, 0x01,
0xff, 0xfe, 0xff, 0x00, 0x00, 0x00, 0x00, 0x08, 0x01, 0xff, 0xfc, 0xff, 0x00, 0x20, 0x00, 0x00,
0x04, 0x01, 0xff, 0xfd, 0xff, 0x00, 0xc0, 0x00, 0x00, 0x04, 0x01, 0xff, 0xfb, 0xff, 0x10, 0x00,
0x00, 0x00, 0x02, 0x05, 0xff, 0xfb, 0xff, 0x1e, 0x00, 0x00, 0x00, 0x00, 0x01, 0xff, 0xf7, 0xff,
0x03, 0x80, 0x00, 0x00, 0x01, 0x01, 0xff, 0xf7, 0xff, 0x60, 0x60, 0x00, 0x00, 0x03, 0x81, 0xff,
0xef, 0xff, 0x70, 0x10, 0x00, 0x00, 0x03, 0x01, 0xff, 0xc7, 0xff, 0x60, 0x00, 0x00, 0x00, 0x03,
0x01, 0xff, 0xd7, 0xff, 0x00, 0x10, 0x00, 0x00, 0x18, 0x03, 0xff, 0x83, 0xff, 0x80, 0x0c, 0x00};
// TODO: fill with your 88x64 shocked_v2 bitmap hex data (704 bytes)
const unsigned char epd_bitmap_shocked_v2[] PROGMEM = {0x00, 0x0c, 0x00, 0x00, 0x00, 0x00, 0x00, 0x00, 0x46, 0x00, 0x00, 0x00, 0x0c, 0x00, 0x00, 0x00, 
0x00, 0x00, 0x00, 0x03, 0x00, 0x00, 0x00, 0x18, 0x00, 0x00, 0x00, 0x00, 0x00, 0x00, 0x03, 0x00, 
0x00, 0x00, 0x18, 0x00, 0x00, 0x00, 0x00, 0x00, 0x00, 0x03, 0x00, 0x00, 0x00, 0x18, 0x00, 0x00, 
0x00, 0x00, 0x00, 0x00, 0x01, 0x80, 0x00, 0x00, 0x10, 0x00, 0x00, 0x00, 0x00, 0x00, 0x00, 0x01, 
0x80, 0x00, 0x00, 0x30, 0x00, 0x0c, 0x00, 0x00, 0x00, 0x00, 0x01, 0x80, 0x00, 0x00, 0x30, 0x00, 
0x0c, 0x00, 0x00, 0x00, 0x00, 0x00, 0x80, 0x00, 0x00, 0x20, 0x00, 0x0c, 0x00, 0x00, 0x00, 0x00, 
0x00, 0xc0, 0x00, 0x00, 0x20, 0x00, 0x1e, 0x00, 0x00, 0x00, 0x00, 0x00, 0xc0, 0x00, 0x00, 0x20, 
0x00, 0x1e, 0x00, 0x00, 0x00, 0x00, 0x00, 0x40, 0x00, 0x00, 0x40, 0x00, 0x1f, 0x00, 0x00, 0x00, 
0x00, 0x00, 0x60, 0x00, 0x00, 0x40, 0x00, 0x3f, 0x00, 0x00, 0x00, 0x00, 0x00, 0x20, 0x00, 0x00, 
0x40, 0x00, 0x30, 0x00, 0x04, 0x00, 0x00, 0x00, 0x20, 0x00, 0x00, 0x80, 0x00, 0x00, 0x00, 0x00, 
0x00, 0x00, 0x00, 0x20, 0x00, 0x00, 0x80, 0x00, 0x0e, 0x00, 0x00, 0x00, 0x00, 0x00, 0x10, 0x00, 
0x00, 0x00, 0x00, 0x7f, 0xc0, 0x03, 0x80, 0x00, 0x00, 0x10, 0x00, 0x01, 0x00, 0x00, 0xff, 0xe0, 
0x03, 0xe0, 0x00, 0x00, 0x08, 0x00, 0x00, 0x00, 0x00, 0xff, 0xf0, 0x41, 0xf0, 0x00, 0x00, 0x08, 
0x00, 0x02, 0x00, 0x01, 0xff, 0xf0, 0x61, 0xf8, 0x00, 0x00, 0x04, 0x00, 0x02, 0x00, 0x01, 0xff, 
0xf8, 0x61, 0xe0, 0x00, 0x00, 0x04, 0x00, 0x04, 0x00, 0x01, 0x80, 0x3c, 0x38, 0x40, 0x00, 0x00, 
0x02, 0x00, 0x00, 0x00, 0x03, 0x00, 0x5e, 0x3c, 0x00, 0x00, 0x00, 0x02, 0x00, 0x08, 0x00, 0x02, 
0x1e, 0x1f, 0x1e, 0x1f, 0x80, 0x00, 0x00, 0x00, 0x00, 0x00, 0x00, 0x7f, 0x9f, 0x9e, 0x7f, 0xc0, 
0x00, 0x00, 0x00, 0x10, 0x00, 0x00, 0x7f, 0xcf, 0xce, 0xc3, 0xc0, 0x00, 0x00, 0x00, 0x20, 0x00, 
0x00, 0xf8, 0x6f, 0xe7, 0x99, 0xc0, 0x00, 0x00, 0x00, 0x00, 0x00, 0x00, 0x73, 0xbf, 0xff, 0xbd, 
0xc8, 0x00, 0x00, 0x00, 0x00, 0x00, 0x02, 0x76, 0xbf, 0xff, 0x85, 0xd8, 0x00, 0x00, 0x00, 0x00, 
0x00, 0x03, 0x74, 0x1f, 0xff, 0x85, 0xb8, 0x00, 0x00, 0x00, 0x00, 0x00, 0x03, 0xb0, 0x3f, 0xff, 
0x88, 0x30, 0x00, 0x00, 0x00, 0x00, 0x00, 0x01, 0xc0, 0x3f, 0xff, 0xe0, 0xf0, 0x00, 0x00, 0x00, 
0x00, 0x00, 0x01, 0xff, 0xff, 0xff, 0xff, 0xf0, 0x00, 0x00, 0x00, 0x00, 0x00, 0x01, 0xff, 0xff, 
0xff, 0xff, 0xf0, 0x00, 0x00, 0x00, 0x00, 0x00, 0x00, 0xff, 0xff, 0xff, 0xff, 0xe0, 0x00, 0x00, 
0x00, 0x00, 0x00, 0x00, 0xff, 0xff, 0xff, 0xff, 0xe0, 0x00, 0x00, 0x00, 0x00, 0x00, 0x00, 0x7f, 
0xff, 0xff, 0xff, 0xe0, 0x00, 0x00, 0x00, 0x00, 0x00, 0x00, 0x7f, 0xff, 0xbf, 0xff, 0xc0, 0x00, 
0x00, 0x00, 0x00, 0x00, 0x00, 0x3f, 0xff, 0xff, 0xff, 0xc0, 0x00, 0x00, 0x00, 0x00, 0x00, 0x00, 
0x3f, 0xff, 0xff, 0xff, 0x80, 0x00, 0x00, 0x00, 0x00, 0x00, 0x00, 0x1f, 0xff, 0xff, 0xff, 0x00, 
0x00, 0x00, 0x00, 0x00, 0x00, 0x00, 0x0f, 0xff, 0xff, 0xfe, 0x00, 0x00, 0x00, 0x00, 0x00, 0x00, 
0x00, 0x07, 0xff, 0x07, 0xfe, 0x00, 0x00, 0x00, 0x20, 0x00, 0x00, 0x00, 0x03, 0xfe, 0x03, 0xfc, 
0x00, 0x00, 0x00, 0x40, 0x00, 0x00, 0x00, 0x01, 0xfc, 0xf9, 0xf8, 0x00, 0x00, 0x00, 0x00, 0x20, 
0x00, 0x00, 0x00, 0xfc, 0xfb, 0xe0, 0x00, 0x00, 0x00, 0x00, 0x20, 0x00, 0x00, 0x00, 0x3f, 0x7f, 
0xc0, 0x00, 0x00, 0x00, 0x00, 0x00, 0x00, 0x00, 0x00, 0x0f, 0xff, 0x80, 0x00, 0x00, 0x00, 0x00, 
0x00, 0x20, 0x00, 0x00, 0x07, 0xfe, 0x08, 0x00, 0x00, 0x00, 0x00, 0x00, 0x00, 0x00, 0x00, 0x01, 
0xfc, 0x18, 0x00, 0x3f, 0xf0, 0x00, 0x00, 0x00, 0x00, 0x00, 0x00, 0x70, 0x38, 0x00, 0x00, 0x3c, 
0x00, 0x01, 0x90, 0x00, 0x00, 0x30, 0x00, 0x7b, 0x00, 0x00, 0x3e, 0x00, 0x03, 0x00, 0x00, 0x00, 
0x38, 0x00, 0xfb, 0xc0, 0x00, 0x02, 0x00, 0x06, 0x00, 0x00, 0x00, 0x3c, 0x03, 0xff, 0x80, 0x00, 
0x01, 0x00, 0x0c, 0x00, 0x00, 0x00, 0x07, 0x07, 0xff, 0x80, 0x00, 0x01, 0x80, 0x0c, 0x00, 0x00, 
0x00, 0x1f, 0xdf, 0xff, 0x00, 0x00, 0x00, 0x80, 0x08, 0x00, 0x00, 0x00, 0x00, 0x00, 0x00, 0x00, 
0x00, 0x00, 0x80, 0x18, 0x00, 0x00, 0x00, 0x00, 0x00, 0x00, 0x00, 0x00, 0x00, 0x80, 0x18, 0x00, 
0x00, 0x7f, 0xff, 0xff, 0xff, 0xe0, 0x00, 0x00, 0x80, 0x18, 0x00, 0x00, 0xc0, 0x01, 0xfc, 0x07, 
0xe0, 0x00, 0x00, 0x80, 0x10, 0x00, 0x00, 0xff, 0xff, 0xff, 0xff, 0xe0, 0x00, 0x00, 0x40, 0x10, 
0x00, 0x00, 0xff, 0xff, 0xff, 0xff, 0xe0, 0x00, 0x00, 0x40, 0x10, 0x00, 0x00, 0x7f, 0xff, 0xff, 
0xff, 0xe0, 0x00, 0x00, 0x40, 0x00, 0x00, 0x00, 0x7f, 0xff, 0xff, 0xff, 0xe0, 0x00, 0x00, 0x80};
// TODO: fill with your 88x64 shocked_v3 bitmap hex data (704 bytes)
const unsigned char epd_bitmap_shocked_v3[] PROGMEM = {0x00, 0x00, 0x03, 0xe0, 0x00, 0x00, 0x00, 0x00, 0xff, 0x00, 0x00, 0x00, 0x00, 0x03, 0xc0, 0x00, 
0x00, 0x00, 0xc0, 0x7f, 0x00, 0x00, 0x00, 0x00, 0x07, 0xc0, 0x00, 0x00, 0x00, 0xc0, 0x7f, 0x80, 
0x00, 0x00, 0x00, 0x07, 0x80, 0x00, 0x00, 0x07, 0xe0, 0x3f, 0x80, 0x00, 0x00, 0x00, 0x0f, 0x00, 
0x00, 0x00, 0x00, 0xe0, 0x3f, 0xc0, 0x00, 0x00, 0x00, 0x0f, 0x00, 0x00, 0x00, 0x00, 0x60, 0x1f, 
0xc0, 0x00, 0x00, 0x00, 0x0e, 0x00, 0x00, 0x00, 0x00, 0x60, 0x1f, 0xe0, 0x00, 0x00, 0x00, 0x1e, 
0x00, 0x00, 0x00, 0x00, 0x60, 0x1f, 0xe0, 0x00, 0x00, 0x00, 0x1c, 0x00, 0x00, 0x00, 0x00, 0x60, 
0x1f, 0xe0, 0x00, 0x00, 0x00, 0x1c, 0x00, 0x00, 0x00, 0x00, 0x20, 0x1f, 0x60, 0x00, 0x00, 0x00, 
0x38, 0x00, 0x00, 0x00, 0x00, 0x30, 0x0e, 0x30, 0x00, 0x00, 0x00, 0x38, 0x00, 0x00, 0x00, 0x00, 
0x30, 0x0c, 0x30, 0x00, 0x00, 0x00, 0x38, 0x00, 0x00, 0x00, 0x00, 0x30, 0x1c, 0x30, 0x00, 0x00, 
0x00, 0x30, 0x00, 0x08, 0x00, 0x00, 0x30, 0x18, 0x10, 0x00, 0x00, 0x00, 0x70, 0x00, 0x18, 0x00, 
0x00, 0x30, 0x00, 0x10, 0x00, 0x00, 0x00, 0x60, 0x00, 0x18, 0x00, 0x00, 0x30, 0x00, 0x18, 0x00, 
0x00, 0x00, 0x60, 0x00, 0x1c, 0x00, 0x00, 0x10, 0x00, 0x18, 0x00, 0x00, 0x00, 0xe0, 0x00, 0x3c, 
0x00, 0x00, 0x00, 0x00, 0x18, 0x00, 0x00, 0x00, 0xc0, 0x00, 0x3e, 0x00, 0x00, 0x00, 0x00, 0x08, 
0x00, 0x00, 0x00, 0xc0, 0x00, 0x7e, 0x00, 0x00, 0x00, 0x00, 0x0c, 0x00, 0x00, 0x01, 0x80, 0x00, 
0x00, 0x00, 0x00, 0x00, 0x00, 0x0c, 0x00, 0x00, 0x01, 0x80, 0x00, 0x00, 0x00, 0x00, 0x00, 0x00, 
0x04, 0x00, 0x00, 0x01, 0x00, 0x00, 0x7f, 0x00, 0x00, 0x00, 0x00, 0x04, 0x00, 0x00, 0x03, 0x00, 
0x00, 0xff, 0x80, 0x0c, 0x00, 0x00, 0x06, 0x00, 0x00, 0x02, 0x00, 0x01, 0xff, 0xc2, 0x0e, 0x00, 
0x00, 0x06, 0x00, 0x00, 0x06, 0x00, 0x01, 0xff, 0xc0, 0x0f, 0x00, 0x00, 0x02, 0x00, 0x00, 0x04, 
0x00, 0x03, 0xe3, 0xe1, 0x0e, 0x00, 0x00, 0x02, 0x00, 0x00, 0x0c, 0x00, 0x02, 0x00, 0xf1, 0x80, 
0x00, 0x00, 0x03, 0x00, 0x00, 0x08, 0x00, 0x00, 0x00, 0xf0, 0xc0, 0x00, 0x00, 0x01, 0x00, 0x00, 
0x18, 0x00, 0x00, 0xfc, 0x78, 0xe1, 0xf8, 0x00, 0x01, 0x00, 0x00, 0x10, 0x00, 0x01, 0xff, 0x7c, 
0x73, 0xfc, 0x00, 0x01, 0x00, 0x00, 0x20, 0x00, 0x03, 0xe3, 0xfe, 0x76, 0x3e, 0x00, 0x00, 0x80, 
0x00, 0x60, 0x00, 0x03, 0xe9, 0xff, 0x3e, 0x9e, 0x00, 0x00, 0x80, 0x00, 0x40, 0x00, 0x03, 0xd5, 
0xff, 0xbd, 0x5e, 0x00, 0x00, 0xc0, 0x00, 0x80, 0x00, 0x13, 0xdd, 0xff, 0xfd, 0xde, 0x40, 0x00, 
0x40, 0x00, 0x00, 0x00, 0x1b, 0xe1, 0xff, 0xfe, 0x1e, 0x40, 0x00, 0x20, 0x00, 0x00, 0x00, 0x19, 
0xf7, 0xff, 0xff, 0x7e, 0xc0, 0x00, 0x20, 0x02, 0x00, 0x00, 0x1f, 0xff, 0xff, 0xff, 0xfd, 0xc0, 
0x00, 0x20, 0x00, 0x00, 0x00, 0x0f, 0x37, 0xff, 0xfe, 0x63, 0x80, 0x00, 0x10, 0x00, 0x00, 0x00, 
0x0f, 0xff, 0xff, 0xff, 0xdf, 0x80, 0x00, 0x10, 0x00, 0x00, 0x00, 0x0f, 0xff, 0xff, 0xff, 0xff, 
0x80, 0x00, 0x08, 0x00, 0x00, 0x00, 0x0f, 0xff, 0xff, 0xff, 0xff, 0x80, 0x00, 0x00, 0x00, 0x00, 
0x00, 0x07, 0xff, 0xff, 0xff, 0xff, 0x80, 0x00, 0x04, 0x73, 0x00, 0x00, 0x07, 0xff, 0xff, 0xff, 
0xff, 0x00, 0x00, 0x04, 0x00, 0x00, 0x00, 0x07, 0xff, 0xfc, 0xff, 0xff, 0x00, 0x00, 0x00, 0x00, 
0x00, 0x00, 0x07, 0xff, 0xf7, 0xbf, 0xff, 0x00, 0x00, 0x02, 0x02, 0x00, 0x00, 0x03, 0xff, 0xc7, 
0x9f, 0xfe, 0x00, 0x00, 0x00, 0x02, 0x00, 0x00, 0x03, 0xff, 0xc0, 0x0f, 0xfe, 0x00, 0x00, 0x00, 
0x02, 0x00, 0x00, 0x01, 0xff, 0x80, 0x0f, 0xfc, 0x00, 0x00, 0x00, 0x02, 0x00, 0x00, 0x01, 0xff, 
0x80, 0x07, 0xfc, 0x00, 0x00, 0x00, 0x02, 0x00, 0x00, 0x00, 0xff, 0x80, 0x07, 0xf8, 0x00, 0x00, 
0x00, 0x02, 0x00, 0x00, 0x00, 0x7f, 0x8f, 0x87, 0xf0, 0x00, 0x00, 0x00, 0x02, 0x00, 0x00, 0x00, 
0x7f, 0xbf, 0xe7, 0xf0, 0x00, 0x00, 0x00, 0x02, 0x04, 0x00, 0x00, 0x1f, 0xbf, 0xf7, 0xe0, 0x00, 
0x00, 0x04, 0x02, 0x04, 0x00, 0x00, 0x0f, 0xdf, 0xef, 0x80, 0x00, 0x00, 0x04, 0x00, 0x00, 0x00, 
0x00, 0x07, 0xe0, 0x1f, 0x00, 0x00, 0x00, 0x44, 0x01, 0x02, 0x00, 0x00, 0x03, 0xff, 0xfe, 0x00, 
0x00, 0x00, 0x04, 0x01, 0x02, 0x00, 0x00, 0x00, 0xff, 0xf8, 0x00, 0x00, 0x00, 0x04, 0x00, 0x00, 
0x00, 0x00, 0x00, 0x3f, 0xf0, 0x00, 0x00, 0x00, 0x00, 0x00, 0x41, 0x00, 0x00, 0x02, 0x1f, 0xc0, 
0x00, 0x00, 0x00, 0x00, 0x00, 0x61, 0x00, 0x00, 0x03, 0x03, 0x02, 0x00, 0x00, 0x00, 0x00, 0x00, 
0x00, 0x00, 0x00, 0x03, 0x80, 0x06, 0x00, 0x00, 0x00, 0x00, 0x00, 0x00, 0x80, 0x00, 0x03, 0xc0, 
0x0e, 0x00, 0x00, 0x00, 0x00, 0x00, 0x00, 0x00, 0x00, 0x03, 0xf0, 0x3e, 0x00, 0x00, 0x00, 0x00};
// TODO: fill with your 88x64 shocked_v4 bitmap hex data (704 bytes)
const unsigned char epd_bitmap_shocked_v4[] PROGMEM = {0x00, 0x0f, 0x80, 0x00, 0x00, 0x00, 0x01, 0x80, 0x04, 0x00, 0x00, 0x00, 0x0f, 0x00, 0x00, 0x00, 
0x00, 0x01, 0x80, 0x06, 0x00, 0x00, 0x00, 0x0f, 0x00, 0x00, 0x00, 0x00, 0x00, 0x80, 0x02, 0x00, 
0x00, 0x00, 0x0f, 0x00, 0x00, 0x00, 0x00, 0x00, 0x00, 0x02, 0x00, 0x00, 0x00, 0x1f, 0x00, 0x01, 
0x80, 0x00, 0x00, 0x00, 0x03, 0x00, 0x00, 0x00, 0x1f, 0x00, 0x01, 0x80, 0x00, 0x00, 0x00, 0x01, 
0x00, 0x00, 0x00, 0x1c, 0x00, 0x01, 0xc0, 0x00, 0x00, 0x00, 0x01, 0x00, 0x00, 0x00, 0x1e, 0x00, 
0x01, 0xe0, 0x00, 0x00, 0x00, 0x00, 0x80, 0x00, 0x00, 0x1a, 0x00, 0x03, 0xe0, 0x00, 0x00, 0x00, 
0x00, 0x80, 0x00, 0x00, 0x1a, 0x00, 0x03, 0xf0, 0x00, 0x00, 0x00, 0x00, 0xc0, 0x00, 0x00, 0x18, 
0x00, 0x03, 0xf8, 0x00, 0x00, 0x00, 0x00, 0x40, 0x00, 0x00, 0x18, 0x00, 0x03, 0xf0, 0x00, 0x78, 
0x00, 0x00, 0x60, 0x00, 0x00, 0x30, 0x00, 0x07, 0xe0, 0x00, 0x3c, 0x00, 0x00, 0x20, 0x00, 0x00, 
0x30, 0x00, 0x07, 0x06, 0x08, 0x3c, 0x00, 0x00, 0x00, 0x00, 0x00, 0x30, 0x00, 0x04, 0x1f, 0x04, 
0x10, 0x00, 0x00, 0x10, 0x00, 0x00, 0x30, 0x00, 0x01, 0xff, 0x87, 0x00, 0x00, 0x00, 0x08, 0x00, 
0x00, 0x30, 0x00, 0x0f, 0xc7, 0xc3, 0x80, 0xe0, 0x00, 0x08, 0x00, 0x00, 0x30, 0x00, 0x0e, 0x01, 
0xe3, 0xc0, 0x30, 0x00, 0x00, 0x00, 0x00, 0x20, 0x00, 0x08, 0x01, 0xf1, 0xe0, 0x38, 0x00, 0x00, 
0x00, 0x00, 0x20, 0x00, 0x18, 0x40, 0xf8, 0xf0, 0x18, 0x00, 0x00, 0x00, 0x00, 0x20, 0x00, 0x01, 
0x82, 0xfc, 0xf0, 0x1a, 0x00, 0x00, 0x00, 0x00, 0x40, 0x00, 0x03, 0x01, 0xff, 0x72, 0xba, 0x00, 
0x00, 0x00, 0x00, 0x40, 0x00, 0x03, 0x01, 0xff, 0xf9, 0x36, 0x00, 0x00, 0x00, 0x00, 0x40, 0x00, 
0x03, 0x01, 0xff, 0xfc, 0x66, 0x00, 0x00, 0x00, 0x00, 0x00, 0x00, 0x23, 0x29, 0xff, 0xff, 0x1e, 
0x00, 0x00, 0x00, 0x00, 0x80, 0x00, 0x33, 0xbb, 0xff, 0xff, 0xfe, 0x00, 0x00, 0x00, 0x00, 0x80, 
0x00, 0x3d, 0xc7, 0xff, 0xff, 0xfe, 0x00, 0x00, 0x00, 0x00, 0x00, 0x00, 0x1e, 0x87, 0xff, 0xff, 
0xfe, 0x00, 0x00, 0x00, 0x00, 0x00, 0x00, 0x1f, 0x7f, 0xff, 0xff, 0xfe, 0x00, 0x00, 0x00, 0x01, 
0x00, 0x00, 0x1f, 0xff, 0xff, 0x7f, 0xfe, 0x00, 0x00, 0x00, 0x00, 0x00, 0x00, 0x0f, 0xff, 0xff, 
0x7f, 0xfc, 0x00, 0x00, 0x00, 0x00, 0x00, 0x00, 0x0f, 0xff, 0xff, 0xff, 0xfc, 0x00, 0x00, 0x00, 
0x00, 0x00, 0x00, 0x27, 0xff, 0xff, 0xff, 0xfc, 0x00, 0x00, 0x00, 0x00, 0x00, 0x00, 0x27, 0xff, 
0xff, 0xff, 0xf8, 0x00, 0x00, 0x00, 0x00, 0x00, 0x00, 0x33, 0xff, 0xff, 0xff, 0xf8, 0x00, 0x00, 
0x00, 0x00, 0x00, 0x00, 0x03, 0xff, 0xfe, 0xcf, 0xf8, 0x00, 0x00, 0x20, 0x00, 0x00, 0x00, 0x01, 
0xff, 0xf8, 0x07, 0xf0, 0x00, 0x00, 0x20, 0x00, 0x00, 0x00, 0x00, 0xff, 0xf8, 0x87, 0xe0, 0x00, 
0x00, 0x00, 0x00, 0x00, 0x00, 0x00, 0x7f, 0xf3, 0xf7, 0xc0, 0x00, 0x00, 0x00, 0x00, 0x00, 0x00, 
0x00, 0x3f, 0xf2, 0x1f, 0xc0, 0x00, 0x00, 0x00, 0x00, 0x00, 0x00, 0x00, 0x1f, 0xff, 0xff, 0x80, 
0x00, 0x00, 0x00, 0x00, 0x02, 0x00, 0x00, 0x0f, 0xff, 0x9f, 0x00, 0x00, 0x08, 0x00, 0x02, 0x02, 
0x00, 0x00, 0x03, 0xff, 0xfe, 0x00, 0x01, 0xff, 0x00, 0x02, 0x02, 0x00, 0x00, 0x00, 0x7f, 0xfc, 
0x00, 0x07, 0x3b, 0x80, 0x00, 0x41, 0x00, 0x00, 0x00, 0x0f, 0xf8, 0x00, 0x10, 0x20, 0xc0, 0x01, 
0x41, 0x00, 0x00, 0x00, 0x01, 0xe1, 0x00, 0x00, 0x40, 0x60, 0x00, 0x41, 0x00, 0x00, 0x01, 0x80, 
0x0e, 0x00, 0x00, 0x00, 0x30, 0x00, 0x20, 0x80, 0x00, 0x01, 0xe0, 0x1c, 0x00, 0x00, 0x00, 0x10, 
0x00, 0x20, 0x80, 0x00, 0x01, 0xf8, 0x78, 0x18, 0x00, 0x00, 0x18, 0x00, 0x30, 0x40, 0x00, 0x0c, 
0xfc, 0xf0, 0x30, 0x00, 0x00, 0x08, 0x00, 0x10, 0x40, 0x00, 0x0c, 0xfb, 0xe0, 0xf0, 0x00, 0x00, 
0x08, 0x00, 0x00, 0x20, 0x00, 0x1c, 0xe7, 0x83, 0xe8, 0x00, 0x00, 0x0c, 0x00, 0x00, 0x20, 0x00, 
0x1c, 0x1f, 0x07, 0xd8, 0x00, 0x00, 0x04, 0x00, 0x00, 0x10, 0x00, 0x38, 0x3e, 0x1f, 0x38, 0x00, 
0x00, 0x04, 0x00, 0x00, 0x08, 0x00, 0x38, 0xfc, 0x3e, 0xf0, 0x00, 0x00, 0x04, 0x00, 0x00, 0x04, 
0x00, 0x79, 0xf8, 0xfd, 0xe0, 0x00, 0x00, 0x04, 0x00, 0x00, 0x00, 0x00, 0x77, 0xfb, 0xf3, 0xc0, 
0x00, 0x00, 0x04, 0x00, 0x00, 0x00, 0x00, 0xcf, 0xff, 0xe7, 0x90, 0x00, 0x00, 0x04, 0x00, 0x00, 
0x08, 0x01, 0xdf, 0xff, 0xdf, 0x00, 0x00, 0x00, 0x04, 0x00, 0x00, 0x30, 0x01, 0xbf, 0xff, 0xbe, 
0x18, 0x00, 0x00, 0x04, 0x00, 0x00, 0x60, 0x01, 0xff, 0xff, 0xfc, 0x30, 0x00, 0x00, 0x04, 0x00, 
0x00, 0xc0, 0x01, 0xff, 0xff, 0xf8, 0x60, 0x00, 0x00, 0x04, 0x00, 0x01, 0x80, 0x03, 0xff, 0xff, 
0xf1, 0xc0, 0x00, 0x00, 0x04, 0x00, 0x01, 0x00, 0x03, 0xff, 0xff, 0xef, 0x80, 0x00, 0x00, 0x04};

// Variants referenced in drawing.h
const unsigned char epd_bitmap_happy_v2[] PROGMEM = {0x00, 0x00, 0x00, 0x0f, 0x01, 0xf8, 0x00, 0x18, 0x00, 0x00, 0x00, 0x00, 0x3e, 0x00, 0x3e, 0x00, 
	0x1c, 0xc0, 0x00, 0x00, 0x00, 0x60, 0x00, 0x1f, 0x80, 0x1f, 0xc0, 0x00, 0x00, 0x01, 0x80, 0x00, 
	0x07, 0xe0, 0x1f, 0xc0, 0x00, 0x00, 0x03, 0x00, 0x00, 0x03, 0xf0, 0x1f, 0x80, 0x00, 0x00, 0x0e, 
	0x00, 0x00, 0x01, 0xf8, 0x0f, 0x00, 0x00, 0x00, 0x1c, 0x00, 0x00, 0x00, 0xfc, 0x0c, 0x00, 0x00, 
	0x00, 0x38, 0x00, 0x00, 0x00, 0x7e, 0x00, 0x00, 0x00, 0x00, 0x38, 0x00, 0x00, 0x00, 0x3f, 0x00, 
	0x00, 0x00, 0x00, 0x70, 0x00, 0x00, 0x0c, 0x1f, 0x80, 0x00, 0x00, 0x00, 0x70, 0x00, 0x00, 0x3c, 
	0x1f, 0x80, 0x00, 0x00, 0x00, 0xe0, 0x00, 0x00, 0x04, 0x0f, 0xc0, 0x00, 0x00, 0x00, 0xc0, 0x00, 
	0x00, 0x04, 0x0f, 0xc0, 0x00, 0x00, 0x01, 0xc0, 0x00, 0x00, 0x04, 0x07, 0xc0, 0x00, 0x00, 0x01, 
	0x80, 0x00, 0x00, 0x04, 0x07, 0xe0, 0x00, 0x00, 0x01, 0x80, 0x00, 0x00, 0x04, 0x07, 0x20, 0x00, 
	0x00, 0x03, 0x00, 0x00, 0x00, 0x06, 0x06, 0x20, 0x00, 0x00, 0x03, 0x00, 0x00, 0x00, 0x02, 0x04, 
	0x20, 0x00, 0x00, 0x03, 0x00, 0x08, 0x00, 0x02, 0x00, 0x30, 0x00, 0x00, 0x02, 0x00, 0x08, 0x00, 
	0x02, 0x00, 0x10, 0x00, 0x00, 0x06, 0x00, 0x1c, 0x00, 0x00, 0x00, 0x10, 0x00, 0x00, 0x04, 0x00, 
	0x1c, 0x00, 0x00, 0x00, 0x10, 0x00, 0x00, 0x04, 0x00, 0x1e, 0x00, 0x00, 0x00, 0x18, 0x00, 0x00, 
	0x08, 0x00, 0x3e, 0x00, 0x00, 0x00, 0x08, 0x00, 0x00, 0x08, 0x00, 0x3e, 0x00, 0x00, 0x00, 0x08, 
	0x00, 0x00, 0x08, 0x00, 0x60, 0x00, 0x00, 0x00, 0x08, 0x00, 0x00, 0x10, 0x00, 0x00, 0x00, 0x00, 
	0x00, 0x08, 0x00, 0x00, 0x00, 0x00, 0x7f, 0x84, 0x70, 0x00, 0x04, 0x00, 0x00, 0x20, 0x00, 0xff, 
	0xc4, 0x30, 0x00, 0x04, 0x00, 0x00, 0x00, 0x01, 0xff, 0xc2, 0x3c, 0x00, 0x00, 0x00, 0x00, 0x40, 
	0x01, 0xff, 0xe3, 0x3e, 0x00, 0x02, 0x00, 0x00, 0x00, 0x03, 0xfb, 0xf1, 0x9f, 0x00, 0x02, 0x00, 
	0x00, 0x80, 0x03, 0x07, 0xf9, 0xd8, 0x00, 0x02, 0x00, 0x01, 0x00, 0x00, 0x01, 0xfc, 0xc0, 0x00, 
	0x01, 0x00, 0x02, 0x00, 0x02, 0x3e, 0xfe, 0x8e, 0x10, 0x00, 0x00, 0x00, 0x00, 0x03, 0xff, 0xff, 
	0xff, 0xe0, 0x00, 0x80, 0x00, 0x00, 0x03, 0xff, 0xff, 0xff, 0xe0, 0x00, 0x00, 0x00, 0x00, 0x03, 
	0xff, 0xff, 0xff, 0xe0, 0x00, 0x00, 0x00, 0x00, 0x01, 0x93, 0xff, 0xfc, 0x60, 0x00, 0x00, 0x00, 
	0x00, 0x01, 0xef, 0xff, 0xfb, 0x40, 0x00, 0x00, 0x00, 0x00, 0x01, 0xff, 0xfb, 0xff, 0xc0, 0x00, 
	0x00, 0x3c, 0x00, 0x00, 0xff, 0xfb, 0xff, 0xc0, 0x00, 0x00, 0x00, 0x00, 0x00, 0xff, 0xff, 0xff, 
	0x80, 0x00, 0x00, 0x00, 0x00, 0x00, 0x7f, 0xff, 0xff, 0x80, 0x00, 0x00, 0x00, 0x00, 0x00, 0x7f, 
	0x7f, 0xbf, 0x00, 0x00, 0x00, 0x00, 0x00, 0x00, 0x3f, 0x8c, 0xfe, 0x00, 0x00, 0x00, 0x00, 0x00, 
	0x00, 0x1f, 0xff, 0xfc, 0x00, 0x00, 0x00, 0x00, 0x00, 0x00, 0x0f, 0xfb, 0xf8, 0x00, 0x00, 0x00, 
	0x00, 0x00, 0x00, 0x07, 0xf3, 0xf0, 0x00, 0x00, 0x00, 0x00, 0x00, 0x00, 0x03, 0xff, 0xe0, 0x00, 
	0x00, 0x00, 0x00, 0x00, 0x00, 0x00, 0xff, 0xc0, 0x00, 0x00, 0x00, 0x00, 0x00, 0x00, 0x00, 0x7f, 
	0x00, 0x00, 0x00, 0x00, 0x00, 0x00, 0x00, 0x06, 0x1e, 0x20, 0x00, 0x00, 0x00, 0x00, 0x00, 0x00, 
	0x07, 0x00, 0x60, 0x00, 0x00, 0x00, 0x00, 0x08, 0x00, 0x07, 0x80, 0xe0, 0x00, 0x00, 0x00, 0x00, 
	0x00, 0x00, 0x07, 0xe1, 0xe0, 0x00, 0x00, 0x00, 0x00, 0x00, 0x00, 0x07, 0xff, 0xf0, 0x00, 0x00, 
	0x00, 0x00, 0x00, 0x00, 0x0f, 0xff, 0xf0, 0x00, 0x00, 0x00, 0x00, 0x02, 0x00, 0x0f, 0xff, 0xc0, 
	0x04, 0x00, 0x00, 0x00, 0x00, 0x00, 0x00, 0xff, 0x81, 0x03, 0x80, 0x00, 0x00, 0x00, 0x00, 0x00, 
	0x3f, 0xfe, 0x00, 0x40, 0x00, 0x00, 0x00, 0x80, 0x7f, 0xff, 0xfc, 0x70, 0x10, 0x00, 0x00, 0x01, 
	0x00, 0x0f, 0xff, 0xf8, 0xfc, 0x00, 0x00, 0x00, 0x01, 0x00, 0x03, 0xff, 0xff, 0xf0, 0x00, 0x00};
const unsigned char epd_bitmap_happy_v3[] PROGMEM = {0x00, 0x00, 0x78, 0x00, 0x00, 0x00, 0x3c, 0x07, 0xf8, 0x00, 0x00, 0x00, 0x78, 0x00, 0x00, 0x00, 
	0x04, 0x03, 0xf8, 0x00, 0x00, 0x00, 0x70, 0x00, 0x00, 0x00, 0x04, 0x03, 0xfc, 0x00, 0x00, 0x00, 
	0xf0, 0x00, 0x00, 0x00, 0x06, 0x03, 0xfc, 0x00, 0x00, 0x00, 0xe0, 0x00, 0x00, 0x00, 0x06, 0x01, 
	0xfc, 0x00, 0x00, 0x00, 0xe0, 0x00, 0x00, 0x00, 0x06, 0x01, 0xe6, 0x00, 0x00, 0x01, 0xc0, 0x00, 
	0x00, 0x00, 0x06, 0x01, 0xe6, 0x00, 0x00, 0x01, 0xc0, 0x00, 0x00, 0x00, 0x06, 0x01, 0xc6, 0x00, 
	0x00, 0x01, 0x80, 0x00, 0x00, 0x00, 0x02, 0x01, 0x82, 0x00, 0x00, 0x03, 0x80, 0x00, 0x80, 0x00, 
	0x03, 0x01, 0x02, 0x00, 0x00, 0x03, 0x00, 0x00, 0x80, 0x00, 0x03, 0x00, 0x03, 0x00, 0x00, 0x03, 
	0x00, 0x00, 0xc0, 0x00, 0x03, 0x00, 0x03, 0x00, 0x00, 0x07, 0x00, 0x01, 0xc0, 0x00, 0x00, 0x00, 
	0x01, 0x00, 0x00, 0x06, 0x00, 0x01, 0xc0, 0x00, 0x00, 0x00, 0x01, 0x00, 0x00, 0x06, 0x00, 0x03, 
	0xe0, 0x00, 0x00, 0x00, 0x01, 0x80, 0x00, 0x04, 0x00, 0x03, 0xe0, 0x00, 0x00, 0x00, 0x01, 0x80, 
	0x00, 0x0c, 0x00, 0x03, 0xf0, 0x00, 0x00, 0x00, 0x00, 0x80, 0x00, 0x08, 0x00, 0x07, 0xf0, 0x00, 
	0x00, 0x00, 0x00, 0x80, 0x00, 0x08, 0x00, 0x0f, 0xf8, 0x00, 0x80, 0x00, 0x00, 0x80, 0x00, 0x10, 
	0x00, 0x0f, 0xf8, 0x00, 0x80, 0x00, 0x00, 0xc0, 0x00, 0x10, 0x00, 0x1f, 0xf0, 0x00, 0x40, 0x00, 
	0x00, 0x40, 0x00, 0x20, 0x00, 0x1f, 0xc0, 0x10, 0x00, 0x00, 0x00, 0x40, 0x00, 0x20, 0x00, 0x1f, 
	0x0e, 0x00, 0x00, 0x00, 0x00, 0x60, 0x00, 0x40, 0x00, 0x30, 0x3f, 0x08, 0x70, 0x00, 0x00, 0x20, 
	0x00, 0x40, 0x00, 0x3f, 0xff, 0x0c, 0x7c, 0x00, 0x00, 0x20, 0x00, 0x80, 0x00, 0x7e, 0x47, 0x86, 
	0x09, 0x00, 0x00, 0x30, 0x01, 0x00, 0x00, 0x78, 0x1f, 0xc7, 0x20, 0x80, 0x00, 0x10, 0x01, 0x00, 
	0x00, 0xe0, 0x07, 0xe3, 0x80, 0x00, 0x00, 0x10, 0x02, 0x00, 0x00, 0x80, 0x07, 0xf3, 0x00, 0x00, 
	0x00, 0x08, 0x04, 0x00, 0x00, 0x02, 0x0f, 0xf9, 0xc8, 0x00, 0x00, 0x08, 0x00, 0x00, 0x00, 0x18, 
	0x0f, 0xfd, 0xc0, 0x60, 0x00, 0x08, 0x08, 0x00, 0x00, 0xc8, 0x0f, 0xff, 0xc0, 0x48, 0x00, 0x04, 
	0x00, 0x00, 0x00, 0xf0, 0x7f, 0xff, 0xf0, 0x38, 0x00, 0x02, 0x00, 0x00, 0x00, 0x7f, 0xff, 0xff, 
	0xff, 0xf8, 0x00, 0x02, 0x00, 0x00, 0x00, 0x7a, 0xf7, 0xff, 0xfa, 0xf0, 0x00, 0x00, 0x00, 0x00, 
	0x00, 0x65, 0x2f, 0xff, 0xed, 0x70, 0x00, 0x01, 0x00, 0x00, 0x00, 0x32, 0x9f, 0xef, 0xd4, 0xb0, 
	0x00, 0x00, 0x00, 0x00, 0x00, 0x3f, 0xff, 0xef, 0xff, 0xe0, 0x00, 0x00, 0x98, 0x00, 0x00, 0x1f, 
	0xff, 0xef, 0xff, 0xe0, 0x00, 0x00, 0x08, 0x00, 0x00, 0x1f, 0xff, 0xff, 0xff, 0xe0, 0x00, 0x00, 
	0x00, 0x00, 0x00, 0x1f, 0xff, 0xff, 0xff, 0xc0, 0x00, 0x00, 0x00, 0x00, 0x00, 0x0f, 0xff, 0xff, 
	0xff, 0xc0, 0x00, 0x00, 0x10, 0x00, 0x00, 0x07, 0xff, 0xff, 0xff, 0x80, 0x00, 0x00, 0x10, 0x00, 
	0x00, 0x07, 0xfd, 0xfe, 0xff, 0x00, 0x00, 0x00, 0x00, 0x00, 0x00, 0x03, 0xff, 0x3b, 0xfe, 0x00, 
	0x00, 0x00, 0x00, 0x00, 0x00, 0x01, 0xff, 0xff, 0xfc, 0x00, 0x00, 0x00, 0x00, 0x00, 0x00, 0x00, 
	0xff, 0xff, 0xf8, 0x00, 0x00, 0x00, 0x10, 0x20, 0x00, 0x00, 0x3f, 0xff, 0xf0, 0x00, 0x00, 0x00, 
	0x10, 0x20, 0x00, 0x00, 0x1f, 0xff, 0xe0, 0x00, 0x00, 0x00, 0x00, 0x00, 0x00, 0x00, 0x0f, 0xff, 
	0x80, 0x00, 0x00, 0x00};
const unsigned char epd_bitmap_sad_embarrassed[] PROGMEM = {0x00, 0x1e, 0x00, 0x00, 0x00, 0x00, 0xff, 0x00, 0x00, 0x3e, 0x00, 0x00, 0x00, 0x00, 0x7f, 0x80,
0x00, 0x7c, 0x00, 0x00, 0x00, 0x00, 0x3f, 0xc0, 0x00, 0x78, 0x00, 0x00, 0x00, 0x18, 0x1f, 0xe0,
0x00, 0xf0, 0x00, 0x00, 0x00, 0x18, 0x0f, 0xf0, 0x00, 0xf0, 0x00, 0x00, 0x00, 0xf8, 0x0f, 0xf0,
0x01, 0xe0, 0x00, 0x00, 0x00, 0xfc, 0x07, 0xf8, 0x01, 0xe0, 0x00, 0x00, 0x00, 0x0c, 0x07, 0xf8,
0x03, 0xc0, 0x00, 0x00, 0x00, 0x0c, 0x03, 0xfc, 0x03, 0xc0, 0x00, 0x00, 0x00, 0x0c, 0x03, 0xfc,
0x03, 0x80, 0x00, 0x00, 0x00, 0x0c, 0x03, 0xfc, 0x07, 0x80, 0x00, 0x00, 0x00, 0x0c, 0x03, 0xfc,
0x07, 0x00, 0x00, 0x00, 0x00, 0x0c, 0x03, 0xe6, 0x07, 0x00, 0x00, 0x00, 0x00, 0x06, 0x03, 0xc6,
0x0e, 0x00, 0x00, 0x00, 0x00, 0x06, 0x03, 0x86, 0x0e, 0x00, 0x00, 0x00, 0x00, 0x06, 0x03, 0x86,
0x0c, 0x00, 0x03, 0x00, 0x00, 0x06, 0x03, 0x03, 0x0c, 0x00, 0x03, 0x00, 0x00, 0x06, 0x00, 0x03,
0x1c, 0x00, 0x03, 0x00, 0x00, 0x06, 0x00, 0x03, 0x18, 0x00, 0x07, 0x80, 0x00, 0x00, 0x00, 0x03,
0x18, 0x00, 0x07, 0x80, 0x00, 0x00, 0x00, 0x01, 0x30, 0x00, 0x0f, 0x80, 0x00, 0x00, 0x00, 0x01,
0x30, 0x00, 0x0f, 0xc0, 0x00, 0x00, 0x00, 0x21, 0x20, 0x00, 0x0f, 0xc0, 0x00, 0x00, 0x00, 0x20,
0x60, 0x00, 0x1f, 0xe0, 0x02, 0x00, 0x00, 0x60, 0x40, 0x00, 0x3f, 0xe0, 0x01, 0x00, 0x00, 0x70,
0x40, 0x00, 0x3f, 0xf0, 0x01, 0x80, 0x00, 0x70, 0xc0, 0x00, 0x7f, 0xe0, 0x40, 0x80, 0x00, 0x70,
0x80, 0x00, 0x7f, 0x80, 0x00, 0x00, 0x00, 0x30, 0x00, 0x00, 0xfe, 0x0c, 0x20, 0x00, 0x00, 0x10,
0x00, 0x00, 0xc0, 0x7c, 0x10, 0xc0, 0x00, 0x00, 0x00, 0x01, 0xff, 0xfe, 0x18, 0xf8, 0x00, 0x00,
0x00, 0x01, 0xff, 0xff, 0x1c, 0xfc, 0x00, 0x00, 0x00, 0x03, 0xfe, 0x1f, 0x8e, 0x02, 0x00, 0x00,
0x00, 0x03, 0xff, 0xff, 0x8f, 0x7f, 0x80, 0x00, 0x00, 0x02, 0x00, 0x1f, 0xc7, 0x00, 0x00, 0x00,
0x00, 0x00, 0x00, 0x0f, 0xe7, 0x00, 0x00, 0x00, 0x00, 0x02, 0x68, 0x3f, 0xf3, 0xa0, 0x48, 0x00,
0x00, 0x03, 0x20, 0x3f, 0xfb, 0x80, 0x98, 0x00, 0x00, 0x03, 0xc0, 0x3f, 0xff, 0x80, 0x30, 0x00,
0x00, 0x01, 0xff, 0xf5, 0x5f, 0xff, 0xf0, 0x00, 0x00, 0x01, 0xf7, 0xa2, 0xbd, 0x7f, 0xf0, 0x00,
0x00, 0x01, 0xea, 0x85, 0x7a, 0xab, 0xf0, 0x00, 0x00, 0x01, 0xd5, 0x43, 0xdd, 0x55, 0xe0, 0x00,
0x00, 0x00, 0xfa, 0xbf, 0xde, 0xaa, 0xe0, 0x00, 0x00, 0x00, 0xff, 0xff, 0xdf, 0xff, 0xe0, 0x00,
0x00, 0x00, 0xff, 0xff, 0xdf, 0xff, 0xc0, 0x00, 0x00, 0x00, 0x7f, 0xff, 0xff, 0xff, 0xc0, 0x00,
0x00, 0x00, 0x7f, 0xff, 0xff, 0xff, 0x80, 0x00, 0x00, 0x00, 0x33, 0xff, 0xff, 0xff, 0x80, 0x00,
0x00, 0x00, 0x33, 0xff, 0xff, 0xff, 0x00, 0x00, 0x00, 0x00, 0x1f, 0xff, 0xff, 0xff, 0x00, 0x00,
0x00, 0x00, 0x0f, 0xfd, 0xb3, 0xfe, 0x00, 0x00, 0x00, 0x00, 0x07, 0xff, 0xff, 0xfc, 0x00, 0x00,
0x00, 0x00, 0x03, 0xff, 0xff, 0xf8, 0x00, 0x00, 0x00, 0x00, 0x01, 0xff, 0xff, 0xf0, 0x00, 0x00,
0x00, 0x00, 0x00, 0x7f, 0xff, 0xc0, 0x00, 0x00, 0x00, 0x00, 0x00, 0x3f, 0xff, 0x80, 0x00, 0x00,
0x80, 0x00, 0x00, 0x0f, 0xfe, 0x00, 0x00, 0x00, 0x80, 0x00, 0x01, 0x07, 0xfc, 0x00, 0x00, 0x00,
0x00, 0x00, 0x01, 0x81, 0xf0, 0x40, 0x00, 0x00, 0x40, 0x00, 0x01, 0xe0, 0x40, 0xc0, 0x00, 0x00,
0x40, 0x00, 0x01, 0xf0, 0x03, 0xc0, 0x00, 0x00, 0x40, 0x00, 0x01, 0xfc, 0x07, 0xc0, 0x00, 0x00};
const unsigned char epd_bitmap_surprised_v2[] PROGMEM = {0x00, 0x07, 0x00, 0x07, 0x1f, 0xc0, 0x00, 0x00, 0x00, 0x00, 0x0e, 0x00, 0x3e, 0x03, 0xf8, 0x00,
0x00, 0x00, 0x00, 0x06, 0x00, 0xfc, 0x00, 0x7e, 0x00, 0x02, 0x00, 0x00, 0x00, 0x03, 0x80, 0x00,
0x1f, 0x80, 0x3e, 0x00, 0x00, 0x00, 0x07, 0x00, 0x00, 0x0f, 0xc0, 0x1f, 0x00, 0x06, 0x00, 0x1e,
0x00, 0x00, 0x07, 0xe0, 0x1f, 0xc0, 0x07, 0xc0, 0x3c, 0x00, 0x00, 0x03, 0xf8, 0x1f, 0x00, 0x07,
0xc0, 0x78, 0x00, 0x00, 0x01, 0xfc, 0x36, 0x00, 0x1f, 0x80, 0x70, 0x00, 0x00, 0x30, 0xfc, 0x02,
0x00, 0x0f, 0xc0, 0xe0, 0x00, 0x00, 0x70, 0x7e, 0x00, 0x00, 0x07, 0xc1, 0xe0, 0x00, 0x00, 0xf0,
0x3f, 0x00, 0x00, 0x06, 0x01, 0xc0, 0x00, 0x00, 0x10, 0x3f, 0x00, 0x00, 0x04, 0x01, 0xc0, 0x00,
0x00, 0x10, 0x3f, 0x00, 0x00, 0x00, 0x03, 0x80, 0x00, 0x00, 0x18, 0x1f, 0x81, 0x00, 0x00, 0x03,
0x80, 0x00, 0x00, 0x18, 0x1f, 0x80, 0xe0, 0x00, 0x03, 0x00, 0x00, 0x00, 0x18, 0x1c, 0x81, 0x10,
0x00, 0x07, 0x00, 0x00, 0x00, 0x18, 0x18, 0x81, 0xd0, 0x00, 0x06, 0x00, 0x10, 0x00, 0x08, 0x10,
0xc1, 0xd0, 0x10, 0x06, 0x00, 0x10, 0x00, 0x0c, 0x00, 0xc0, 0x00, 0x26, 0x0c, 0x00, 0x30, 0x00,
0x0c, 0x00, 0x40, 0x00, 0x01, 0x0c, 0x00, 0x38, 0x00, 0x00, 0x00, 0x40, 0x00, 0x02, 0x0c, 0x00,
0x78, 0x00, 0x00, 0x00, 0x60, 0x00, 0x21, 0x18, 0x00, 0x7c, 0x00, 0x00, 0x00, 0x60, 0x00, 0x10,
0x18, 0x00, 0xf0, 0x01, 0x00, 0x00, 0x20, 0x00, 0x00, 0x10, 0x00, 0x80, 0x00, 0x00, 0x00, 0x30,
0x00, 0x00, 0x30, 0x00, 0x7e, 0x11, 0x80, 0x00, 0x30, 0xc0, 0x00, 0x20, 0x01, 0xff, 0x10, 0xe0,
0x00, 0x10, 0xe0, 0x00, 0x40, 0x03, 0xff, 0x88, 0xe0, 0x00, 0x10, 0xc0, 0x00, 0x40, 0x03, 0x07,
0xcc, 0x40, 0x00, 0x08, 0x00, 0x00, 0x80, 0x06, 0x13, 0xc6, 0x10, 0x00, 0x08, 0x00, 0x00, 0x80,
0x04, 0xc1, 0xe7, 0x04, 0x00, 0x08, 0x00, 0x01, 0x00, 0x00, 0x93, 0xf3, 0x92, 0x00, 0x04, 0x00,
0x02, 0x00, 0x05, 0xbb, 0xfb, 0xbb, 0x40, 0x04, 0x00, 0x04, 0x00, 0x05, 0x9b, 0xff, 0xb2, 0xc0,
0x00, 0x00, 0x04, 0x00, 0x07, 0x83, 0xff, 0x83, 0xc0, 0x02, 0x00, 0x00, 0x00, 0x07, 0x47, 0xff,
0xcd, 0x80, 0x00, 0x00, 0x00, 0x00, 0x03, 0xff, 0xff, 0xf3, 0x80, 0x01, 0x00, 0x00, 0x00, 0x0b,
0x0b, 0x7f, 0xa8, 0xa0, 0x00, 0x00, 0x00, 0x00, 0x0b, 0xff, 0xf9, 0xff, 0xa0, 0x00, 0x80, 0x64,
0x00, 0x09, 0xf1, 0x11, 0x3f, 0x40, 0x00, 0x00, 0x14, 0x00, 0x01, 0xf6, 0x4c, 0xff, 0x00, 0x00,
0x00, 0x00, 0x00, 0x01, 0xf3, 0x39, 0x9f, 0x00, 0x00, 0x00, 0x00, 0x00, 0x00, 0x93, 0x77, 0x92,
0x00, 0x01, 0x00, 0x08, 0x00, 0x00, 0xa4, 0xef, 0x4a, 0x00, 0x01, 0x00, 0x08, 0x00, 0x00, 0x21,
0xde, 0xc8, 0x00, 0x00, 0x00, 0x08, 0x00, 0x00, 0x33, 0xbf, 0x98, 0x00, 0x00, 0x00, 0x08, 0x00,
0x00, 0x67, 0x7b, 0x8c, 0x00, 0x00, 0x00, 0x00, 0x20, 0x00, 0x6f, 0x77, 0x4c, 0x00, 0x00, 0x00,
0x04, 0x20, 0x00, 0xff, 0xee, 0xce, 0x00, 0x04, 0x40, 0x04, 0x20, 0x00, 0xdf, 0xfc, 0xd6, 0x00,
0x04, 0x80, 0x00, 0x00, 0x00, 0xbf, 0xdd, 0xba, 0x00, 0x00, 0x00, 0x01, 0x10, 0x01, 0xbf, 0xfb,
0x3e, 0x00, 0x00, 0x00, 0x01, 0x10, 0x01, 0xff, 0xf7, 0x7f, 0x00, 0x00, 0x00, 0x00, 0x08, 0x01,
0xff, 0xfe, 0xff, 0x00, 0x00, 0x00, 0x00, 0x08, 0x01, 0xff, 0xfc, 0xff, 0x00, 0x20, 0x00, 0x00,
0x04, 0x01, 0xff, 0xfd, 0xff, 0x00, 0xc0, 0x00, 0x00, 0x04, 0x01, 0xff, 0xfb, 0xff, 0x10, 0x00,
0x00, 0x00, 0x02, 0x05, 0xff, 0xfb, 0xff, 0x1e, 0x00, 0x00, 0x00, 0x00, 0x01, 0xff, 0xf7, 0xff,
0x03, 0x80, 0x00, 0x00, 0x01, 0x01, 0xff, 0xf7, 0xff, 0x60, 0x60, 0x00, 0x00, 0x03, 0x81, 0xff,
0xef, 0xff, 0x70, 0x10, 0x00, 0x00, 0x03, 0x01, 0xff, 0xc7, 0xff, 0x60, 0x00, 0x00, 0x00, 0x03,
0x01, 0xff, 0xd7, 0xff, 0x00, 0x10, 0x00, 0x00, 0x18, 0x03, 0xff, 0x83, 0xff, 0x80, 0x0c, 0x00};
const unsigned char epd_bitmap_thinking_v2[] PROGMEM = {0x00, 0x00, 0x38, 0x00, 0x00, 0xff, 0x00, 0x02, 0x00, 0x00, 0x00, 0x70, 0x00, 0x00, 0x3f, 0x80,
0x06, 0x00, 0x00, 0x00, 0xc0, 0x00, 0x10, 0x3f, 0x80, 0x1c, 0x00, 0x00, 0x01, 0x80, 0x00, 0x18,
0x1e, 0xc0, 0x10, 0x00, 0x00, 0x03, 0x00, 0x00, 0x3c, 0x0e, 0x60, 0x00, 0x00, 0x00, 0x06, 0x00,
0x00, 0x04, 0x0e, 0x20, 0x00, 0x00, 0x00, 0x0c, 0x00, 0x00, 0x06, 0x06, 0x10, 0x30, 0x00, 0x00,
0x0c, 0x00, 0x00, 0x03, 0x04, 0x18, 0x00, 0x00, 0x00, 0x18, 0x00, 0x00, 0x01, 0x00, 0x08, 0x00,
0x00, 0x00, 0x18, 0x00, 0x00, 0x01, 0x80, 0x04, 0x00, 0x00, 0x00, 0x38, 0x00, 0x00, 0x00, 0x80,
0x06, 0x00, 0x00, 0x00, 0x30, 0x00, 0x00, 0x00, 0xc0, 0x02, 0x00, 0x00, 0x00, 0x30, 0x00, 0x00,
0x00, 0x00, 0x01, 0x00, 0x00, 0x00, 0x30, 0x00, 0x00, 0x00, 0x00, 0x01, 0x80, 0x00, 0x00, 0x70,
0x00, 0x00, 0x00, 0x00, 0x00, 0x80, 0x00, 0x00, 0x70, 0x00, 0x00, 0x00, 0x00, 0x00, 0x40, 0x00,
0x00, 0x70, 0x00, 0x00, 0x00, 0x00, 0x00, 0x20, 0x00, 0x00, 0x60, 0x00, 0x80, 0x00, 0x00, 0x00,
0x10, 0x00, 0x00, 0x60, 0x00, 0xc0, 0x02, 0x00, 0x00, 0x08, 0x00, 0x00, 0x60, 0x00, 0xe0, 0x01,
0x80, 0x00, 0x04, 0x00, 0x00, 0x60, 0x00, 0xf0, 0x00, 0xe0, 0x00, 0x00, 0x00, 0x00, 0x60, 0x01,
0xf0, 0x00, 0xc0, 0x00, 0x00, 0x00, 0x00, 0x20, 0x01, 0xc0, 0x08, 0x40, 0x00, 0x00, 0x00, 0x00,
0x20, 0x01, 0x8f, 0x06, 0x1c, 0x10, 0x00, 0x00, 0x00, 0x20, 0x01, 0x3f, 0xc3, 0x98, 0x30, 0x00,
0x00, 0x00, 0x20, 0x01, 0x7f, 0xf1, 0xfd, 0xb0, 0x00, 0x00, 0x00, 0x20, 0x00, 0xf9, 0xf8, 0xfe,
0x30, 0x00, 0x00, 0x00, 0x20, 0x01, 0xe0, 0x7f, 0x7e, 0x70, 0x00, 0x00, 0x00, 0x20, 0x01, 0xc0,
0x3f, 0xff, 0xf8, 0x00, 0x00, 0x00, 0x20, 0x01, 0x88, 0x3f, 0xff, 0xf8, 0x00, 0x00, 0x00, 0x00,
0x01, 0x9c, 0x3f, 0xff, 0xf8, 0x00, 0x00, 0x00, 0x40, 0x01, 0x98, 0x3f, 0xff, 0xf8, 0x00, 0x00,
0x00, 0x40, 0x01, 0x1d, 0x3f, 0xff, 0xf8, 0x00, 0x00, 0x00, 0x40, 0x00, 0x1f, 0x7f, 0xef, 0xf8,
0x00, 0x00, 0x00, 0x40, 0x00, 0xce, 0xff, 0xff, 0xf8, 0x00, 0x00, 0x00, 0x00, 0x00, 0xff, 0xff,
0xff, 0xf8, 0x00, 0x00, 0x00, 0x80, 0x00, 0x7f, 0xff, 0xff, 0xf0, 0x00, 0x00, 0x00, 0x80, 0x01,
0x3f, 0xff, 0xff, 0xf0, 0x00, 0x00, 0x00, 0x00, 0x01, 0xbf, 0xff, 0xf3, 0xe0, 0x00, 0x00, 0x00,
0x00, 0x00, 0xdf, 0xff, 0xef, 0xe0, 0x00, 0x00, 0x00, 0x00, 0x00, 0x4f, 0xff, 0xff, 0xc0, 0x00,
0x00, 0x00, 0x00, 0x00, 0x07, 0xff, 0xff, 0xc0, 0x00, 0x00, 0x00, 0x00, 0x00, 0x03, 0xff, 0xff,
0x80, 0x00, 0x00, 0x00, 0x00, 0x00, 0x00, 0xff, 0xff, 0x80, 0x00, 0x00, 0x00, 0x00, 0x00, 0x00,
0x3f, 0xff, 0x00, 0x00, 0x00, 0x00, 0x00, 0x00, 0x00, 0x01, 0xfe, 0x00, 0x00, 0x00, 0x00, 0x80,
0x00, 0x00, 0x00, 0x00, 0x00, 0x00, 0x00, 0x00, 0x00, 0x00, 0x00, 0x08, 0x00, 0x40, 0x00, 0x00,
0x00, 0x00, 0x00, 0x00, 0x0f, 0x00, 0xc0, 0x00, 0x00, 0x00, 0x00, 0x00, 0x00, 0x0f, 0xe1, 0xc0,
0x00, 0x00, 0x00, 0x20, 0x00, 0x00, 0x0f, 0xff, 0xc8, 0x1e, 0x00, 0x00, 0x00, 0x00, 0x00, 0x0f,
0xff, 0xdc, 0x00, 0xe0, 0x00, 0x00, 0x00, 0x00, 0x0f, 0xff, 0xf8, 0xc0, 0x10, 0x00, 0x00, 0x00,
0x00, 0x01, 0xff, 0xf9, 0xf0, 0x00, 0x00, 0x00, 0x00, 0x00, 0x03, 0xff, 0xf3, 0xf0, 0x00, 0x00,
0x00, 0x00, 0x00, 0x0f, 0xff, 0xe7, 0xc0, 0x01, 0x00, 0x00, 0x04, 0x00, 0x3f, 0xff, 0xff, 0x80,
0x00, 0x00, 0x00, 0x02, 0x00, 0x7f, 0xfe, 0xff, 0x00, 0x00, 0x00, 0x00, 0x02, 0x00, 0x07, 0xb9,
0xfe, 0x00, 0x00, 0x00, 0x00, 0x02, 0x00, 0x7f, 0xc3, 0xf8, 0x00, 0x00, 0x00, 0x00, 0x0e, 0x00,
0x07, 0xff, 0xf0, 0x00, 0x00, 0x00, 0x00, 0x30, 0x00, 0x03, 0xff, 0xe0, 0x00, 0x00, 0x00, 0x00,
0x00, 0x00, 0x07, 0xff, 0xc0, 0x00, 0x00, 0x00, 0x01, 0x00, 0x00, 0x03, 0xff, 0xc0, 0x00, 0x00};
const unsigned char epd_bitmap_sleepy_v2[] PROGMEM = {0x00, 0x00, 0x01, 0xf0, 0x0f, 0xe0, 0x00, 0x00, 0x00, 0x00, 0x07, 0x00, 0x01, 0xf8, 0x00, 0x00,
0x00, 0x00, 0x1c, 0x00, 0x00, 0xfc, 0x00, 0x00, 0x00, 0x00, 0x38, 0x00, 0x00, 0x3e, 0x00, 0x00,
0x00, 0x00, 0x70, 0x00, 0x00, 0x1f, 0x80, 0x00, 0x00, 0x00, 0xe0, 0x00, 0x00, 0x0f, 0xc0, 0x00,
0x00, 0x01, 0xc0, 0x00, 0x00, 0x07, 0xc0, 0x00, 0x00, 0x03, 0x80, 0x00, 0x01, 0x83, 0xe0, 0x00,
0x00, 0x03, 0x80, 0x00, 0x07, 0x83, 0xf0, 0x00, 0x00, 0x07, 0x00, 0x00, 0x03, 0x81, 0xf0, 0x00,
0x00, 0x06, 0x00, 0x00, 0x00, 0x81, 0xf8, 0x00, 0x00, 0x0e, 0x00, 0x00, 0x00, 0x81, 0xf8, 0x00,
0x00, 0x0e, 0x00, 0x00, 0x00, 0xc0, 0xe8, 0x00, 0x00, 0x0c, 0x00, 0x00, 0x00, 0xc0, 0xcc, 0x00,
0x00, 0x0c, 0x00, 0x00, 0x00, 0x40, 0xc4, 0x00, 0x00, 0x18, 0x00, 0x00, 0x00, 0x40, 0x84, 0x38,
0x00, 0x18, 0x00, 0x80, 0x00, 0x40, 0x04, 0x00, 0x00, 0x10, 0x00, 0xc0, 0x00, 0x40, 0x06, 0x00,
0x00, 0x30, 0x01, 0xc0, 0x00, 0x00, 0x02, 0x00, 0x00, 0x20, 0x01, 0xe0, 0x00, 0x00, 0x22, 0x18,
0x00, 0x20, 0x03, 0xe0, 0x00, 0x00, 0x22, 0x0c, 0x00, 0x60, 0x03, 0xe0, 0x00, 0x00, 0x73, 0x00,
0x00, 0x40, 0x03, 0xf0, 0x0c, 0x00, 0x71, 0x00, 0x00, 0x40, 0x07, 0xf0, 0x04, 0x00, 0x11, 0x00,
0x00, 0x80, 0x07, 0xc8, 0x00, 0x00, 0x01, 0x80, 0x01, 0x80, 0x0f, 0x1c, 0x44, 0x00, 0x00, 0x80,
0x01, 0x00, 0x09, 0xfe, 0x63, 0xc0, 0x00, 0x80, 0x02, 0x00, 0x1f, 0xfe, 0x33, 0xe0, 0x00, 0x80,
0x02, 0x00, 0x18, 0xff, 0x3b, 0xc0, 0x00, 0x40, 0x04, 0x00, 0x18, 0x3f, 0x9e, 0x0c, 0x00, 0x40,
0x08, 0x00, 0x3f, 0x0f, 0xd8, 0x7e, 0x00, 0x00, 0x10, 0x00, 0x1f, 0x07, 0xf8, 0x3e, 0x00, 0x20,
0x00, 0x00, 0x18, 0x1f, 0xfe, 0x0c, 0x00, 0x00, 0x20, 0x00, 0x19, 0xff, 0xff, 0xc4, 0x00, 0x00,
0x20, 0x00, 0x1f, 0xff, 0xff, 0xfc, 0x00, 0x00, 0x40, 0x00, 0x4f, 0xff, 0xff, 0xfc, 0x00, 0x00,
0x00, 0x00, 0x2f, 0xff, 0xff, 0xf8, 0x00, 0x00, 0xb0, 0x00, 0x0f, 0xff, 0xff, 0xf8, 0x00, 0x00,
0x10, 0x00, 0x07, 0xfe, 0x1f, 0xf8, 0x00, 0x00, 0x00, 0x00, 0x07, 0xfc, 0x0f, 0xf8, 0x00, 0x00,
0x00, 0x00, 0x07, 0xf8, 0x07, 0xf0, 0x00, 0x00, 0x00, 0x00, 0x03, 0xf8, 0x07, 0xf0, 0x00, 0x00,
0x00, 0x00, 0x01, 0xf9, 0xf3, 0xe0, 0x00, 0x00, 0x00, 0x00, 0x01, 0xf8, 0xd3, 0xc0, 0x00, 0x00,
0x00, 0x00, 0x00, 0xfa, 0xa7, 0x80, 0x00, 0x00, 0x00, 0x80, 0x00, 0x36, 0x67, 0x00, 0x00, 0x00,
0x10, 0x80, 0x00, 0x0c, 0xd4, 0x00, 0x00, 0x04, 0x00, 0x00, 0x00, 0x19, 0xb0, 0x00, 0x00, 0x00,
0x00, 0x00, 0x00, 0x19, 0xa0, 0x00, 0x00, 0x00, 0x04, 0x40, 0x02, 0x33, 0x62, 0x00, 0x00, 0x00,
0x00, 0x00, 0x06, 0x37, 0x46, 0x00, 0x00, 0x00, 0x00, 0x20, 0x06, 0x6e, 0xc2, 0x00, 0x00, 0x00,
0x00, 0x00, 0x06, 0xed, 0x8b, 0x00, 0x04, 0x00, 0x00, 0x00, 0x05, 0xfd, 0x9b, 0x00, 0x00, 0x00,
0x00, 0x00, 0x0d, 0xfb, 0x30, 0x20, 0xc0, 0x00, 0x00, 0x00, 0x0b, 0xff, 0x37, 0xe0, 0x38, 0x00,
0x00, 0x04, 0x0f, 0xfe, 0x6f, 0xc6, 0x06, 0x00, 0x00, 0x04, 0x1f, 0xff, 0xcf, 0x9f, 0x00, 0x00,
0x00, 0x0c, 0x1f, 0xff, 0x9f, 0xff, 0x00, 0x00, 0x00, 0x0c, 0x1f, 0xff, 0xbf, 0xfc, 0x00, 0x00,
0x00, 0x00, 0x1f, 0xff, 0x0f, 0xf0, 0x00, 0x00, 0x01, 0x00, 0x1f, 0xfe, 0x1f, 0xe0, 0x00, 0x10,
0x00, 0x00, 0x1f, 0xfe, 0xff, 0x80, 0x00, 0x04, 0x00, 0x00, 0x1f, 0xfc, 0xff, 0x00, 0x00, 0x00};
const unsigned char epd_bitmap_laughing_v2[] PROGMEM = {0x00, 0x00, 0x00, 0x1f, 0xff, 0xe0, 0x00, 0x00, 0x00, 0x00, 0x00, 0x00, 0x7c, 0x01, 0xf8, 0x00,
0x00, 0x00, 0x00, 0x00, 0x01, 0xec, 0x00, 0x7e, 0x00, 0x00, 0x00, 0x00, 0x00, 0x03, 0x80, 0x00,
0x1f, 0x80, 0x00, 0x00, 0x00, 0x00, 0x0e, 0x00, 0x00, 0x0f, 0xc0, 0x00, 0x00, 0x00, 0x00, 0x1c,
0x00, 0x00, 0x03, 0xf0, 0x00, 0x00, 0x00, 0x00, 0x38, 0x00, 0x00, 0x03, 0xf8, 0x00, 0x00, 0x00,
0x00, 0x70, 0x00, 0x00, 0x01, 0xf8, 0x00, 0x00, 0x00, 0x00, 0xf0, 0x00, 0x00, 0x00, 0xfc, 0x00,
0x00, 0x00, 0x00, 0xe0, 0x00, 0x00, 0x00, 0x7e, 0x00, 0x00, 0x00, 0x01, 0xc0, 0x00, 0x00, 0x30,
0x3f, 0x00, 0x00, 0x00, 0x01, 0xc0, 0x00, 0x00, 0xf0, 0x3f, 0x00, 0x00, 0x00, 0x03, 0x80, 0x00,
0x00, 0x30, 0x3f, 0x80, 0x00, 0x00, 0x03, 0x80, 0x00, 0x00, 0x10, 0x1f, 0x80, 0x00, 0x00, 0x03,
0x00, 0x00, 0x00, 0x18, 0x1f, 0x80, 0x00, 0x00, 0x07, 0x00, 0x00, 0x00, 0x18, 0x1c, 0xc0, 0x00,
0x00, 0x06, 0x00, 0x00, 0x00, 0x18, 0x1c, 0xc0, 0x00, 0x00, 0x06, 0x00, 0x00, 0x00, 0x08, 0x18,
0xc0, 0x00, 0x00, 0x0e, 0x00, 0x00, 0x00, 0x08, 0x10, 0x40, 0x00, 0x00, 0x0c, 0x00, 0x00, 0x00,
0x08, 0x00, 0x40, 0x00, 0x00, 0x0c, 0x00, 0x30, 0x00, 0x08, 0x00, 0x40, 0x00, 0x00, 0x08, 0x00,
0x30, 0x00, 0x08, 0x00, 0x20, 0x00, 0x00, 0x18, 0x00, 0x70, 0x00, 0x00, 0x00, 0x20, 0x00, 0x00,
0x18, 0x00, 0x78, 0x00, 0x00, 0x00, 0x20, 0x00, 0x00, 0x10, 0x00, 0x78, 0x00, 0x00, 0x00, 0x30,
0x00, 0x00, 0x30, 0x00, 0xfc, 0x01, 0x00, 0x00, 0x10, 0x00, 0x00, 0x20, 0x00, 0xfc, 0x01, 0x00,
0x00, 0x10, 0x00, 0x00, 0x40, 0x01, 0xf0, 0x00, 0x00, 0x00, 0x10, 0x00, 0x00, 0x40, 0x01, 0x82,
0x00, 0x00, 0x00, 0x18, 0x00, 0x00, 0x80, 0x00, 0x0f, 0x10, 0xf0, 0x00, 0x08, 0x00, 0x00, 0x80,
0x03, 0xff, 0x18, 0xf8, 0x00, 0x08, 0x00, 0x01, 0x00, 0x07, 0xff, 0x88, 0xfe, 0x00, 0x0c, 0x00,
0x00, 0x00, 0x07, 0xef, 0xcc, 0xff, 0x00, 0x04, 0x00, 0x02, 0x00, 0x0f, 0x1f, 0xc7, 0x40, 0xc0,
0x04, 0x00, 0x04, 0x00, 0x0c, 0x03, 0xe7, 0x00, 0x60, 0x02, 0x00, 0x08, 0x00, 0x08, 0x79, 0xf3,
0x7e, 0x40, 0x02, 0x00, 0x00, 0x00, 0x0f, 0xff, 0xfb, 0xff, 0xc0, 0x00, 0x00, 0x00, 0x00, 0x0f,
0xff, 0xff, 0xdf, 0xc0, 0x01, 0x00, 0x00, 0x00, 0x07, 0x5f, 0xff, 0xab, 0xc0, 0x00, 0x00, 0x00,
0x00, 0x07, 0xb7, 0xff, 0xf7, 0x80, 0x00, 0x00, 0x00, 0x00, 0x37, 0xff, 0xef, 0xff, 0xa0, 0x00,
0x00, 0x08, 0x00, 0x13, 0xff, 0xef, 0xff, 0xa0, 0x00, 0x00, 0x08, 0x00, 0x1b, 0xff, 0xef, 0xff,
0x00, 0x00, 0x00, 0x00, 0x00, 0x03, 0xff, 0xff, 0xff, 0x00, 0x00, 0x00, 0x10, 0x00, 0x01, 0xff,
0xff, 0xff, 0x00, 0x00, 0x00, 0x10, 0x00, 0x01, 0xfd, 0xe4, 0x7e, 0x00, 0x00, 0x00, 0x10, 0x00,
0x00, 0xff, 0x12, 0xfe, 0x00, 0x00, 0x00, 0x10, 0x00, 0x00, 0x7f, 0x66, 0xfc, 0x00, 0x00, 0x00,
0x10, 0x00, 0x00, 0x7e, 0xec, 0x78, 0x00, 0x00, 0x00, 0x10, 0x40, 0x00, 0x0d, 0xdd, 0x70, 0x00,
0x00, 0x00, 0x00, 0x40, 0x00, 0x2b, 0xbb, 0xe0, 0x00, 0x00, 0x00, 0x00, 0x00, 0x00, 0x23, 0x76,
0x80, 0x00, 0x00, 0x40, 0x00, 0x00, 0x00, 0x26, 0xee, 0x00, 0x00, 0x00, 0x40, 0x00, 0x20, 0x00,
0x6c, 0xdc, 0x00, 0x00, 0x00, 0x00, 0x02, 0x20, 0x00, 0x5d, 0xd8, 0x00, 0x00, 0x00, 0x00, 0x00,
0x00, 0x00, 0xbb, 0xb9, 0x40, 0x00, 0x00, 0x00, 0x00, 0x10, 0x00, 0xbf, 0x73, 0x40, 0x00, 0x00,
0x00, 0x00, 0x00, 0x01, 0x7f, 0xe6, 0xe0, 0x00, 0x00, 0x00, 0x00, 0x08, 0x01, 0x7f, 0xec, 0xe0,
0x10, 0x00, 0x00, 0x00, 0x04, 0x09, 0xff, 0xd9, 0xe0, 0x1e, 0x00, 0x00, 0x00, 0x00, 0x03, 0xff,
0xfb, 0xfc, 0x07, 0x80, 0x00, 0x00, 0x02, 0x03, 0xff, 0xf7, 0xf8, 0x00, 0xe0, 0x00, 0x00, 0x06,
0x03, 0xff, 0xf7, 0xf1, 0xe0, 0x10, 0x00, 0x00, 0x06, 0x03, 0xff, 0xef, 0xe7, 0xf0, 0x00, 0x00};
const unsigned char epd_bitmap_laughing_heavy[] PROGMEM = {0x00, 0x00, 0x00, 0x0f, 0xff, 0xc0, 0x00, 0x00, 0x00, 0x00, 0x00, 0x00, 0x3c, 0x03, 0xf0, 0x00,
0x00, 0x00, 0x00, 0x00, 0x00, 0xf8, 0x00, 0xfc, 0x00, 0x00, 0x00, 0x00, 0x00, 0x03, 0x80, 0x00,
0x3e, 0x00, 0x00, 0x00, 0x00, 0x00, 0x06, 0x00, 0x00, 0x1f, 0x80, 0x00, 0x00, 0x00, 0x00, 0x0c,
0x00, 0x00, 0x0f, 0xc0, 0x00, 0x00, 0x00, 0x00, 0x18, 0x00, 0x00, 0x07, 0xe0, 0x00, 0x00, 0x00,
0x00, 0x38, 0x00, 0x00, 0x43, 0xf0, 0x00, 0x00, 0x00, 0x00, 0x70, 0x00, 0x00, 0x41, 0xf0, 0x0c,
0x00, 0x00, 0x00, 0x60, 0x00, 0x01, 0xe1, 0xf8, 0x1c, 0x00, 0x00, 0x00, 0xe0, 0x00, 0x00, 0x60,
0xfc, 0x38, 0x00, 0x00, 0x00, 0xc0, 0x00, 0x00, 0x20, 0xfc, 0x20, 0x00, 0x00, 0x01, 0xc0, 0x00,
0x00, 0x20, 0xf4, 0x00, 0x00, 0x03, 0x81, 0x80, 0x00, 0x00, 0x20, 0x66, 0x00, 0x00, 0x03, 0xc1,
0x80, 0x00, 0x00, 0x20, 0x62, 0x00, 0x00, 0x00, 0xc1, 0x80, 0x00, 0x00, 0x10, 0x42, 0x00, 0x00,
0x00, 0x03, 0x00, 0x00, 0x00, 0x10, 0x03, 0x00, 0x00, 0x00, 0x03, 0x00, 0x30, 0x00, 0x10, 0x03,
0x02, 0x00, 0x00, 0x02, 0x00, 0x30, 0x00, 0x00, 0x01, 0x07, 0x00, 0x01, 0x06, 0x00, 0x38, 0x00,
0x00, 0x01, 0x02, 0x00, 0x03, 0x86, 0x00, 0x78, 0x04, 0x00, 0x00, 0x80, 0x00, 0x01, 0x04, 0x00,
0x7c, 0x06, 0x00, 0x00, 0x80, 0x00, 0x00, 0x04, 0x00, 0xfc, 0x03, 0x00, 0x00, 0x80, 0x00, 0x00,
0x08, 0x00, 0xfe, 0x21, 0xc0, 0x00, 0x00, 0x00, 0x00, 0x08, 0x00, 0xfc, 0x10, 0x60, 0x00, 0xc0,
0x00, 0x00, 0x10, 0x01, 0xf1, 0x11, 0x00, 0x03, 0xe0, 0x00, 0x00, 0x07, 0x01, 0xc7, 0x89, 0xfc,
0x00, 0x00, 0x00, 0x00, 0x27, 0x81, 0x3f, 0xce, 0xff, 0x00, 0x23, 0x80, 0x00, 0x00, 0x03, 0xff,
0xe7, 0xe3, 0x9f, 0x11, 0xc0, 0x01, 0xc0, 0x03, 0xef, 0xf7, 0x80, 0x7f, 0xc0, 0x00, 0x03, 0x81,
0xf8, 0x01, 0xff, 0x7f, 0xbf, 0xf0, 0x00, 0x00, 0x07, 0xfe, 0x3e, 0xff, 0xfb, 0x8e, 0x78, 0x00,
0x00, 0x1f, 0xf9, 0xff, 0xff, 0xfd, 0x07, 0x18, 0x00, 0x00, 0x3e, 0xe1, 0xff, 0xff, 0xff, 0x82,
0x01, 0x80, 0x03, 0x38, 0xc3, 0x7f, 0xef, 0xff, 0x80, 0x00, 0xc0, 0x00, 0x00, 0x83, 0xff, 0xff,
0xff, 0x00, 0x00, 0x40, 0x09, 0x00, 0x01, 0xff, 0xff, 0xff, 0x00, 0x40, 0x00, 0x01, 0x04, 0x05,
0xff, 0x1f, 0x9f, 0x80, 0x00, 0x00, 0x00, 0x44, 0x01, 0xf8, 0xff, 0x0f, 0x80, 0x00, 0x00, 0x00,
0xc0, 0x01, 0xf8, 0x00, 0x1f, 0x80, 0x00, 0x00, 0x01, 0x80, 0x01, 0x78, 0x00, 0x1f, 0x80, 0x00,
0x00, 0x08, 0x00, 0x01, 0x7c, 0x1e, 0x1e, 0x00, 0x00, 0x00, 0x00, 0x00, 0x00, 0x7c, 0x7f, 0xbe,
0x00, 0x03, 0x00, 0x00, 0x00, 0x00, 0x3e, 0x7f, 0x7c, 0x00, 0x02, 0x00, 0x01, 0x00, 0x00, 0x1f,
0x7f, 0x78, 0x00, 0x02, 0x00, 0x01, 0x08, 0x00, 0x0f, 0xbe, 0xf0, 0x00, 0x00, 0x00, 0x00, 0x00,
0x00, 0x07, 0xff, 0xe0, 0x00, 0x00, 0x00, 0x00, 0x00, 0x00, 0x01, 0xfb, 0x80, 0x00, 0x00, 0x00,
0x00, 0x44, 0x00, 0x00, 0x7f, 0x00, 0x00, 0x00, 0x00, 0x00, 0x00, 0x00, 0x00, 0x1e, 0x00, 0x00,
0x80, 0x00, 0x00, 0x02, 0x00, 0x01, 0x00, 0x60, 0x00, 0x00, 0x00, 0x00, 0x00, 0x00, 0x01, 0xc0,
0xe0, 0x00, 0x00, 0x00, 0x00, 0x01, 0x03, 0x01, 0xe1, 0xe0, 0x1f, 0x00, 0x00, 0x00, 0x00, 0x80,
0x01, 0xff, 0xe0, 0x00, 0x80, 0x00, 0x00, 0x03, 0x80, 0x01, 0xff, 0xf0, 0x01, 0xf0, 0x00, 0x00,
0x04, 0x00, 0x1f, 0xff, 0xfe, 0x00, 0x08, 0x00, 0x00, 0x08, 0x00, 0x1f, 0xff, 0xfe, 0x00, 0x04,
0x00, 0x00, 0x10, 0x00, 0x0f, 0xff, 0xfc, 0x00, 0x02, 0x00, 0x00, 0x10, 0x00, 0x03, 0xff, 0xf0,
0x00, 0x02, 0x00, 0x00, 0x20, 0x00, 0x06, 0xff, 0xf8, 0x00, 0x02, 0x00, 0x00, 0x20, 0x00, 0x03,
0xff, 0xf0, 0x00, 0x00, 0x00, 0x00, 0x20, 0x00, 0x03, 0xf1, 0xf0, 0x00, 0x00, 0x00, 0x00, 0x20,
0x00, 0x01, 0xff, 0xe0, 0x00, 0x00, 0x00, 0x00, 0x20, 0x00, 0x00, 0xff, 0xc0, 0x00, 0x00, 0x00};
const unsigned char epd_bitmap_confused_v2[] PROGMEM = {0x00, 0x00, 0x1c, 0x00, 0x00, 0x00, 0x1f, 0xc0, 0x10, 0x00, 0x00, 0x38, 0x00, 0x00, 0x00, 0x07,
0xe0, 0x00, 0x00, 0x00, 0x70, 0x00, 0x00, 0x02, 0x07, 0xe0, 0x00, 0x00, 0x00, 0x70, 0x00, 0x00,
0x03, 0x03, 0xf0, 0x00, 0x00, 0x00, 0xe0, 0x00, 0x00, 0x0f, 0x01, 0xf8, 0x00, 0x00, 0x00, 0xe0,
0x00, 0x00, 0x01, 0x01, 0xf8, 0x00, 0x00, 0x01, 0xc0, 0x00, 0x00, 0x01, 0x00, 0xf8, 0x00, 0x00,
0x01, 0x80, 0x00, 0x00, 0x01, 0x80, 0xfc, 0x00, 0x00, 0x03, 0x80, 0x00, 0x00, 0x01, 0x80, 0xf4,
0x00, 0x00, 0x03, 0x80, 0x00, 0x00, 0x01, 0x80, 0xe4, 0x00, 0x00, 0x03, 0x00, 0x00, 0x00, 0x00,
0x80, 0xc6, 0x00, 0x00, 0x07, 0x00, 0x00, 0x00, 0x00, 0x80, 0xc2, 0x00, 0x00, 0x06, 0x00, 0x04,
0x00, 0x00, 0x80, 0x82, 0x00, 0x00, 0x06, 0x00, 0x04, 0x00, 0x00, 0x80, 0x02, 0x00, 0x00, 0x04,
0x00, 0x0c, 0x00, 0x00, 0x80, 0x03, 0x00, 0x00, 0x0c, 0x00, 0x0e, 0x00, 0x00, 0x00, 0x01, 0x00,
0x00, 0x08, 0x00, 0x1e, 0x00, 0x00, 0x00, 0x01, 0x00, 0x00, 0x08, 0x00, 0x1f, 0x00, 0x00, 0x00,
0x01, 0x00, 0x00, 0x10, 0x00, 0x3f, 0x00, 0x00, 0x00, 0x00, 0x80, 0x00, 0x10, 0x00, 0x3f, 0x80,
0x00, 0x00, 0x00, 0x80, 0x00, 0x20, 0x00, 0x7f, 0x80, 0x10, 0x00, 0x00, 0x80, 0x00, 0x20, 0x00,
0x7f, 0x00, 0x00, 0x00, 0x00, 0x80, 0x00, 0x40, 0x00, 0xfc, 0x00, 0x00, 0x00, 0x00, 0x40, 0x00,
0x40, 0x00, 0xe0, 0xe1, 0x08, 0x00, 0x00, 0x40, 0x00, 0x00, 0x00, 0x07, 0xf0, 0x8e, 0x00, 0x00,
0x00, 0x00, 0x80, 0x01, 0x40, 0xf8, 0xc0, 0x00, 0x00, 0x20, 0x01, 0x00, 0x00, 0x00, 0xf8, 0xe0,
0x00, 0x00, 0x20, 0x00, 0x00, 0x00, 0x18, 0x7c, 0x73, 0x00, 0x00, 0x20, 0x00, 0x00, 0x00, 0x7c,
0x7e, 0x67, 0x00, 0x00, 0x10, 0x04, 0x00, 0x02, 0x7e, 0x7f, 0x3f, 0x82, 0x00, 0x00, 0x00, 0x00,
0x03, 0x3f, 0xff, 0xbf, 0xe6, 0x00, 0x08, 0x00, 0x00, 0x03, 0x83, 0xff, 0xff, 0x04, 0x00, 0x00,
0x00, 0x00, 0x03, 0xff, 0xff, 0xff, 0xfc, 0x00, 0x04, 0x00, 0x00, 0x01, 0xff, 0xff, 0xff, 0xfc,
0x00, 0x00, 0x00, 0x00, 0x01, 0xff, 0xff, 0xff, 0xf8, 0x00, 0x00, 0x00, 0x00, 0x01, 0xff, 0xff,
0xff, 0xf8, 0x00, 0x00, 0x00, 0x00, 0x01, 0xff, 0xff, 0x7f, 0xf8, 0x00, 0x00, 0x08, 0x00, 0x00,
0xff, 0xfe, 0x7f, 0xf8, 0x00, 0x00, 0x00, 0x00, 0x00, 0xff, 0xff, 0xff, 0xf0, 0x00, 0x00, 0x00,
0x00, 0x00, 0x7f, 0xff, 0xff, 0xf0, 0x00, 0x00, 0x00, 0x00, 0x00, 0x7f, 0xff, 0xff, 0xe0, 0x00,
0x00, 0x10, 0x00, 0x00, 0x3f, 0xff, 0xff, 0xe0, 0x00, 0x00, 0x10, 0x00, 0x00, 0x3f, 0xf8, 0x3f,
0xc0, 0x00, 0x00, 0x10, 0x00, 0x00, 0x1f, 0xf7, 0xff, 0x80, 0x00, 0x00, 0x10, 0x00, 0x00, 0x0f,
0xfc, 0xff, 0x00, 0x00, 0x00, 0x10, 0x00, 0x00, 0x07, 0xff, 0xfe, 0x00, 0x00, 0x00, 0x00, 0x00,
0x00, 0x01, 0xff, 0xfc, 0x00, 0x00, 0x00, 0x00, 0x00, 0x00, 0x00, 0xff, 0xf0, 0x00, 0x00, 0x00,
0x00, 0x00, 0x00, 0x00, 0x3f, 0xe0, 0x00, 0x00, 0x00, 0x00, 0x00, 0x00, 0x00, 0x1f, 0x80, 0x00,
0x00, 0x00, 0x00, 0x00, 0x00, 0x03, 0x07, 0x00, 0x00, 0x00, 0x00, 0x00, 0x00, 0x00, 0x03, 0x80,
0x08, 0x00, 0x00, 0x00, 0x00, 0x00, 0x00, 0x03, 0xc0, 0x3c, 0x00, 0x00, 0x00, 0x00, 0x00, 0x00,
0x03, 0xf0, 0x7c, 0x00, 0x00, 0x00, 0x00, 0x00, 0x00, 0x07, 0xfd, 0xfc, 0x00, 0x00, 0x00, 0x00,
0x00, 0x00, 0x07, 0xff, 0xfc, 0x00, 0x00, 0x00, 0x00, 0x00, 0x00, 0x07, 0xff, 0xf0, 0x00, 0x80,
0x00, 0x00, 0x02, 0x00, 0x00, 0x0f, 0xe0, 0x40, 0x70, 0x00, 0x00, 0x00, 0x00, 0x00, 0x0f, 0xff,
0xc0, 0x08, 0x00, 0x00, 0x01, 0x00, 0x7f, 0xff, 0xff, 0x86, 0x03, 0x00, 0x00, 0x01, 0x80, 0x1f,
0xff, 0xfe, 0x1f, 0x80, 0x80, 0x00, 0x03, 0x00, 0x03, 0xff, 0xfc, 0xff, 0x00, 0x00, 0x00, 0x01,
0x00, 0x1f, 0xcf, 0x9f, 0xfc, 0x00, 0x00, 0x00, 0x01, 0x00, 0x0f, 0xe0, 0x1f, 0xf0, 0x00, 0x60};
const unsigned char epd_bitmap_sassy_v2[] PROGMEM = {0x00, 0x00, 0x38, 0x00, 0x00, 0x00, 0x40, 0x7e, 0x00, 0x00, 0x00, 0x00, 0x38, 0x00, 0x00, 0x00,
0x40, 0x7e, 0x00, 0x00, 0x00, 0x00, 0x70, 0x00, 0x00, 0x00, 0x60, 0x3f, 0x00, 0x00, 0x00, 0x00,
0x70, 0x00, 0x00, 0x00, 0x60, 0x3f, 0x00, 0x00, 0x00, 0x00, 0x60, 0x00, 0x00, 0x00, 0x60, 0x39,
0x00, 0x00, 0x00, 0x00, 0xe0, 0x00, 0x00, 0x00, 0x20, 0x39, 0x80, 0x00, 0x00, 0x00, 0xc0, 0x00,
0x00, 0x00, 0x20, 0x31, 0x80, 0x00, 0x00, 0x00, 0xc0, 0x01, 0x00, 0x00, 0x20, 0x20, 0x80, 0x00,
0x00, 0x01, 0x80, 0x01, 0x00, 0x00, 0x20, 0x00, 0x80, 0x00, 0x00, 0x01, 0x80, 0x01, 0x00, 0x00,
0x20, 0x00, 0xc0, 0x00, 0x00, 0x01, 0x00, 0x03, 0x80, 0x00, 0x00, 0x00, 0x40, 0x00, 0x00, 0x03,
0x00, 0x03, 0x80, 0x00, 0x00, 0x00, 0x40, 0x00, 0x00, 0x03, 0x00, 0x07, 0xc0, 0x00, 0x00, 0x00,
0x40, 0x00, 0x00, 0x02, 0x00, 0x07, 0xc0, 0x00, 0x00, 0x00, 0x60, 0x00, 0x00, 0x06, 0x00, 0x0f,
0xe0, 0x08, 0x00, 0x00, 0x20, 0x00, 0x00, 0x04, 0x00, 0x0f, 0xe0, 0x04, 0x00, 0x00, 0x20, 0x00,
0x00, 0x04, 0x00, 0x1f, 0xf0, 0x06, 0x00, 0x00, 0x20, 0x00, 0x00, 0x08, 0x00, 0x1f, 0xf0, 0x02,
0x00, 0x00, 0x00, 0x00, 0x00, 0x00, 0x00, 0x00, 0x08, 0x40, 0x00, 0x00, 0x10, 0x00, 0x00, 0x10,
0x00, 0x1f, 0xfc, 0x23, 0xc0, 0x00, 0x10, 0x00, 0x00, 0x20, 0x00, 0x7f, 0xfe, 0x33, 0xe0, 0x00,
0x18, 0x00, 0x00, 0x20, 0x00, 0x7f, 0xbe, 0x38, 0xf0, 0x00, 0x08, 0x00, 0x00, 0x40, 0x00, 0xc0,
0x1f, 0x1c, 0x00, 0x00, 0x08, 0x00, 0x00, 0x00, 0x00, 0x00, 0x1f, 0x9c, 0x00, 0x00, 0x04, 0x00,
0x00, 0x00, 0x00, 0x14, 0x3f, 0xcc, 0x84, 0x00, 0x04, 0x00, 0x00, 0x00, 0x00, 0x98, 0x7f, 0xee,
0x0d, 0x80, 0x00, 0x00, 0x00, 0x00, 0x00, 0xec, 0xff, 0xff, 0x9b, 0x00, 0x02, 0x00, 0x00, 0x00,
0x00, 0x71, 0xff, 0xff, 0x87, 0x00, 0x00, 0x00, 0x00, 0x00, 0x00, 0x7f, 0xff, 0xff, 0xff, 0x00,
0x01, 0x00, 0x00, 0x00, 0x00, 0x7f, 0xff, 0xff, 0xff, 0x00, 0x00, 0x00, 0x00, 0x00, 0x00, 0x7f,
0xff, 0xff, 0xfe, 0x00, 0x00, 0x00, 0x00, 0x00, 0x00, 0x3f, 0xff, 0xff, 0xfe, 0x00, 0x00, 0x00,
0x13, 0x00, 0x00, 0x3f, 0xff, 0xbf, 0xfe, 0x00, 0x00, 0x00, 0x00, 0x00, 0x00, 0x1f, 0xff, 0xbf,
0xfc, 0x00, 0x00, 0x00, 0x00, 0x00, 0x00, 0x1f, 0xff, 0xff, 0xfc, 0x00, 0x00, 0x00, 0x02, 0x00,
0x00, 0x1f, 0xff, 0xff, 0xfc, 0x00, 0x00, 0x00, 0x00, 0x00, 0x00, 0x0f, 0xff, 0xff, 0xf8, 0x00,
0x00, 0x00, 0x00, 0x00, 0x00, 0x07, 0xfc, 0x5f, 0xf0, 0x00, 0x00, 0x00, 0x00, 0x00, 0x00, 0x07,
0xfb, 0xef, 0xe0, 0x00, 0x00, 0x00, 0x00, 0x00, 0x00, 0x01, 0xff, 0x7f, 0xc0, 0x00, 0x00, 0x00,
0x00, 0x00, 0x00, 0x00, 0xff, 0xff, 0x80, 0x00, 0x00, 0x00, 0x02, 0x08, 0x00, 0x00, 0x7f, 0xff,
0x00, 0x00, 0x00, 0x00, 0x02, 0x08, 0x00, 0x00, 0x3f, 0xfc, 0x00, 0x00, 0x00, 0x40, 0x00, 0x00,
0x00, 0x00, 0x0f, 0xf8, 0x00, 0x00, 0x00, 0x00, 0x00, 0x00, 0x00, 0x00, 0x03, 0xe0, 0x00, 0x00,
0x00, 0x00, 0x00, 0x04, 0x00, 0x00, 0xc0, 0x01, 0x00, 0x00, 0x00, 0x00, 0x00, 0x00, 0x00, 0x00,
0xe0, 0x03, 0x00, 0x00, 0x00, 0x00, 0x00, 0x02, 0x00, 0x00, 0xf8, 0x0f, 0x00, 0x00, 0x00, 0x00,
0x00, 0x00, 0x00, 0x00, 0xfe, 0x3f, 0x00, 0x00, 0x00, 0x00, 0x00, 0x00, 0x00, 0x00, 0xff, 0xff,
0x00, 0x00, 0x80, 0x00, 0x00, 0x00, 0x00, 0x01, 0xff, 0xff, 0x00, 0x00, 0x00, 0x00, 0x00, 0x00,
0x80, 0x00, 0xff, 0xf8, 0x00, 0x20, 0x00, 0x00, 0x00, 0x00, 0x00, 0x40, 0x03, 0xfe, 0x78, 0x1c,
0x00, 0x00, 0x00, 0x00, 0x40, 0x08, 0x07, 0xff, 0xf0, 0x03, 0x00, 0x00, 0x00, 0x00, 0x20, 0x0f,
0xff, 0xff, 0xe3, 0x80, 0xc0, 0x00, 0x00, 0x00, 0x60, 0x03, 0xff, 0xff, 0x8f, 0xe0, 0x20, 0x00,
0x00, 0x00, 0x40, 0x00, 0x7f, 0xff, 0xff, 0x80, 0x00, 0x00, 0x00, 0x00, 0x40, 0x07, 0xf7, 0xf7,
0xff, 0x00, 0x20, 0x00, 0x00, 0x01, 0x00, 0x03, 0xf8, 0x0f, 0xfc, 0x00, 0x1c, 0x00, 0x00, 0x10,
0x00, 0x01, 0xff, 0x3f, 0xf0, 0x00, 0x02, 0x00, 0x00, 0x00, 0x00, 0x00, 0x7f, 0xff, 0xe0, 0x00,
0x00, 0xc0, 0x00, 0x00, 0x00, 0x00, 0x7f, 0xff, 0x80, 0x00, 0x00, 0x00, 0x00, 0x00, 0x00, 0x00,
0x1f, 0xff, 0x00, 0x00, 0x00, 0x00, 0x00, 0x00, 0x00, 0x00, 0x1f, 0xfe, 0x00, 0x00, 0x00, 0x00};
const unsigned char epd_bitmap_shy_flustered[] PROGMEM = {0x00, 0x00, 0xe0, 0x00, 0x00, 0x00, 0x3f, 0x80, 0x00, 0x00, 0x01, 0xe0, 0x00, 0x00, 0x04, 0x1f,
0xc0, 0x00, 0x00, 0x01, 0xc0, 0x00, 0x00, 0x0c, 0x0f, 0xc0, 0x00, 0x00, 0x03, 0x80, 0x00, 0x00,
0x3c, 0x0f, 0xe0, 0x00, 0x00, 0x03, 0x80, 0x00, 0x00, 0x0c, 0x07, 0xe0, 0x00, 0x00, 0x07, 0x00,
0x00, 0x00, 0x04, 0x07, 0xf0, 0x00, 0x00, 0x07, 0x00, 0x00, 0x00, 0x06, 0x07, 0xf0, 0x00, 0x00,
0x06, 0x00, 0x00, 0x00, 0x06, 0x03, 0xf0, 0x00, 0x00, 0x0e, 0x00, 0x00, 0x00, 0x06, 0x03, 0xd8,
0x00, 0x00, 0x0c, 0x00, 0x00, 0x00, 0x02, 0x03, 0x98, 0x00, 0x00, 0x0c, 0x00, 0x00, 0x00, 0x02,
0x03, 0x08, 0x00, 0x00, 0x1c, 0x00, 0x00, 0x00, 0x02, 0x03, 0x08, 0x00, 0x00, 0x18, 0x00, 0x00,
0x00, 0x02, 0x02, 0x08, 0x00, 0x00, 0x18, 0x00, 0x20, 0x00, 0x03, 0x00, 0x0c, 0x00, 0x00, 0x30,
0x00, 0x30, 0x00, 0x00, 0x00, 0x04, 0x00, 0x00, 0x30, 0x00, 0x30, 0x00, 0x00, 0x00, 0x04, 0x00,
0x00, 0x20, 0x00, 0x78, 0x00, 0x00, 0x00, 0x04, 0x00, 0x00, 0x20, 0x00, 0x78, 0x00, 0x00, 0x00,
0x06, 0x00, 0x00, 0x40, 0x00, 0xfc, 0x00, 0x00, 0x00, 0x06, 0x00, 0x00, 0x40, 0x00, 0xfc, 0x00,
0x80, 0x00, 0x02, 0x00, 0x00, 0xc0, 0x01, 0xfc, 0x00, 0x00, 0x00, 0x02, 0x00, 0x00, 0x80, 0x01,
0xf8, 0x00, 0x00, 0x00, 0x03, 0x00, 0x01, 0x80, 0x03, 0xc1, 0x00, 0xc0, 0x00, 0x01, 0x00, 0x01,
0x00, 0x02, 0x0f, 0x08, 0x70, 0x00, 0x01, 0x00, 0x02, 0x00, 0x03, 0xff, 0x88, 0x7c, 0x00, 0x01,
0x00, 0x02, 0x00, 0x07, 0x87, 0x84, 0x70, 0x00, 0x01, 0x80, 0x04, 0x00, 0x0e, 0x07, 0xc6, 0x30,
0x00, 0x00, 0x80, 0x04, 0x00, 0x08, 0x01, 0xe3, 0x00, 0x00, 0x00, 0x80, 0x08, 0x00, 0x00, 0x19,
0xf3, 0x83, 0x80, 0x00, 0x40, 0x10, 0x00, 0x00, 0x3f, 0xf9, 0x87, 0xc0, 0x00, 0x40, 0x00, 0x00,
0x08, 0x1f, 0xf9, 0x83, 0xd0, 0x00, 0x20, 0x00, 0x00, 0x0c, 0x1f, 0xfe, 0xc3, 0xb0, 0x00, 0x20,
0x00, 0x00, 0x0e, 0x07, 0xff, 0xe0, 0x30, 0x00, 0x10, 0x00, 0x00, 0x07, 0xff, 0xff, 0xff, 0xe0,
0x00, 0x10, 0x00, 0x00, 0x07, 0xff, 0xff, 0xff, 0xe0, 0x00, 0x00, 0x00, 0x00, 0x27, 0xb7, 0xfb,
0xf5, 0x60, 0x00, 0x08, 0x00, 0x00, 0x13, 0x5f, 0xfb, 0xfa, 0xe0, 0x00, 0x00, 0x60, 0x00, 0x03,
0xff, 0xfb, 0xff, 0xc0, 0x00, 0x00, 0x20, 0x00, 0x03, 0xff, 0xff, 0xff, 0xc0, 0x00, 0x00, 0x00,
0x00, 0x01, 0xff, 0xff, 0xff, 0x80, 0x00, 0x00, 0x40, 0x00, 0x01, 0xff, 0xff, 0xff, 0x80, 0x00,
0x00, 0x40, 0x00, 0x00, 0xff, 0xff, 0x3f, 0x00, 0x00, 0x00, 0x40, 0x00, 0x00, 0x7f, 0x00, 0x7f,
0x00, 0x00, 0x00, 0x40, 0x00, 0x00, 0x3f, 0x9d, 0xfe, 0x00, 0x00, 0x00, 0x40, 0x00, 0x00, 0x1f,
0xe3, 0xfc, 0x00, 0x00, 0x00, 0x40, 0x00, 0x00, 0x0f, 0xff, 0xf0, 0x00, 0x00, 0x00, 0x40, 0x00,
0x00, 0x07, 0xff, 0xe0, 0x00, 0x00, 0x00, 0x00, 0x00, 0x00, 0x01, 0xff, 0xc0, 0x00, 0x00, 0x04,
0x00, 0x00, 0x00, 0x00, 0x7f, 0x0e, 0x00, 0x00, 0x44, 0x00, 0x00, 0x00, 0x08, 0x3e, 0x3f, 0x00,
0x00, 0x00, 0x00, 0x00, 0x00, 0x0e, 0x00, 0x73, 0xc0, 0x00, 0x00, 0x08, 0x40, 0x00, 0x0f, 0x00,
0x41, 0xe0, 0x00, 0x00, 0x00, 0x40, 0x00, 0x0f, 0x80, 0x40, 0xf8, 0x00, 0x00, 0x00, 0x00, 0x00,
0x0f, 0xe4, 0x07, 0xe8, 0x00, 0x00, 0x00, 0x20, 0x00, 0x07, 0xfc, 0x3f, 0xf8, 0x04, 0x00, 0x00,
0x00, 0x00, 0x10, 0xfb, 0x3c, 0xfc, 0x00, 0x00, 0x00, 0x10, 0x00, 0x3e, 0x67, 0x87, 0xfc, 0x00,
0x00, 0x00, 0x08, 0x00, 0xff, 0x07, 0x3f, 0xfd, 0xe0, 0x00, 0x00, 0x08, 0x01, 0xe1, 0x8f, 0x3d,
0xfc, 0x60, 0x00, 0x00, 0x04, 0x03, 0xc0, 0x07, 0x87, 0xfe, 0x0c, 0x00, 0x00, 0x06, 0x07, 0x80,
0x1f, 0xbf, 0xfe, 0x02, 0x00, 0x00, 0x0c, 0x0f, 0xff, 0x1f, 0xbf, 0xfe, 0x01, 0x00, 0x00, 0x0c,
0x1b, 0xfe, 0x5e, 0x33, 0xff, 0x00, 0x00, 0x00, 0x1c, 0x1f, 0xc0, 0x60, 0x93, 0xff, 0x01, 0x00};
const unsigned char epd_bitmap_shy_fidget[] PROGMEM = {0x00, 0x00, 0xf0, 0x00, 0x00, 0x04, 0x1f, 0x80, 0x00, 0x00, 0x00, 0xe0, 0x00, 0x00, 0x0c, 0x0f,
0xc0, 0x00, 0x00, 0x01, 0xe0, 0x00, 0x00, 0x3c, 0x0f, 0xe0, 0x00, 0x00, 0x01, 0xc0, 0x00, 0x00,
0x06, 0x07, 0xe0, 0x00, 0x00, 0x03, 0xc0, 0x00, 0x00, 0x06, 0x07, 0xf0, 0x00, 0x00, 0x03, 0x80,
0x00, 0x00, 0x06, 0x03, 0xf0, 0x00, 0x00, 0x03, 0x80, 0x00, 0x00, 0x02, 0x03, 0xf0, 0x00, 0x00,
0x07, 0x00, 0x00, 0x00, 0x02, 0x03, 0x98, 0x00, 0x00, 0x07, 0x00, 0x00, 0x00, 0x02, 0x03, 0x98,
0x00, 0x00, 0x06, 0x00, 0x00, 0x00, 0x02, 0x03, 0x08, 0x00, 0x00, 0x06, 0x00, 0x08, 0x00, 0x03,
0x02, 0x08, 0x00, 0x00, 0x0c, 0x00, 0x18, 0x00, 0x03, 0x00, 0x0c, 0x00, 0x00, 0x0c, 0x00, 0x18,
0x00, 0x03, 0x00, 0x0c, 0x00, 0x00, 0x08, 0x00, 0x38, 0x00, 0x00, 0x00, 0x04, 0x00, 0x00, 0x18,
0x00, 0x3c, 0x00, 0x00, 0x00, 0x04, 0x00, 0x00, 0x18, 0x00, 0x3c, 0x00, 0x00, 0x00, 0x04, 0x00,
0x00, 0x10, 0x00, 0x7e, 0x00, 0x00, 0x00, 0x06, 0x00, 0x00, 0x20, 0x00, 0x7e, 0x00, 0x40, 0x00,
0x02, 0x00, 0x00, 0x20, 0x00, 0xef, 0x00, 0x60, 0x00, 0x02, 0x00, 0x00, 0x40, 0x00, 0xff, 0x00,
0x30, 0x00, 0x03, 0x00, 0x00, 0x40, 0x01, 0xfc, 0x00, 0x00, 0x00, 0x01, 0x00, 0x00, 0x80, 0x01,
0xc0, 0xc4, 0x00, 0x00, 0x01, 0x00, 0x00, 0x80, 0x00, 0x0f, 0xc2, 0x3c, 0x00, 0x01, 0x00, 0x01,
0x00, 0x03, 0xff, 0xe3, 0x3f, 0x00, 0x00, 0x80, 0x01, 0x00, 0x07, 0xff, 0xf1, 0x9f, 0x80, 0x00,
0x80, 0x02, 0x00, 0x04, 0x03, 0xf9, 0xc0, 0x00, 0x00, 0x00, 0x04, 0x00, 0x00, 0x00, 0xfc, 0xc0,
0x00, 0x00, 0x40, 0x00, 0x00, 0x04, 0xf0, 0x7c, 0xdc, 0x08, 0x00, 0x40, 0x00, 0x00, 0x06, 0xc1,
0xfe, 0x78, 0x18, 0x00, 0x20, 0x10, 0x00, 0x07, 0x01, 0xff, 0xf0, 0x10, 0x00, 0x00, 0x20, 0x00,
0x03, 0x87, 0x80, 0x3e, 0xb0, 0x00, 0x10, 0x00, 0x00, 0x03, 0xc0, 0x00, 0x03, 0xf0, 0x00, 0x00,
0x00, 0x00, 0x0b, 0x00, 0x04, 0x00, 0x30, 0x00, 0x00, 0x00, 0x00, 0x08, 0x00, 0x5a, 0x00, 0x60,
0x00, 0x00, 0x08, 0x00, 0x08, 0x15, 0xfb, 0xf4, 0xe0, 0x00, 0x00, 0x78, 0x00, 0x01, 0xff, 0xfb,
0xff, 0xe0, 0x00, 0x00, 0x00, 0x00, 0x00, 0xff, 0xff, 0xff, 0xc0, 0x00, 0x00, 0x10, 0x00, 0x00,
0xff, 0xff, 0xff, 0xc0, 0x00, 0x00, 0x10, 0x00, 0x00, 0xff, 0xff, 0xff, 0x80, 0x00, 0x00, 0x00,
0x00, 0x00, 0x6f, 0xff, 0xfe, 0x80, 0x00, 0x00, 0x00, 0x00, 0x00, 0x3f, 0xce, 0x7f, 0x00, 0x00,
0x00, 0x00, 0x00, 0x00, 0x1f, 0xff, 0xfe, 0x00, 0x00, 0x00, 0x00, 0x00, 0x00, 0x0f, 0xfb, 0xfc,
0x00, 0x00, 0x00, 0x10, 0x00, 0x00, 0x07, 0xff, 0xf8, 0x00, 0x00, 0x00, 0x10, 0x40, 0x00, 0x01,
0xff, 0xe0, 0x00, 0x0f, 0x84, 0x00, 0x00, 0x00, 0x00, 0xff, 0xc0, 0x00, 0x3f, 0xc4, 0x08, 0x00,
0x00, 0x00, 0x3f, 0x00, 0x00, 0x71, 0xe0, 0x00, 0x20, 0x00, 0x06, 0x0c, 0x10, 0x00, 0x00, 0x70,
0x02, 0x20, 0x00, 0x07, 0x00, 0x30, 0x00, 0x00, 0x38, 0x00, 0x00, 0x00, 0x07, 0xc0, 0x70, 0x00,
0x00, 0x38, 0x00, 0x00, 0x00, 0x01, 0xe1, 0xf8, 0x20, 0x07, 0x1c, 0x00, 0x08, 0x00, 0x1c, 0x7f,
0xf8, 0x00, 0x07, 0xe6, 0x00, 0x08, 0x00, 0x3f, 0x3f, 0xf8, 0x00, 0x00, 0xfe, 0x00, 0x04, 0x00,
0x73, 0x8f, 0xfc, 0x00, 0x0f, 0x3e, 0x00, 0x04, 0x00, 0xe0, 0xdf, 0xff, 0x01, 0x8f, 0xfe, 0x00,
0x02, 0x03, 0xc0, 0x0f, 0xff, 0x00, 0x01, 0xfe, 0x00, 0x01, 0x07, 0x1f, 0x1f, 0xfe, 0x00, 0x1f,
0xfe, 0x00, 0x01, 0x87, 0xff, 0x0f, 0xfc, 0x06, 0x1f, 0xfe, 0x00, 0x06, 0x07, 0xf0, 0x2f, 0xff,
0x04, 0x1f, 0xfe, 0x00, 0x02, 0x0f, 0xff, 0x9f, 0x7f, 0x00, 0x19, 0xfe, 0x00, 0x08, 0x0f, 0xff,
0x80, 0xff, 0x80, 0x0d, 0xfe, 0x00, 0x40, 0x0f, 0xff, 0xb1, 0xff, 0x00, 0x01, 0xfc, 0x00, 0x00,
0x1f, 0xff, 0x1f, 0xfe, 0x00, 0x03, 0xfc, 0x00, 0x00, 0x1f, 0xff, 0xdf, 0xfc, 0x00, 0x03, 0xfc};
const unsigned char epd_bitmap_teasing[] PROGMEM = {0x00, 0x00, 0x01, 0xe8, 0x00, 0x7c, 0x00, 0x00, 0x00, 0x00, 0x00, 0x07, 0x00, 0x00, 0x3f, 0x00,
0x00, 0x00, 0x00, 0x00, 0x0e, 0x00, 0x00, 0x1f, 0x80, 0x00, 0x00, 0x00, 0x00, 0x3c, 0x00, 0x00,
0x0f, 0xc0, 0x00, 0x00, 0x00, 0x00, 0x78, 0x00, 0x00, 0x07, 0xe0, 0x00, 0x00, 0x00, 0x00, 0x70,
0x00, 0x00, 0x03, 0xf0, 0x04, 0x00, 0x00, 0x20, 0xe0, 0x00, 0x00, 0x61, 0xf8, 0x04, 0x00, 0x00,
0x01, 0xc0, 0x00, 0x01, 0xe0, 0xfc, 0x0e, 0x00, 0x02, 0x01, 0xc0, 0x00, 0x00, 0xe0, 0x7e, 0x04,
0x00, 0x02, 0x03, 0x80, 0x00, 0x00, 0x30, 0x7e, 0x00, 0x00, 0x03, 0x03, 0x80, 0x00, 0x00, 0x30,
0x7e, 0x00, 0x00, 0x0f, 0x87, 0x00, 0x00, 0x00, 0x30, 0x3f, 0x00, 0x20, 0x07, 0x07, 0x00, 0x00,
0x00, 0x30, 0x3b, 0x00, 0x00, 0x02, 0x06, 0x00, 0x00, 0x00, 0x30, 0x31, 0x00, 0x00, 0x02, 0x06,
0x00, 0x20, 0x00, 0x30, 0x31, 0x00, 0x00, 0x00, 0x0c, 0x00, 0x20, 0x00, 0x10, 0x21, 0x80, 0x00,
0x00, 0x0c, 0x00, 0x30, 0x00, 0x10, 0x01, 0x81, 0x00, 0x00, 0x08, 0x00, 0x70, 0x00, 0x10, 0x00,
0x81, 0x80, 0x00, 0x18, 0x00, 0x70, 0x00, 0x00, 0x00, 0x83, 0xc0, 0x00, 0x18, 0x00, 0xf8, 0x00,
0x00, 0x00, 0xc3, 0xc0, 0x18, 0x10, 0x00, 0xf8, 0x00, 0x00, 0x00, 0xc1, 0x80, 0x18, 0x30, 0x00,
0xfc, 0x02, 0x00, 0x00, 0x41, 0x00, 0x00, 0x20, 0x00, 0x0c, 0x03, 0x00, 0x00, 0x40, 0x00, 0x00,
0x20, 0x01, 0xe0, 0x03, 0x80, 0x00, 0x60, 0x00, 0x00, 0x40, 0x03, 0xf8, 0x01, 0xc0, 0x00, 0x20,
0x00, 0x00, 0xc0, 0x03, 0xff, 0x11, 0x00, 0x00, 0x20, 0x00, 0x00, 0x80, 0x07, 0xff, 0x98, 0x38,
0x00, 0x30, 0x00, 0x01, 0x00, 0x06, 0x1f, 0xcc, 0xfe, 0x00, 0x10, 0x00, 0x01, 0x00, 0x08, 0x07,
0xce, 0xff, 0x80, 0x10, 0x00, 0x02, 0x00, 0x01, 0x43, 0xe7, 0xff, 0xc0, 0x08, 0x00, 0x04, 0x00,
0x13, 0x03, 0xf7, 0xc1, 0xc0, 0x08, 0x00, 0x00, 0x00, 0x1b, 0x07, 0xff, 0x00, 0x40, 0x00, 0x00,
0x00, 0x00, 0x0d, 0x77, 0xfe, 0xff, 0xc0, 0x04, 0x00, 0x00, 0x00, 0x0e, 0x8f, 0xff, 0xff, 0x80,
0x00, 0x00, 0x00, 0x00, 0x0f, 0xff, 0xff, 0xff, 0x91, 0x02, 0x00, 0x00, 0x00, 0x0f, 0xff, 0xff,
0xff, 0x99, 0x00, 0x00, 0x04, 0x00, 0x27, 0xff, 0xff, 0xff, 0x99, 0x80, 0x00, 0x7c, 0x00, 0x17,
0xff, 0xff, 0xff, 0x8d, 0x80, 0x00, 0x00, 0x00, 0x17, 0xff, 0xff, 0xff, 0x0f, 0x80, 0x00, 0x08,
0x00, 0x03, 0xff, 0xff, 0xf0, 0x06, 0x80, 0x00, 0x08, 0x00, 0x03, 0xff, 0xff, 0x77, 0xc7, 0x80,
0x00, 0x00, 0x00, 0x03, 0xfb, 0xfe, 0xfb, 0xe7, 0x80, 0x00, 0x00, 0x00, 0x01, 0xfc, 0x20, 0xfc,
0x77, 0x80, 0x00, 0x00, 0x00, 0x01, 0xfe, 0x6e, 0xf8, 0x3f, 0x80, 0x00, 0x00, 0x00, 0x00, 0xff,
0x7f, 0xf7, 0xdb, 0x00, 0x00, 0x00, 0x00, 0x00, 0x7f, 0x7d, 0xef, 0xdf, 0x08, 0x00, 0x00, 0x00,
0x00, 0x3f, 0xfd, 0xe0, 0xff, 0x09, 0x00, 0x04, 0x20, 0x00, 0x0f, 0xbf, 0xc3, 0xff, 0x00, 0x00,
0x00, 0x00, 0x00, 0x07, 0xc7, 0x86, 0xff, 0x00, 0x00, 0x00, 0x00, 0x00, 0x01, 0xff, 0x0d, 0xfe,
0x00, 0x00, 0x00, 0x00, 0x00, 0x00, 0xfc, 0x1b, 0xfc, 0x00, 0x00, 0x00, 0x00, 0x00, 0x0c, 0x00,
0x17, 0xf8, 0x00, 0x00, 0x00, 0x08, 0x00, 0x0e, 0x00, 0x9f, 0xf0, 0x80, 0x00, 0x00, 0x00, 0x00,
0x0f, 0x83, 0xbf, 0xf0, 0x00, 0x00, 0x00, 0x04, 0x00, 0x0f, 0xef, 0x3f, 0xe0, 0x00, 0x00, 0x00,
0x02, 0x04, 0x3f, 0xff, 0x7f, 0xdc, 0x00, 0x00, 0x00, 0x00, 0x00, 0xff, 0xff, 0x7f, 0x87, 0x00,
0x00, 0x00, 0x03, 0x01, 0xff, 0xff, 0x7f, 0x00, 0x80, 0x00, 0x00, 0x03, 0x00, 0x7f, 0xff, 0x7f,
0x00, 0x00, 0x00, 0x00, 0x03, 0x00, 0x87, 0xff, 0x7f, 0x00, 0xc0, 0x00, 0x00, 0x0d, 0x00, 0xff,
0xff, 0x7f, 0x00, 0x30, 0x00, 0x00, 0x60, 0x00, 0x3f, 0x87, 0xbf, 0x00, 0x0c, 0x00, 0x01, 0x00,
0x00, 0x1f, 0xff, 0xbf, 0x00, 0x03, 0x00, 0x02, 0x00, 0x00, 0x0f, 0xff, 0xbf, 0x80, 0x00, 0x80};
// TODO: fill with your 88x64 teasing_v2 bitmap hex data (704 bytes)
const unsigned char epd_bitmap_teasing_v2[] PROGMEM = {0x00, 0x03, 0x80, 0x00, 0x00, 0x00, 0x00, 0x30, 0x18, 0x41, 0xe0, 0x00, 0x07, 0x80, 0x00, 0x00, 
0x00, 0x00, 0x30, 0x10, 0x60, 0x00, 0x00, 0x07, 0x80, 0x00, 0x40, 0x00, 0x00, 0x30, 0x00, 0x60, 
0x00, 0x00, 0x06, 0x00, 0x00, 0x60, 0x00, 0x00, 0x30, 0x00, 0x60, 0x30, 0x00, 0x06, 0x00, 0x00, 
0x60, 0x00, 0x00, 0x30, 0x00, 0x20, 0x70, 0x00, 0x04, 0x00, 0x00, 0xf0, 0x00, 0x00, 0x00, 0x00, 
0x20, 0x00, 0x00, 0x0c, 0x00, 0x00, 0xf0, 0x00, 0x00, 0x00, 0x00, 0x30, 0x00, 0x00, 0x0c, 0x00, 
0x00, 0xf8, 0x00, 0x00, 0x00, 0x00, 0x10, 0x00, 0x00, 0x0c, 0x00, 0x01, 0xf8, 0x00, 0x00, 0x00, 
0x00, 0x10, 0x00, 0x00, 0x08, 0x00, 0x01, 0xfc, 0x00, 0x00, 0x00, 0x00, 0x10, 0x00, 0x00, 0x08, 
0x00, 0x01, 0xfc, 0x00, 0x00, 0x00, 0x00, 0x18, 0x00, 0x00, 0x18, 0x00, 0x03, 0xfe, 0x00, 0x10, 
0x00, 0x00, 0x08, 0x00, 0x00, 0x18, 0x00, 0x07, 0xfe, 0x00, 0x00, 0x00, 0x00, 0x08, 0x00, 0x00, 
0x10, 0x00, 0x07, 0xfc, 0x00, 0x00, 0x00, 0x00, 0x08, 0x00, 0x00, 0x10, 0x00, 0x07, 0xe0, 0x82, 
0x00, 0x00, 0x00, 0x04, 0x00, 0x00, 0x30, 0x00, 0x00, 0x03, 0xc3, 0x0f, 0x00, 0x00, 0x04, 0x00, 
0x00, 0x20, 0x00, 0x07, 0xff, 0xe3, 0x8f, 0xc0, 0x00, 0x04, 0x00, 0x00, 0x20, 0x00, 0x1f, 0xff, 
0xe1, 0xc7, 0xe0, 0x00, 0x00, 0x00, 0x00, 0x20, 0x00, 0x1f, 0xff, 0xf1, 0xe6, 0x80, 0x00, 0x02, 
0x00, 0x00, 0x40, 0x00, 0x1f, 0xf7, 0xf8, 0xf3, 0x00, 0x00, 0x02, 0x00, 0x00, 0x40, 0x00, 0x20, 
0x1d, 0xfc, 0xf0, 0x00, 0x00, 0x00, 0x00, 0x00, 0x40, 0x00, 0x00, 0x03, 0xfe, 0x78, 0x06, 0x00, 
0x01, 0x00, 0x00, 0x00, 0x00, 0x00, 0x01, 0xff, 0xf1, 0x26, 0x00, 0x01, 0x00, 0x00, 0x80, 0x00, 
0x66, 0xc0, 0xff, 0xfd, 0xec, 0x00, 0x00, 0x00, 0x00, 0x80, 0x00, 0x67, 0x4b, 0xff, 0xfc, 0xc8, 
0x00, 0x00, 0x80, 0x01, 0x00, 0x00, 0x33, 0x33, 0xff, 0xff, 0x3e, 0x00, 0x00, 0x00, 0x01, 0x00, 
0x00, 0x3d, 0x07, 0xff, 0xff, 0xfe, 0x00, 0x00, 0x00, 0x00, 0x00, 0x00, 0x3f, 0xff, 0xff, 0xff, 
0xfe, 0x00, 0x00, 0x00, 0x00, 0x00, 0x00, 0x1f, 0xff, 0xff, 0xff, 0xfe, 0x00, 0x00, 0x00, 0x00, 
0x00, 0x00, 0x9f, 0xff, 0xff, 0xff, 0xfe, 0x00, 0x00, 0x00, 0x00, 0x00, 0x00, 0x9f, 0xff, 0xff, 
0xff, 0xfc, 0x00, 0x00, 0x00, 0x00, 0x00, 0x00, 0x8b, 0xff, 0xf3, 0xff, 0xfc, 0x00, 0x00, 0x00, 
0x00, 0x00, 0x00, 0x4f, 0xff, 0xfb, 0xff, 0xfc, 0x00, 0x00, 0x00, 0x00, 0x00, 0x00, 0x0f, 0xff, 
0xff, 0xff, 0xf8, 0x00, 0x00, 0x00, 0x00, 0x00, 0x00, 0x07, 0xff, 0xff, 0xff, 0xf0, 0x00, 0x00, 
0x00, 0x00, 0x00, 0x00, 0x07, 0xff, 0xff, 0xfe, 0xf0, 0x00, 0x00, 0x00, 0x08, 0x00, 0x00, 0x07, 
0xff, 0xff, 0xf8, 0xe0, 0x00, 0x00, 0x00, 0x08, 0x00, 0x00, 0x03, 0xff, 0xff, 0x9c, 0xc0, 0x00, 
0x00, 0x00, 0x08, 0x00, 0x00, 0x01, 0xfc, 0x01, 0xf9, 0x90, 0x00, 0x00, 0x00, 0x08, 0x10, 0x00, 
0x00, 0xfe, 0x7f, 0xe3, 0x20, 0x00, 0x00, 0x00, 0x08, 0x10, 0x00, 0x00, 0x7f, 0x3f, 0xf7, 0x01, 
0x80, 0x00, 0x00, 0x08, 0x00, 0x00, 0x00, 0x3f, 0x9f, 0x9f, 0x07, 0xc0, 0x00, 0x00, 0x08, 0x00, 
0x00, 0x00, 0x1f, 0xf0, 0x7f, 0x07, 0xc0, 0x00, 0x00, 0x00, 0x00, 0x00, 0x00, 0x0f, 0xff, 0xfe, 
0x71, 0xc0, 0x00, 0x00, 0x00, 0x00, 0x00, 0x00, 0x07, 0xff, 0xf8, 0x79, 0xe0, 0x00, 0x10, 0x00, 
0x08, 0x00, 0x00, 0x01, 0xff, 0xf3, 0x3d, 0xe0, 0x02, 0x00, 0x01, 0x08, 0x00, 0x00, 0x00, 0xff, 
0xf7, 0xbe, 0xe0, 0x00, 0x00, 0x00, 0x00, 0x00, 0x00, 0x00, 0x3f, 0xc7, 0xcf, 0x70, 0x00, 0x00, 
0x00, 0x80, 0x00, 0x00, 0x02, 0x0f, 0x99, 0xf7, 0xf0, 0x00, 0x00, 0x00, 0x84, 0x00, 0x00, 0x03, 
0x00, 0x1c, 0xff, 0xf0, 0x00, 0x00, 0x00, 0x00, 0x00, 0x00, 0x03, 0x80, 0x1f, 0x7f, 0xf0, 0x00, 
0x00, 0x00, 0x02, 0x00, 0x00, 0x03, 0xe0, 0x3f, 0xff, 0xf0, 0x00, 0x00, 0x00, 0x02, 0x00, 0x00, 
0x03, 0xf8, 0x2f, 0xff, 0xf0, 0x00, 0x00, 0x00, 0x01, 0x00, 0x00, 0x03, 0xff, 0xb7, 0xff, 0xf0, 
0x00, 0x00, 0x00, 0x00, 0x00, 0x00, 0x03, 0xff, 0x93, 0xff, 0xe0, 0x00, 0x00, 0x00, 0x00, 0x00, 
0x00, 0x03, 0xff, 0xc7, 0xff, 0xc0, 0x00, 0x00, 0x00, 0x06, 0x00, 0x00, 0x01, 0xff, 0xc7, 0xff, 
0xc0, 0x00, 0x00, 0x00, 0x1c, 0x00, 0x00, 0x03, 0xff, 0xcf, 0xff, 0x81, 0xf8, 0x00, 0x00, 0x60, 
0x00, 0x00, 0x1f, 0xff, 0xdf, 0xff, 0x80, 0x07, 0x00, 0x00, 0x40, 0x00, 0x00, 0xff, 0xff, 0x9f, 
0xff, 0x00, 0x01, 0x80, 0x00, 0xc0, 0x00, 0x00, 0x7f, 0xff, 0x9f, 0xff, 0x00, 0x00, 0x40, 0x01, 
0x80, 0x00, 0x00, 0x1f, 0xff, 0xbf, 0xfe, 0x00, 0x00, 0x20, 0x01, 0x00, 0x00, 0x00, 0x00, 0x7f, 
0x3f, 0xfc, 0x00, 0x00, 0x20, 0x01, 0x00, 0x00, 0x00, 0x0f, 0x9f, 0x3f, 0xf8, 0x00, 0x00, 0x10};
// TODO: fill with your 88x64 teasing_v3 bitmap hex data (704 bytes)
const unsigned char epd_bitmap_teasing_v3[] PROGMEM = {0x0f, 0xc0, 0xf0, 0x00, 0x00, 0x00, 0x01, 0x80, 0xff, 0x00, 0x00, 0x01, 0xc1, 0xe0, 0x00, 0x00, 
0x00, 0x01, 0x80, 0xfb, 0x00, 0x00, 0x00, 0x01, 0xe0, 0x00, 0x00, 0x00, 0x01, 0x80, 0x7b, 0x00, 
0x00, 0x00, 0x01, 0xc0, 0x00, 0x00, 0x00, 0x01, 0x80, 0x79, 0x80, 0x00, 0x00, 0x03, 0xc0, 0x00, 
0x00, 0x00, 0x00, 0x80, 0x71, 0x80, 0x00, 0x00, 0x03, 0xc0, 0x00, 0x00, 0x00, 0x00, 0xc0, 0x70, 
0xc0, 0xc0, 0x00, 0x03, 0x80, 0x00, 0x00, 0x00, 0x00, 0xc0, 0x60, 0xc0, 0xe0, 0x00, 0x03, 0x80, 
0x00, 0x00, 0x00, 0x00, 0xc0, 0x00, 0xc0, 0xfc, 0x00, 0x07, 0x80, 0x00, 0x00, 0x00, 0x00, 0xc0, 
0x00, 0x40, 0xfe, 0x00, 0x07, 0x00, 0x00, 0x00, 0x00, 0x00, 0x40, 0x00, 0x60, 0xfc, 0x06, 0x06, 
0x00, 0x00, 0x80, 0x00, 0x00, 0x40, 0x00, 0x20, 0xf0, 0x06, 0x06, 0x00, 0x00, 0x80, 0x00, 0x00, 
0x00, 0x00, 0x20, 0x40, 0x3e, 0x04, 0x00, 0x00, 0xc0, 0x00, 0x00, 0x00, 0x00, 0x30, 0x00, 0x1e, 
0x0c, 0x00, 0x01, 0xc0, 0x00, 0x00, 0x00, 0x00, 0x10, 0x00, 0x06, 0x0c, 0x00, 0x01, 0xc0, 0x00, 
0x00, 0x00, 0x00, 0x10, 0x00, 0x00, 0x0c, 0x00, 0x01, 0xe0, 0x00, 0x00, 0x00, 0x00, 0x18, 0x00, 
0x00, 0x08, 0x00, 0x03, 0xe0, 0x00, 0x00, 0x00, 0x00, 0x08, 0x00, 0x00, 0x08, 0x00, 0x03, 0xf0, 
0x00, 0x00, 0x00, 0x00, 0x08, 0x00, 0x00, 0x18, 0x00, 0x03, 0xf8, 0x00, 0x00, 0x00, 0x00, 0x0c, 
0x00, 0x00, 0x18, 0x00, 0x07, 0xf8, 0x00, 0x00, 0x00, 0x00, 0x04, 0x00, 0x00, 0x10, 0x00, 0x07, 
0xf8, 0x00, 0x00, 0x00, 0x00, 0x04, 0x00, 0x00, 0x10, 0x00, 0x07, 0xe0, 0x08, 0x10, 0x00, 0x00, 
0x02, 0x00, 0x00, 0x10, 0x00, 0x0f, 0x83, 0x04, 0x1f, 0x00, 0x00, 0x02, 0x00, 0x00, 0x20, 0x00, 
0x0e, 0x0f, 0x06, 0x1f, 0xc0, 0x00, 0x01, 0x00, 0x00, 0x20, 0x00, 0x00, 0x7f, 0x83, 0x0f, 0xe0, 
0x00, 0x01, 0x00, 0x00, 0x60, 0x00, 0x07, 0xff, 0xc3, 0x88, 0x00, 0x00, 0x00, 0x00, 0x00, 0x40, 
0x00, 0x1f, 0xff, 0xe1, 0xc0, 0x00, 0x00, 0x00, 0x80, 0x00, 0x40, 0x00, 0x1f, 0xc3, 0xf1, 0xe0, 
0x00, 0x00, 0x00, 0x00, 0x00, 0x80, 0x00, 0x3e, 0x01, 0xf8, 0xf1, 0x00, 0x00, 0x00, 0x00, 0x00, 
0x80, 0x00, 0x38, 0x01, 0xfe, 0x73, 0x06, 0x40, 0x00, 0x00, 0x00, 0x00, 0x00, 0x20, 0x00, 0xff, 
0x78, 0x36, 0xc0, 0x00, 0x00, 0x00, 0x00, 0x00, 0x40, 0xc3, 0xff, 0xf8, 0x2c, 0xc0, 0x00, 0x00, 
0x00, 0x00, 0x00, 0x00, 0x03, 0xff, 0xfc, 0x05, 0xc0, 0x00, 0x00, 0x00, 0x00, 0x00, 0x04, 0x03, 
0xff, 0xff, 0xff, 0x80, 0x00, 0x00, 0x00, 0x00, 0x00, 0x26, 0x03, 0xff, 0xfd, 0xff, 0x80, 0x00, 
0x00, 0x00, 0x00, 0x00, 0x3a, 0x1f, 0xff, 0xfb, 0x17, 0x80, 0x00, 0x00, 0x00, 0x00, 0x00, 0x3f, 
0xff, 0xef, 0xf6, 0x2b, 0x80, 0x00, 0x00, 0x00, 0x00, 0x00, 0x1f, 0xff, 0x57, 0xed, 0x57, 0x80, 
0x00, 0x00, 0x00, 0x00, 0x00, 0x1e, 0x3a, 0xbf, 0xfe, 0xff, 0x80, 0x00, 0x00, 0x00, 0x00, 0x00, 
0x9e, 0x55, 0xfe, 0xff, 0xff, 0x00, 0x00, 0x00, 0x00, 0x00, 0x00, 0x8c, 0xaf, 0xfe, 0xff, 0xff, 
0x00, 0x00, 0x00, 0x00, 0x00, 0x00, 0xcf, 0xff, 0xff, 0xff, 0xff, 0x00, 0x00, 0x00, 0x00, 0x00, 
0x00, 0x0f, 0xff, 0xff, 0xff, 0xff, 0x00, 0x00, 0x00, 0x00, 0x00, 0x00, 0x07, 0xff, 0xff, 0xff, 
0xfe, 0x00, 0x00, 0x00, 0x00, 0x00, 0x00, 0x07, 0xff, 0xfe, 0x7f, 0xfe, 0x00, 0x00, 0x00, 0x00, 
0x00, 0x00, 0x03, 0xff, 0xcd, 0x07, 0xfc, 0x00, 0x00, 0x00, 0x00, 0x00, 0x00, 0x03, 0xff, 0x21, 
0x09, 0xfc, 0x00, 0x00, 0x00, 0x00, 0x00, 0x00, 0x01, 0xff, 0x23, 0x0c, 0xf8, 0x00, 0x00, 0x00, 
0x00, 0x00, 0x00, 0x00, 0xff, 0x67, 0x46, 0xf0, 0x00, 0x00, 0x00, 0x00, 0x00, 0x00, 0x00, 0x7e, 
0x46, 0xe3, 0x60, 0x00, 0x00, 0x00, 0x00, 0x00, 0x00, 0x00, 0x3c, 0xce, 0xcb, 0x00, 0x00, 0x00, 
0x00, 0x00, 0x00, 0x00, 0x00, 0x1d, 0x9d, 0xcd, 0x80, 0x00, 0x00, 0x00, 0x00, 0x00, 0x00, 0x00, 
0x01, 0xb9, 0xc2, 0xc0, 0x00, 0x00, 0x00, 0x00, 0x08, 0x00, 0x00, 0x03, 0x3b, 0x82, 0x40, 0x00, 
0x00, 0x00, 0x00, 0x00, 0x00, 0x00, 0x03, 0x7b, 0x8b, 0x64, 0x00, 0x00, 0x00, 0x00, 0x00, 0x00, 
0x00, 0x07, 0x77, 0x1b, 0xb4, 0x00, 0x00, 0x00, 0x00, 0x04, 0x00, 0x00, 0x66, 0x77, 0x1b, 0xb0, 
0x00, 0x00, 0x00, 0x00, 0x04, 0x00, 0x00, 0x2e, 0xef, 0x31, 0xd8, 0x00, 0x00, 0x00, 0x00, 0x00, 
0x00, 0x00, 0x2e, 0xee, 0x31, 0xc8, 0x00, 0x00, 0x00, 0x00, 0x02, 0x00, 0x00, 0x2d, 0xce, 0x76, 
0xfc, 0x00, 0x00, 0x00, 0x00, 0x00, 0x00, 0x00, 0x1d, 0xdc, 0x66, 0xfc, 0x00, 0x00, 0x00, 0x00, 
0x01, 0x00, 0x00, 0x1f, 0xdc, 0xe7, 0x7c, 0x00, 0x00, 0x00, 0x00, 0x00, 0x00, 0x00, 0x1f, 0xfd, 
0xc7, 0xfe, 0x00, 0x00, 0x00, 0x00, 0x00, 0x80, 0x00, 0x1f, 0xf9, 0xd3, 0xfe, 0x00, 0x7f, 0x80};
// TODO: fill with your 88x64 teasing_v4 bitmap hex data (704 bytes)
const unsigned char epd_bitmap_teasing_v4[] PROGMEM = {0x00, 0x0e, 0x00, 0x00, 0x60, 0x00, 0x00, 0x0c, 0x00, 0x20, 0x00, 0x00, 0x0e, 0x00, 0x00, 0x60, 
0x00, 0x00, 0x0c, 0x00, 0x20, 0x00, 0x00, 0x1c, 0x00, 0x00, 0x70, 0x00, 0x00, 0x00, 0x00, 0x30, 
0x00, 0x00, 0x1c, 0x00, 0x00, 0x70, 0x00, 0x00, 0x00, 0x00, 0x30, 0x00, 0x00, 0x18, 0x00, 0x00, 
0xf0, 0x00, 0x00, 0x00, 0x00, 0x10, 0x00, 0x00, 0x18, 0x00, 0x00, 0xf8, 0x00, 0x00, 0x00, 0x00, 
0x10, 0x00, 0x00, 0x18, 0x00, 0x00, 0xf8, 0x00, 0x00, 0x00, 0x00, 0x10, 0x00, 0x00, 0x10, 0x00, 
0x01, 0xfc, 0x00, 0x20, 0x00, 0x00, 0x08, 0x00, 0x00, 0x30, 0x00, 0x01, 0xfe, 0x00, 0x10, 0x00, 
0x00, 0x08, 0x00, 0x00, 0x30, 0x00, 0x03, 0xfe, 0x00, 0x18, 0x00, 0x00, 0x08, 0x00, 0x00, 0x20, 
0x00, 0x03, 0xff, 0x00, 0x1c, 0x00, 0x00, 0x04, 0x00, 0x00, 0x20, 0x00, 0x03, 0xff, 0x00, 0x0f, 
0x00, 0x00, 0x04, 0x00, 0x00, 0x60, 0x00, 0x03, 0xff, 0x82, 0x0f, 0x00, 0x00, 0x04, 0x00, 0x00, 
0x40, 0x00, 0x00, 0x3f, 0xc3, 0x06, 0x00, 0x00, 0x02, 0x00, 0x00, 0x40, 0x00, 0x0f, 0x07, 0xe1, 
0x80, 0x60, 0x00, 0x02, 0x00, 0x00, 0x00, 0x00, 0x0f, 0xc0, 0xf1, 0xc0, 0x80, 0x00, 0x00, 0x00, 
0x00, 0x80, 0x00, 0x1f, 0xf0, 0x00, 0xe0, 0x00, 0x00, 0x01, 0x00, 0x01, 0x80, 0x00, 0x1f, 0xfe, 
0x08, 0xf8, 0x06, 0x00, 0x00, 0x00, 0x01, 0x00, 0x00, 0x1c, 0x00, 0xfc, 0x78, 0x06, 0x00, 0x00, 
0x00, 0x00, 0x00, 0x00, 0x30, 0x00, 0x7f, 0x38, 0x3e, 0x80, 0x00, 0x00, 0x00, 0x00, 0x00, 0x40, 
0x00, 0x7f, 0xb8, 0x2d, 0x80, 0x00, 0x00, 0x04, 0x00, 0x00, 0x62, 0x40, 0x3f, 0xfc, 0x8d, 0x80, 
0x00, 0x00, 0x00, 0x00, 0x00, 0x73, 0x45, 0xff, 0xff, 0x07, 0x80, 0x00, 0x00, 0x00, 0x00, 0x00, 
0x7d, 0x33, 0xff, 0xff, 0xff, 0x80, 0x00, 0x00, 0x00, 0x00, 0x00, 0x3d, 0x83, 0xff, 0xff, 0xff, 
0x80, 0x00, 0x00, 0x00, 0x00, 0x00, 0x3f, 0x87, 0xff, 0xff, 0xfd, 0x80, 0x00, 0x00, 0x00, 0x00, 
0x00, 0x3f, 0xff, 0xff, 0xff, 0xff, 0x00, 0x00, 0x00, 0x00, 0x00, 0x00, 0x1f, 0xff, 0xff, 0xff, 
0xff, 0x00, 0x00, 0x00, 0x00, 0x00, 0x00, 0x1f, 0xff, 0xff, 0xff, 0xff, 0x00, 0x00, 0x00, 0x00, 
0x00, 0x00, 0x1f, 0x7f, 0xff, 0xff, 0xff, 0x00, 0x00, 0x00, 0x00, 0x00, 0x00, 0x4f, 0xff, 0xff, 
0xdf, 0xff, 0x00, 0x00, 0x00, 0x00, 0x00, 0x00, 0x4f, 0xff, 0xff, 0xdf, 0xfe, 0x00, 0x00, 0x00, 
0x00, 0x00, 0x00, 0x0f, 0xff, 0xff, 0xff, 0xfe, 0x00, 0x00, 0x00, 0x00, 0x00, 0x00, 0x07, 0xff, 
0xff, 0xff, 0xfe, 0x00, 0x00, 0x38, 0x00, 0x00, 0x00, 0x03, 0xff, 0xff, 0xff, 0xfc, 0x00, 0x00, 
0xf8, 0x00, 0x00, 0x00, 0x03, 0xff, 0xff, 0xf9, 0xfc, 0x00, 0x01, 0xf0, 0x00, 0x00, 0x00, 0x01, 
0xff, 0x3f, 0x83, 0xf8, 0x00, 0x03, 0xe0, 0x00, 0x00, 0x00, 0x00, 0xff, 0x87, 0xf3, 0xf0, 0x00, 
0x07, 0xc0, 0x10, 0x00, 0x00, 0x00, 0x7f, 0xe3, 0xef, 0xe0, 0x00, 0x0f, 0x80, 0x10, 0x00, 0x00, 
0x00, 0x3f, 0xfe, 0xff, 0xe1, 0x80, 0x0f, 0x08, 0x00, 0x00, 0x00, 0x00, 0x1f, 0xff, 0xff, 0xc1, 
0xc0, 0x1f, 0x00, 0x00, 0x10, 0x00, 0x00, 0x07, 0xff, 0x1f, 0x81, 0xc0, 0x3e, 0x00, 0x00, 0x10, 
0x00, 0x00, 0x03, 0xff, 0xff, 0x01, 0xe0, 0x3c, 0x00, 0x00, 0x00, 0x00, 0x00, 0x30, 0xff, 0xfc, 
0x01, 0xe0, 0x78, 0x00, 0x00, 0x00, 0x00, 0x00, 0x38, 0x3f, 0xf8, 0x01, 0xe0, 0xf8, 0x00, 0x00, 
0x00, 0x00, 0x00, 0x3c, 0x07, 0xf0, 0x01, 0xe0, 0xf0, 0x00, 0x00, 0x00, 0x00, 0x00, 0x3e, 0x00, 
0xe0, 0x01, 0xe1, 0xe0, 0x00, 0x00, 0x00, 0x00, 0x00, 0x3f, 0x80, 0x00, 0x01, 0xe3, 0xc0, 0x00, 
0x00, 0x00, 0x00, 0x00, 0x3f, 0xc0, 0x00, 0x01, 0xe4, 0x10, 0x00, 0x00, 0x00, 0x00, 0x00, 0x3f, 
0xf0, 0x00, 0x01, 0xc0, 0xfc, 0x00, 0x00, 0x00, 0x00, 0x00, 0x3f, 0xf8, 0x00, 0x01, 0xe7, 0xfe, 
0x00, 0x00, 0x00, 0x00, 0x00, 0x0f, 0xff, 0x20, 0x01, 0xcf, 0xfc, 0x00, 0x00, 0x00, 0x00, 0x00, 
0x01, 0x7f, 0xe0, 0x01, 0x8f, 0xfe, 0x00, 0x00, 0x00, 0x00, 0x00, 0x03, 0xff, 0xe0, 0x01, 0x9f, 
0x9f, 0x00, 0x00, 0x38, 0x00, 0x00, 0xff, 0xbf, 0xec, 0x03, 0x9c, 0x7f, 0x00, 0x00, 0xc0, 0x00, 
0x00, 0x7f, 0xdf, 0xff, 0x03, 0xb3, 0xff, 0x00, 0x01, 0x00, 0x00, 0x00, 0x7f, 0xdf, 0xff, 0x03, 
0x37, 0xff, 0x00, 0x02, 0x00, 0x00, 0x00, 0x3f, 0xcf, 0xfc, 0x03, 0x27, 0xff, 0x00, 0x04, 0x00, 
0x00, 0x00, 0x0f, 0xef, 0xf9, 0x03, 0x87, 0xcf, 0x80, 0x04, 0x00, 0x00, 0x00, 0x00, 0x77, 0xf7, 
0x03, 0x8f, 0x3f, 0x80, 0x08, 0x00, 0x00, 0x00, 0x00, 0x07, 0xff, 0x01, 0xcc, 0xff, 0x80, 0x08, 
0x00, 0x00, 0x00, 0x01, 0xfb, 0xff, 0x01, 0xe8, 0xff, 0x00, 0x00, 0x00, 0x00, 0x00, 0x00, 0xff, 
0xff, 0x00, 0xe1, 0xff, 0x00, 0x10, 0x00, 0x00, 0x00, 0x00, 0xff, 0xfe, 0x00, 0xf3, 0xe2, 0x00};
// TODO: fill with your 98x64 teasing_v5 bitmap hex data (784 bytes)
const unsigned char epd_bitmap_teasing_v5[] PROGMEM = {0x00, 0x07, 0x40, 0x00, 0x0c, 0x00, 0x00, 0x00, 0x00, 0x00, 0x40, 0x00, 0x00, 0x00, 0x07, 0x40, 
0x00, 0x1c, 0x00, 0x00, 0x00, 0x00, 0x00, 0x40, 0x00, 0x00, 0x00, 0x07, 0x40, 0x00, 0x1c, 0x00, 
0x00, 0x00, 0x00, 0x00, 0x60, 0x00, 0x00, 0x00, 0x06, 0x00, 0x00, 0x1e, 0x00, 0x00, 0x00, 0x00, 
0x00, 0x20, 0x38, 0x00, 0x00, 0x06, 0x00, 0x00, 0x3f, 0x00, 0x00, 0x00, 0x00, 0x00, 0x20, 0x00, 
0x00, 0x00, 0x06, 0x00, 0x00, 0x3f, 0x00, 0x00, 0x00, 0x00, 0x00, 0x30, 0x00, 0x00, 0x00, 0x0e, 
0x00, 0x00, 0x3f, 0x80, 0x01, 0x00, 0x00, 0x00, 0x10, 0x00, 0x00, 0x00, 0x0c, 0x00, 0x00, 0x7f, 
0x80, 0x01, 0x80, 0x00, 0x00, 0x10, 0x20, 0x00, 0x00, 0x0c, 0x00, 0x00, 0x61, 0xc0, 0x00, 0x00, 
0x00, 0x00, 0x08, 0x00, 0x00, 0x00, 0x0c, 0x00, 0x00, 0x00, 0x00, 0x00, 0x00, 0x00, 0x00, 0x08, 
0x00, 0x00, 0x00, 0x08, 0x00, 0x00, 0x78, 0x00, 0x40, 0x78, 0x00, 0x00, 0x08, 0x00, 0x00, 0x00, 
0x18, 0x00, 0x00, 0xff, 0xc0, 0x20, 0xfc, 0x00, 0x00, 0x04, 0x00, 0x00, 0x00, 0x18, 0x00, 0x00, 
0xff, 0xf8, 0x30, 0x7c, 0x00, 0x00, 0x04, 0x00, 0x00, 0x00, 0x18, 0x00, 0x01, 0xff, 0xfc, 0x38, 
0x60, 0x00, 0x00, 0x00, 0x00, 0x00, 0x00, 0x10, 0x00, 0x01, 0xff, 0xfe, 0x1c, 0x00, 0x00, 0x00, 
0x02, 0x00, 0x00, 0x00, 0x30, 0x00, 0x03, 0xf0, 0x7e, 0x0e, 0x00, 0x00, 0x00, 0x00, 0x00, 0x00, 
0x00, 0x30, 0x00, 0x03, 0x00, 0x3f, 0x0f, 0x00, 0x30, 0x00, 0x00, 0x00, 0x00, 0x00, 0x20, 0x00, 
0x02, 0x00, 0x1f, 0xc7, 0x88, 0x18, 0x00, 0x00, 0x00, 0x00, 0x00, 0x20, 0x00, 0x00, 0x00, 0x1f, 
0xc7, 0x88, 0x18, 0x00, 0x00, 0x00, 0x00, 0x00, 0x40, 0x00, 0x00, 0x00, 0x0f, 0xf3, 0x80, 0x19, 
0x00, 0x00, 0x00, 0x00, 0x00, 0x40, 0x00, 0x00, 0x58, 0x0f, 0xfb, 0xc0, 0x59, 0x00, 0x00, 0x00, 
0x00, 0x00, 0x00, 0x00, 0x00, 0xc0, 0x3f, 0xff, 0xe5, 0xb3, 0x00, 0x00, 0x00, 0x00, 0x00, 0x80, 
0x00, 0x00, 0xc0, 0xbf, 0xff, 0xf7, 0x37, 0x00, 0x00, 0x00, 0x00, 0x00, 0x00, 0x00, 0x0c, 0xc9, 
0xff, 0xff, 0xf0, 0x0f, 0x00, 0x00, 0x00, 0x00, 0x00, 0x00, 0x00, 0x0e, 0x6f, 0x7f, 0xff, 0xfc, 
0x7f, 0x00, 0x00, 0x00, 0x00, 0x00, 0x00, 0x00, 0x06, 0x60, 0x7f, 0xff, 0xff, 0xfe, 0x00, 0x00, 
0x00, 0x00, 0x00, 0x00, 0x00, 0x07, 0x80, 0x7f, 0xff, 0xff, 0xfe, 0x00, 0x00, 0x00, 0x00, 0x00, 
0x00, 0x00, 0x07, 0xe3, 0xff, 0xff, 0xff, 0xfe, 0x00, 0x00, 0x00, 0x00, 0x00, 0x00, 0x00, 0x03, 
0xff, 0xff, 0xff, 0xff, 0xfe, 0x00, 0x00, 0x00, 0x00, 0x00, 0x00, 0x00, 0x03, 0xff, 0xff, 0xff, 
0xff, 0xfe, 0x00, 0x00, 0x00, 0x00, 0x00, 0x00, 0x00, 0x23, 0xff, 0xff, 0xff, 0xff, 0xfc, 0x00, 
0x00, 0x00, 0x00, 0x00, 0x00, 0x00, 0x31, 0xff, 0xff, 0xf7, 0xff, 0xfc, 0x00, 0x00, 0x00, 0x00, 
0x00, 0x00, 0x00, 0x31, 0xff, 0xff, 0xff, 0xff, 0xfc, 0x00, 0x00, 0x00, 0x00, 0x00, 0x00, 0x00, 
0x09, 0xff, 0xff, 0xff, 0xff, 0xfc, 0x00, 0x00, 0x00, 0x00, 0x00, 0x00, 0x00, 0x00, 0xff, 0xff, 
0xff, 0xff, 0xf8, 0x00, 0x00, 0x00, 0x00, 0x00, 0x00, 0x00, 0x00, 0xff, 0xff, 0xff, 0xef, 0xf8, 
0x00, 0x00, 0x00, 0x00, 0x00, 0x00, 0x00, 0x00, 0x7f, 0xff, 0xff, 0xef, 0xf0, 0x00, 0x00, 0x00, 
0x00, 0x00, 0x00, 0x00, 0x00, 0x3f, 0xf9, 0xe4, 0x0f, 0xf0, 0x18, 0x00, 0x00, 0x00, 0x00, 0x00, 
0x00, 0x1c, 0x0f, 0xf8, 0x8e, 0x1f, 0xe3, 0xfe, 0x00, 0x00, 0x00, 0x00, 0x00, 0x00, 0x3f, 0xc7, 
0xfe, 0x1f, 0x3f, 0xc7, 0xff, 0xe0, 0x00, 0x00, 0x00, 0x00, 0x03, 0xff, 0xf3, 0xff, 0xff, 0xff, 
0x8e, 0xff, 0xf0, 0x04, 0x00, 0x00, 0x00, 0x07, 0xff, 0xf9, 0xff, 0xff, 0xff, 0x9e, 0xfb, 0xf8, 
0x00, 0x00, 0x00, 0x00, 0x0f, 0xef, 0xbc, 0xff, 0xff, 0xfe, 0x3d, 0xf7, 0xff, 0x00, 0x00, 0x08, 
0x00, 0x3f, 0xef, 0xde, 0x7f, 0xff, 0xfe, 0x79, 0xf7, 0xff, 0x00, 0x00, 0x08, 0x00, 0x7f, 0xf7, 
0xcf, 0x3f, 0xff, 0xf8, 0x7b, 0xe7, 0xdf, 0x80, 0x00, 0x00, 0x00, 0xfd, 0xf3, 0xef, 0x1f, 0xff, 
0xf0, 0x33, 0xef, 0xbf, 0x80, 0x00, 0x01, 0x00, 0xfc, 0xfb, 0xee, 0x07, 0xff, 0xe0, 0x33, 0xdf, 
0xbf, 0xc0, 0x00, 0x00, 0x01, 0xfe, 0xfd, 0xee, 0x00, 0xff, 0x80, 0x1b, 0xdf, 0x7f, 0xc0, 0x00, 
0x00, 0x01, 0xff, 0x7d, 0xec, 0x60, 0x3f, 0x00, 0x19, 0xdf, 0x7f, 0xc0, 0x00, 0x00, 0x81, 0xff, 
0x7d, 0xcc, 0x30, 0x00, 0x00, 0x01, 0xce, 0x7d, 0xe0, 0x00, 0x00, 0x81, 0xff, 0x39, 0xc0, 0x38, 
0x00, 0x18, 0x00, 0xce, 0x78, 0xe0, 0x00, 0x00, 0x43, 0x8f, 0x39, 0x80, 0x3e, 0x00, 0x38, 0x7c, 
0x06, 0x71, 0xe0, 0x00, 0x00, 0x03, 0xc7, 0x30, 0x1f, 0x3f, 0x80, 0xf8, 0x7f, 0x02, 0x79, 0xe0, 
0x00, 0x00, 0x03, 0xef, 0x20, 0x7f, 0x3f, 0xf1, 0xf8, 0x7f, 0xc0, 0x03, 0xf0, 0x00, 0x00, 0x03, 
0xe6, 0x01, 0xff, 0x3f, 0xff, 0xf8, 0x3f, 0x9d, 0x87, 0xf0, 0x00, 0x00, 0x07, 0xf0, 0x0c, 0xfe, 
0x3f, 0xff, 0xf8, 0x0e, 0x1f, 0xff, 0xf0, 0x00, 0x00, 0x07, 0xff, 0xfe, 0x30, 0x7f, 0xff, 0xf8, 
0x00, 0x7f, 0xff, 0xf0, 0x00, 0x00, 0x07, 0xff, 0xff, 0x00, 0x7f, 0xff, 0xfc, 0x03, 0xff, 0x7f, 
0xf0, 0x00, 0x00, 0x07, 0xff, 0x7f, 0xe1, 0xff, 0xff, 0xff, 0x01, 0xff, 0x7f, 0xf0, 0x00, 0x00, 
0x07, 0xff, 0x7f, 0xc3, 0xfe, 0xff, 0xff, 0xe0, 0xff, 0xff, 0xf0, 0x00, 0x00, 0x07, 0xff, 0xff, 
0x83, 0xfe, 0xff, 0xff, 0xf0, 0x1f, 0xff, 0xf0, 0x00, 0x00, 0x07, 0xff, 0xfe, 0x03, 0xff, 0x7f, 
0xff, 0xc0, 0x00, 0x3f, 0xf8, 0x00, 0x00, 0x47, 0xfe, 0x00, 0x00, 0x7f, 0x7f, 0xfe, 0x00, 0x00, 
0x0f, 0xf8, 0x00, 0x00, 0xc7, 0xfc, 0x00, 0x00, 0x07, 0xbf, 0xe0, 0xe0, 0x01, 0xc0, 0x78, 0x00};
const unsigned char epd_bitmap_blushing[] PROGMEM = {0x00, 0x00, 0x00, 0xf0, 0x00, 0x00, 0x00, 0x60, 0x3f, 0x80, 0x00, 0x00, 0x00, 0x00, 0x00, 0x01,
0xe0, 0x00, 0x00, 0x01, 0x70, 0x3f, 0xc0, 0x00, 0x00, 0x00, 0x00, 0x08, 0x01, 0xc0, 0x00, 0x00,
0x01, 0xf0, 0x1f, 0xe0, 0x00, 0x00, 0x00, 0x00, 0x18, 0x03, 0xc0, 0x00, 0x00, 0x00, 0x30, 0x1f,
0xe0, 0x00, 0x00, 0x00, 0x01, 0xf8, 0x03, 0x80, 0x00, 0x00, 0x00, 0x30, 0x0f, 0xf0, 0x00, 0x00,
0x00, 0x01, 0xf8, 0x07, 0x80, 0x00, 0x00, 0x00, 0x30, 0x0f, 0xf0, 0x00, 0x00, 0x00, 0x00, 0xf8,
0x07, 0x00, 0x00, 0x00, 0x00, 0x18, 0x0f, 0xf0, 0x00, 0x00, 0x00, 0x00, 0x70, 0x07, 0x00, 0x00,
0x00, 0x00, 0x18, 0x07, 0xd8, 0x00, 0x00, 0x00, 0x00, 0x10, 0x0e, 0x00, 0x00, 0x00, 0x00, 0x18,
0x07, 0x98, 0x0c, 0x20, 0x00, 0x00, 0x00, 0x0e, 0x00, 0x00, 0x00, 0x00, 0x18, 0x07, 0x18, 0x1c,
0xf0, 0x00, 0x00, 0x00, 0x0e, 0x00, 0x00, 0x00, 0x00, 0x18, 0x06, 0x18, 0x1f, 0xf0, 0x00, 0x00,
0x00, 0x0c, 0x00, 0x00, 0x00, 0x00, 0x18, 0x06, 0x08, 0x1f, 0xf0, 0x00, 0x04, 0x00, 0x1c, 0x00,
0x06, 0x00, 0x00, 0x08, 0x04, 0x0c, 0x1f, 0xe0, 0x00, 0x04, 0x00, 0x18, 0x00, 0x06, 0x00, 0x00,
0x0c, 0x00, 0x0c, 0x0f, 0xc0, 0x00, 0x06, 0x00, 0x38, 0x00, 0x06, 0x00, 0x00, 0x0c, 0x00, 0x0c,
0x0f, 0x80, 0x00, 0x03, 0x80, 0x30, 0x00, 0x0f, 0x00, 0x00, 0x00, 0x00, 0x04, 0x07, 0x00, 0x00,
0x00, 0xc0, 0x30, 0x00, 0x0f, 0x00, 0x00, 0x00, 0x00, 0x06, 0x04, 0x00, 0x00, 0x00, 0x20, 0x20,
0x00, 0x1f, 0x00, 0x00, 0x00, 0x00, 0x06, 0x00, 0x00, 0x00, 0x20, 0x20, 0x60, 0x00, 0x1f, 0x80,
0x00, 0x00, 0x00, 0x06, 0x00, 0x00, 0x00, 0x38, 0x20, 0x60, 0x00, 0x3f, 0x80, 0x00, 0x00, 0x00,
0x02, 0x00, 0x20, 0x00, 0x04, 0x00, 0xc0, 0x00, 0x3f, 0xc0, 0x04, 0x00, 0x00, 0x03, 0x00, 0x00,
0x00, 0x00, 0x00, 0x80, 0x00, 0x3f, 0xc0, 0x02, 0x00, 0x00, 0x03, 0x00, 0x10, 0x00, 0x00, 0x00,
0x80, 0x00, 0x7f, 0xe0, 0x03, 0x00, 0x00, 0x01, 0x00, 0x20, 0x00, 0x00, 0x01, 0x00, 0x00, 0x7f,
0xe0, 0x83, 0x80, 0x00, 0x01, 0x00, 0x60, 0x00, 0x00, 0x01, 0x00, 0x00, 0xff, 0xc0, 0x41, 0xc0,
0x00, 0x01, 0x81, 0x80, 0x00, 0x02, 0x03, 0x00, 0x00, 0xff, 0x18, 0x60, 0x60, 0x00, 0x00, 0x81,
0x00, 0x00, 0x00, 0x02, 0x00, 0x01, 0xf8, 0x38, 0x20, 0x00, 0x00, 0x00, 0x82, 0x04, 0x00, 0x00,
0x04, 0x00, 0x01, 0x01, 0xfc, 0x30, 0x80, 0x00, 0x00, 0xc2, 0x1c, 0x00, 0x00, 0x08, 0x00, 0x03,
0xff, 0xfe, 0x38, 0xfc, 0x00, 0x00, 0x40, 0x30, 0x00, 0x00, 0x08, 0x00, 0x03, 0xf9, 0xff, 0x1c,
0x0f, 0x00, 0x00, 0x40, 0x00, 0x00, 0x00, 0x10, 0x00, 0x06, 0x81, 0xff, 0x9e, 0x00, 0x80, 0x00,
0x20, 0x00, 0x00, 0x00, 0x20, 0x00, 0x04, 0x00, 0x7f, 0xcf, 0x00, 0x00, 0x00, 0x20, 0x00, 0x00,
0x00, 0x20, 0x00, 0x00, 0x00, 0x3f, 0xee, 0x00, 0x00, 0x00, 0x30, 0x00, 0x00, 0x00, 0x40, 0x00,
0x04, 0x50, 0x3f, 0xe6, 0x41, 0x80, 0x00, 0x10, 0x00, 0x00, 0x00, 0x80, 0x00, 0x06, 0x40, 0x7f,
0xff, 0x05, 0xa0, 0x00, 0x00, 0x00, 0x00, 0x00, 0x00, 0x00, 0x07, 0x6b, 0xff, 0xff, 0x69, 0x20,
0x00, 0x08, 0x00, 0x00, 0x00, 0x00, 0x00, 0x03, 0x00, 0xff, 0xff, 0x80, 0x60, 0x00, 0x00, 0x00,
0x00, 0x00, 0x00, 0x00, 0x13, 0xdf, 0xff, 0xff, 0xff, 0xc8, 0x00, 0x04, 0x00, 0x00, 0x00, 0x00,
0x00, 0x11, 0xff, 0xfb, 0xff, 0xff, 0xc8, 0x00, 0x00, 0x00, 0x00, 0x00, 0x00, 0x00, 0x11, 0xe1,
0x57, 0xff, 0xaa, 0x88, 0x00, 0x02, 0x00, 0x00, 0x00, 0x40, 0x00, 0x31, 0xd2, 0xbf, 0xff, 0x55,
0xa4, 0x00, 0x00, 0x00, 0x00, 0x0f, 0xc0, 0x00, 0x3c, 0xe5, 0x7f, 0x9e, 0xa3, 0xb4, 0x00, 0x00,
0x00, 0x00, 0x00, 0x40, 0x00, 0x2c, 0x9f, 0xff, 0x9f, 0xf9, 0xb6, 0x00, 0x00, 0x00, 0x00, 0x00,
0x00, 0x00, 0x6c, 0x8f, 0xff, 0xbf, 0xf9, 0xbe, 0x00, 0x00, 0x00, 0x00, 0x00, 0x80, 0x00, 0x7c,
0x0f, 0xff, 0xff, 0xf8, 0x9a, 0x00, 0x00, 0x00, 0x00, 0x00, 0x80, 0x00, 0x5c, 0x6f, 0xff, 0xff,
0xfb, 0x1b, 0x00, 0x00, 0x80, 0x00, 0x00, 0x00, 0x00, 0xd8, 0xcf, 0xff, 0xff, 0xfb, 0x1f, 0x00,
0x00, 0x00, 0x00, 0x00, 0x00, 0x00, 0xf8, 0xdf, 0xff, 0xff, 0xfb, 0x1d, 0x00, 0x00, 0x00, 0x00,
0x00, 0x00, 0x00, 0xb9, 0xdf, 0xff, 0xff, 0xfd, 0x9d, 0x80, 0x00, 0x00, 0x00, 0x00, 0x81, 0x00,
0xb9, 0x9f, 0xf1, 0xe7, 0xfd, 0xcd, 0x80, 0x00, 0x00, 0x00, 0x00, 0x81, 0x00, 0xbb, 0x8f, 0xff,
0xff, 0xf9, 0xdd, 0x00, 0x00, 0x00, 0x00, 0x00, 0x80, 0x00, 0xdb, 0x87, 0xff, 0xff, 0xf1, 0xdd,
0x00, 0x00, 0x00, 0x00, 0x00, 0x00, 0x00, 0xd9, 0x81, 0xff, 0xff, 0xe1, 0xdf, 0x00, 0x00, 0x00,
0x00, 0x00, 0x40, 0x80, 0x5d, 0x80, 0xff, 0xff, 0x81, 0xdb, 0x00, 0x02, 0x00, 0x00, 0x00, 0x40,
0x80, 0x5d, 0xc0, 0x7f, 0xff, 0x01, 0xda, 0x00, 0x02, 0x00, 0x00, 0x00, 0x00, 0x80, 0x5d, 0xc0,
0x1f, 0xfc, 0x03, 0xda, 0x00, 0x00, 0x00, 0x00, 0x00, 0x20, 0x00, 0x7f, 0xe0, 0x0f, 0xf8, 0x03,
0xfa, 0x00, 0x00, 0x00, 0x00, 0x00, 0x10, 0x40, 0x7f, 0xe1, 0x83, 0xe0, 0x07, 0xfa, 0x00, 0x00,
0x00, 0x00, 0x00, 0x08, 0x40, 0x3f, 0xf9, 0xc0, 0x01, 0x8f, 0xfe, 0x00, 0x00, 0x00, 0x00, 0x00,
0x00, 0x20, 0x3f, 0xf8, 0xe0, 0x03, 0x9f, 0xfc, 0x00, 0x80, 0x00, 0x00, 0x00, 0x00, 0x20, 0x1f,
0xfc, 0xf8, 0x07, 0x3f, 0xf8, 0x02, 0x00, 0x00, 0x00, 0x00, 0x00, 0x10, 0x0f, 0xfe, 0x7c, 0x1e,
0x7f, 0xf0, 0x18, 0x00, 0x00, 0x00, 0x00, 0x00, 0x00, 0x07, 0xff, 0x3f, 0x3c, 0xff, 0xf0, 0x00,
0x00, 0x00, 0x00, 0x00, 0x00, 0x08, 0x07, 0xff, 0x9f, 0xf9, 0xff, 0xe6, 0x00, 0x00, 0x00, 0x00};
// TODO: fill with your 98x64 blushing_v2 bitmap hex data (784 bytes)
const unsigned char epd_bitmap_blushing_v2[] PROGMEM = {0x00, 0x30, 0x00, 0x00, 0x7c, 0x00, 0x00, 0x00, 0x00, 0x00, 0x00, 0x40, 0x00, 0x00, 0x70, 0x00, 
0x00, 0xfe, 0x00, 0x00, 0x00, 0x00, 0x00, 0x00, 0x60, 0x00, 0x00, 0x60, 0x00, 0x00, 0xfe, 0x00, 
0x00, 0x00, 0x00, 0x00, 0x00, 0x20, 0x00, 0x00, 0x60, 0x00, 0x00, 0xff, 0x00, 0x00, 0x00, 0x00, 
0x00, 0x00, 0x20, 0x00, 0x00, 0x40, 0x00, 0x01, 0xff, 0x00, 0x00, 0x80, 0x00, 0x00, 0x00, 0x30, 
0x00, 0x00, 0xc0, 0x00, 0x01, 0xff, 0x80, 0x00, 0xc0, 0x00, 0x00, 0x00, 0x10, 0x00, 0x00, 0xc0, 
0x00, 0x01, 0xff, 0xc0, 0x00, 0x30, 0x00, 0x00, 0x00, 0x10, 0x00, 0x00, 0x80, 0x00, 0x03, 0xff, 
0xc0, 0x00, 0x00, 0x00, 0x00, 0x00, 0x08, 0x00, 0x01, 0x80, 0x00, 0x03, 0xff, 0x00, 0x40, 0x00, 
0x00, 0x00, 0x00, 0x08, 0x00, 0x01, 0x00, 0x00, 0x03, 0xfc, 0x00, 0x20, 0x00, 0x00, 0x00, 0x00, 
0x04, 0x00, 0x03, 0x00, 0x00, 0x07, 0xe0, 0x18, 0x30, 0x3c, 0x00, 0x00, 0x00, 0x04, 0x00, 0x02, 
0x00, 0x00, 0x06, 0x00, 0x78, 0x38, 0x3f, 0xe0, 0x00, 0x00, 0x02, 0x00, 0x02, 0x00, 0x00, 0x00, 
0x0f, 0xfc, 0x1c, 0x3f, 0xf0, 0x00, 0x00, 0x02, 0x00, 0x04, 0x00, 0x00, 0x0f, 0xff, 0xfe, 0x1e, 
0x1f, 0xfc, 0x00, 0x00, 0x00, 0x00, 0x04, 0x00, 0x00, 0x1f, 0xff, 0xff, 0x0f, 0x1f, 0xff, 0x00, 
0x00, 0x01, 0x00, 0x08, 0x00, 0x00, 0x1f, 0xff, 0xff, 0x8f, 0x8f, 0xff, 0xc0, 0x00, 0x00, 0x00, 
0x08, 0x00, 0x00, 0x1f, 0xff, 0xff, 0xc7, 0xeb, 0x01, 0x70, 0x00, 0x00, 0x80, 0x10, 0x00, 0x00, 
0x3f, 0xfe, 0x7f, 0xe3, 0xf4, 0x00, 0x70, 0x00, 0x00, 0x00, 0x00, 0x00, 0x00, 0x3e, 0x00, 0xdf, 
0xf3, 0xf0, 0x00, 0x10, 0x00, 0x00, 0x00, 0x20, 0x00, 0x00, 0x38, 0x00, 0x3f, 0xf9, 0xe0, 0x70, 
0x10, 0x00, 0x00, 0x00, 0x00, 0x00, 0x00, 0x30, 0x00, 0x1f, 0xfc, 0xe3, 0xff, 0x70, 0x00, 0x00, 
0x00, 0x00, 0x00, 0x00, 0x20, 0x3f, 0x0f, 0xff, 0xef, 0xff, 0xe0, 0x00, 0x00, 0x00, 0x80, 0x00, 
0x00, 0x38, 0xff, 0xef, 0xff, 0xff, 0xff, 0xe0, 0x00, 0x00, 0x00, 0x00, 0x00, 0x00, 0x1f, 0xff, 
0xff, 0xff, 0xff, 0x25, 0xe0, 0x00, 0x00, 0x00, 0x00, 0x00, 0x00, 0x1f, 0xff, 0xff, 0xdf, 0xfa, 
0x4b, 0x60, 0x00, 0x00, 0x00, 0x00, 0x00, 0x00, 0x1f, 0xc2, 0x97, 0xad, 0x90, 0x96, 0xe0, 0x00, 
0x00, 0x00, 0x00, 0x00, 0x00, 0x8e, 0x04, 0x27, 0x7b, 0x21, 0x29, 0x40, 0x00, 0x00, 0x00, 0x00, 
0x00, 0x00, 0x8c, 0x81, 0x6a, 0xdb, 0x4b, 0x4a, 0xc0, 0x00, 0x00, 0x00, 0x00, 0x00, 0x00, 0xcd, 
0x02, 0xdf, 0xf7, 0xfe, 0xb7, 0xc0, 0x00, 0x00, 0x00, 0x00, 0x00, 0x00, 0x46, 0x14, 0xff, 0xff, 
0xff, 0xff, 0xc0, 0x00, 0x00, 0x00, 0x00, 0x00, 0x00, 0x06, 0xaf, 0xff, 0xf3, 0xff, 0xff, 0xc0, 
0x00, 0x00, 0x00, 0x00, 0x00, 0x00, 0x07, 0xff, 0xfc, 0xe1, 0x9f, 0xff, 0x80, 0x00, 0x00, 0x00, 
0x00, 0x00, 0x00, 0x03, 0xff, 0xf8, 0xe8, 0x0f, 0xff, 0x80, 0x00, 0x00, 0x00, 0x00, 0x00, 0x00, 
0x03, 0xff, 0xf2, 0xd8, 0x27, 0xff, 0x80, 0x00, 0x00, 0x00, 0x00, 0x00, 0x00, 0x01, 0xff, 0xf6, 
0x19, 0x33, 0xff, 0x00, 0x00, 0x00, 0x00, 0x00, 0x00, 0x00, 0x01, 0xff, 0xe6, 0x3b, 0x19, 0xff, 
0x00, 0x00, 0x00, 0x00, 0x00, 0x00, 0x00, 0x01, 0xff, 0xcc, 0x73, 0x0c, 0xfe, 0x00, 0x00, 0x00, 
0x00, 0x00, 0x00, 0x00, 0x00, 0xff, 0xdc, 0xf7, 0x0e, 0x7e, 0x00, 0x00, 0x00, 0x00, 0x00, 0x00, 
0x00, 0x00, 0x7f, 0x9c, 0xe7, 0x67, 0x3c, 0x00, 0x00, 0x00, 0x00, 0x80, 0x00, 0x00, 0x00, 0x3f, 
0x39, 0xee, 0x73, 0x38, 0x00, 0x00, 0x00, 0x00, 0x80, 0x00, 0x00, 0x00, 0x1f, 0x3b, 0xce, 0x39, 
0x90, 0x00, 0x00, 0x00, 0x00, 0x80, 0x00, 0x00, 0x00, 0x0f, 0x73, 0xde, 0x0d, 0xc0, 0x00, 0x00, 
0x00, 0x00, 0x80, 0x00, 0x00, 0x00, 0x06, 0x77, 0x9c, 0xa4, 0xc0, 0x00, 0x00, 0x00, 0x00, 0x80, 
0x00, 0x00, 0x00, 0x00, 0xe7, 0x3c, 0x26, 0x66, 0x00, 0x00, 0x00, 0x00, 0x00, 0x00, 0x00, 0x00, 
0x00, 0xef, 0x3c, 0x67, 0x66, 0x00, 0x00, 0x00, 0x00, 0x00, 0x00, 0x00, 0x00, 0x18, 0xef, 0x78, 
0x67, 0x30, 0x00, 0x00, 0x00, 0x00, 0x00, 0x00, 0x00, 0x00, 0x19, 0xde, 0x70, 0xc7, 0xb0, 0x00, 
0x00, 0x00, 0x00, 0x00, 0x00, 0x00, 0x00, 0x09, 0xde, 0xf1, 0xc3, 0xd8, 0x00, 0x00, 0x00, 0x00, 
0x00, 0x00, 0x00, 0x00, 0x0b, 0x9c, 0xf1, 0xcb, 0xd8, 0x00, 0x00, 0x00, 0x00, 0x00, 0x00, 0x00, 
0x00, 0x03, 0xbc, 0xe3, 0xd9, 0xec, 0x00, 0x00, 0x00, 0x00, 0x00, 0x00, 0x00, 0x00, 0x03, 0x3d, 
0xe3, 0x9d, 0xfc, 0x00, 0x00, 0x00, 0x00, 0x00, 0x00, 0x00, 0x00, 0x07, 0x79, 0xe7, 0x9e, 0xfc, 
0x00, 0x00, 0x00, 0x00, 0x00, 0x00, 0x00, 0x00, 0x07, 0xfb, 0xe7, 0x1e, 0xfe, 0x00, 0x00, 0x00, 
0x00, 0x00, 0x00, 0x00, 0x00, 0x07, 0xff, 0xcf, 0x0f, 0xfe, 0x00, 0x00, 0x00, 0x00, 0x00, 0x00, 
0x00, 0x00, 0x07, 0xff, 0xde, 0x6f, 0xfe, 0x00, 0x00, 0x00, 0x00, 0x00, 0x00, 0x00, 0x00, 0x07, 
0xff, 0xde, 0x6f, 0xfe, 0x00, 0x7f, 0xf8, 0x00, 0x00, 0x00, 0x00, 0x00, 0x07, 0xff, 0xfe, 0x7f, 
0xfe, 0x03, 0xe0, 0x3e, 0x00, 0x00, 0x78, 0x00, 0x00, 0x07, 0xff, 0xfe, 0x7f, 0xfe, 0x00, 0x00, 
0x07, 0x00, 0x00, 0xe0, 0x00, 0x00, 0x07, 0xff, 0xfc, 0x7f, 0xfe, 0x00, 0x00, 0x03, 0x80, 0x01, 
0x80, 0x00, 0x00, 0x07, 0xff, 0xfc, 0x7f, 0xfe, 0x00, 0x00, 0x00, 0x80, 0x03, 0x00, 0x00, 0x00, 
0x07, 0xff, 0xfc, 0x7f, 0xfe, 0x00, 0x00, 0x00, 0xc0, 0x02, 0x00, 0x00, 0x00, 0x07, 0xff, 0xfc, 
0x7f, 0xfe, 0x00, 0x00, 0x00, 0x40, 0x06, 0x00, 0x00, 0x00, 0x07, 0xff, 0xfc, 0x7f, 0xfe, 0x00, 
0x00, 0x00, 0x40, 0x04, 0x00, 0x00, 0x00, 0x07, 0xff, 0xfc, 0x7f, 0xfe, 0x00, 0x00, 0x00, 0x00};
// TODO: fill with your 88x64 blushing_v3 bitmap hex data (704 bytes)
const unsigned char epd_bitmap_blushing_v3[] PROGMEM = {0x00, 0x03, 0xc0, 0x00, 0x00, 0x00, 0x00, 0xc0, 0x60, 0x9f, 0xc0, 0x00, 0x03, 0x80, 0x00, 0x00, 
0x00, 0x00, 0xc0, 0x60, 0xcf, 0xfe, 0x00, 0x03, 0x80, 0x00, 0x00, 0x00, 0x00, 0xc0, 0x00, 0x4f, 
0xff, 0x00, 0x33, 0x80, 0x00, 0x00, 0x00, 0x00, 0xc0, 0x00, 0x4f, 0xff, 0x03, 0xe7, 0x00, 0x00, 
0x00, 0x00, 0x00, 0x40, 0x00, 0x67, 0xff, 0x1f, 0xe6, 0x00, 0x00, 0x80, 0x00, 0x00, 0x40, 0x00, 
0x27, 0xff, 0xff, 0xe6, 0x00, 0x00, 0x80, 0x00, 0x00, 0x00, 0x00, 0x27, 0xff, 0xff, 0xe4, 0x00, 
0x00, 0xc0, 0x00, 0x00, 0x00, 0x00, 0x23, 0xff, 0xff, 0xe4, 0x00, 0x01, 0xc0, 0x00, 0x00, 0x00, 
0x00, 0x13, 0xff, 0xff, 0xec, 0x00, 0x01, 0xe0, 0x00, 0x00, 0x00, 0x00, 0x13, 0xff, 0xff, 0xcc, 
0x00, 0x01, 0xe0, 0x00, 0x00, 0x00, 0x00, 0x11, 0xff, 0xff, 0xc8, 0x00, 0x03, 0xf0, 0x00, 0x00, 
0x00, 0x00, 0x08, 0xff, 0xff, 0xc8, 0x00, 0x03, 0xf0, 0x00, 0x20, 0x00, 0x00, 0x08, 0x3f, 0xff, 
0xc8, 0x00, 0x03, 0xf8, 0x00, 0x00, 0x00, 0x00, 0x08, 0x0f, 0xff, 0xd8, 0x00, 0x07, 0xf8, 0x00, 
0x00, 0x00, 0x00, 0x04, 0x03, 0xff, 0x90, 0x00, 0x07, 0xf0, 0x00, 0x00, 0x00, 0x00, 0x04, 0x00, 
0xff, 0x10, 0x00, 0x07, 0xe0, 0x00, 0x1c, 0x00, 0x00, 0x02, 0x00, 0xfc, 0x10, 0x00, 0x0f, 0x83, 
0x04, 0x1f, 0x80, 0x00, 0x02, 0x00, 0xf0, 0x20, 0x00, 0x0e, 0x0f, 0x86, 0x0f, 0xc0, 0x00, 0x00, 
0x00, 0xc0, 0x20, 0x00, 0x08, 0x7f, 0xc3, 0x0c, 0x30, 0x00, 0x00, 0x00, 0x00, 0x00, 0x00, 0x03, 
0xff, 0xe3, 0xc0, 0x00, 0x00, 0x00, 0x00, 0x00, 0x40, 0x00, 0x1f, 0xff, 0xf1, 0xe0, 0x00, 0x00, 
0x00, 0x00, 0x00, 0x40, 0x00, 0x1f, 0x01, 0xf8, 0xf0, 0x00, 0x00, 0x00, 0x00, 0x00, 0x80, 0x00, 
0x38, 0x01, 0xfc, 0xf3, 0x04, 0x40, 0x00, 0x00, 0x00, 0x80, 0x00, 0x20, 0x00, 0xfe, 0x78, 0x06, 
0x40, 0x00, 0x00, 0x00, 0x00, 0x00, 0x60, 0x80, 0xff, 0xb8, 0x24, 0xc0, 0x00, 0x00, 0x00, 0x00, 
0x00, 0x40, 0x83, 0xff, 0xfc, 0x09, 0x80, 0x00, 0x00, 0x02, 0x00, 0x00, 0x04, 0x03, 0xff, 0xfe, 
0x83, 0x80, 0x00, 0x00, 0x00, 0x00, 0x00, 0x06, 0x03, 0xff, 0xff, 0xff, 0x80, 0x00, 0x00, 0x00, 
0x00, 0x00, 0x33, 0x0f, 0xff, 0xfd, 0x55, 0x80, 0x00, 0x00, 0x00, 0x00, 0x00, 0x3c, 0x7f, 0xff, 
0xfa, 0x29, 0x80, 0x00, 0x00, 0x00, 0x00, 0x00, 0x1f, 0xdf, 0xff, 0xf0, 0x01, 0x80, 0x00, 0x00, 
0x00, 0x00, 0x00, 0x1d, 0x2a, 0xff, 0xf4, 0x07, 0x00, 0x00, 0x00, 0x00, 0x00, 0x00, 0x98, 0x15, 
0xff, 0xfe, 0xbf, 0x00, 0x00, 0x01, 0x00, 0x00, 0x00, 0x88, 0x01, 0xfe, 0xff, 0xff, 0x00, 0x00, 
0x03, 0x00, 0x00, 0x00, 0xc4, 0x2f, 0xff, 0xff, 0xff, 0x00, 0x00, 0x06, 0x00, 0x00, 0x00, 0x06, 
0x7f, 0xff, 0xff, 0xfe, 0x00, 0x00, 0x0c, 0x00, 0x00, 0x00, 0x07, 0xff, 0xff, 0xff, 0xfe, 0x00, 
0x00, 0x08, 0x00, 0x00, 0x00, 0x07, 0xff, 0xff, 0xfd, 0xfe, 0x00, 0x00, 0x10, 0x00, 0x00, 0x00, 
0x03, 0xff, 0xff, 0xfb, 0xfc, 0x00, 0x00, 0x20, 0x00, 0x00, 0x00, 0x03, 0xff, 0xbf, 0xe7, 0xfc, 
0x00, 0x00, 0x40, 0x00, 0x00, 0x00, 0x01, 0xff, 0x8f, 0xdf, 0xf8, 0x00, 0x00, 0x80, 0x00, 0x00, 
0x00, 0x00, 0xff, 0xf9, 0xff, 0xf0, 0x00, 0x03, 0x00, 0x00, 0x00, 0x00, 0x00, 0x7f, 0xff, 0xff, 
0xf0, 0x00, 0x0f, 0x00, 0x00, 0x00, 0x00, 0x00, 0x3f, 0xff, 0xff, 0xe0, 0x00, 0x30, 0x00, 0x00, 
0x00, 0x00, 0x00, 0x1f, 0xff, 0x7f, 0xc0, 0x00, 0xc0, 0x00, 0x00, 0x00, 0x00, 0x00, 0x07, 0xff, 
0xff, 0x80, 0x01, 0x80, 0x00, 0x00, 0x00, 0x00, 0x00, 0x03, 0xff, 0xfe, 0x00, 0x02, 0x00, 0x00, 
0x04, 0x00, 0x00, 0x00, 0x00, 0xff, 0xfc, 0x00, 0x04, 0x00, 0x00, 0x00, 0x00, 0x00, 0x00, 0x00, 
0x3f, 0xf8, 0x00, 0x08, 0x00, 0x00, 0x00, 0x00, 0x00, 0x00, 0x00, 0x07, 0xe0, 0x80, 0x10, 0x00, 
0x00, 0x00, 0x00, 0x00, 0x00, 0x01, 0x00, 0x01, 0x80, 0x00, 0x00, 0x00, 0x00, 0x00, 0x00, 0x00, 
0x01, 0xc0, 0x03, 0x80, 0x20, 0x00, 0x00, 0x00, 0x00, 0x00, 0x00, 0x00, 0xf0, 0x07, 0x80, 0x00, 
0x00, 0x00, 0x00, 0x00, 0x00, 0x00, 0x00, 0xfc, 0x0f, 0x80, 0x00, 0x00, 0x00, 0x00, 0x00, 0x00, 
0x00, 0x00, 0xff, 0x1f, 0x80, 0x00, 0x00, 0x00, 0x00, 0x00, 0x00, 0x00, 0x00, 0xff, 0xff, 0xfe, 
0x00, 0x00, 0x00, 0x00, 0x00, 0x00, 0x00, 0x01, 0xff, 0xff, 0xfc, 0x00, 0x00, 0x00, 0x00, 0x00, 
0x00, 0x00, 0x03, 0xdf, 0xff, 0xf8, 0x00, 0x00, 0x00, 0x00, 0x00, 0x00, 0x00, 0x07, 0xdf, 0xff, 
0xe0, 0x00, 0x00, 0x00, 0x00, 0x00, 0x00, 0x00, 0x0f, 0xef, 0xff, 0xcc, 0x00, 0x00, 0x00, 0x80, 
0x00, 0x00, 0x00, 0x03, 0xef, 0xff, 0x18, 0x00, 0x00, 0x00, 0xc0, 0x00, 0x00, 0x00, 0x30, 0xf7, 
0xfe, 0x78, 0x00, 0x00, 0x00, 0x60, 0x00, 0x00, 0x00, 0x1c, 0x3f, 0xfc, 0xf0, 0x00, 0x00, 0x00};
// TODO: fill with your 88x64 blushing_v4 bitmap hex data (704 bytes)
const unsigned char epd_bitmap_blushing_v4[] PROGMEM = {0x00, 0x01, 0xe0, 0x00, 0x00, 0x00, 0x00, 0xc0, 0x38, 0xc0, 0x00, 0x00, 0x03, 0xc0, 0x00, 0x00, 
0x00, 0x00, 0xc0, 0x38, 0xc0, 0x00, 0x00, 0x03, 0xc0, 0x00, 0x00, 0x00, 0x00, 0xc0, 0x10, 0x40, 
0x00, 0x00, 0x03, 0xc0, 0x00, 0x00, 0x00, 0x00, 0xc0, 0x10, 0x60, 0x00, 0x00, 0x03, 0x00, 0x00, 
0x00, 0x00, 0x00, 0x40, 0x00, 0x60, 0x00, 0x00, 0x03, 0x00, 0x00, 0x00, 0x00, 0x00, 0x60, 0x00, 
0x20, 0x00, 0x00, 0x06, 0x00, 0x00, 0x00, 0x00, 0x00, 0x60, 0x00, 0x30, 0x00, 0x00, 0x06, 0x00, 
0x00, 0x80, 0x00, 0x00, 0x60, 0x00, 0x30, 0x00, 0x00, 0x06, 0x00, 0x00, 0x80, 0x00, 0x00, 0x20, 
0x00, 0x10, 0x00, 0x00, 0x06, 0x00, 0x01, 0x80, 0x00, 0x00, 0x00, 0x00, 0x18, 0x00, 0x00, 0x0c, 
0x00, 0x01, 0xc0, 0x00, 0x00, 0x00, 0x00, 0x18, 0x00, 0x00, 0x0c, 0x00, 0x01, 0xc0, 0x00, 0x00, 
0x00, 0x00, 0x18, 0x00, 0x00, 0x0c, 0x00, 0x01, 0xe0, 0x00, 0x00, 0x00, 0x00, 0x08, 0x00, 0x00, 
0x0c, 0x00, 0x03, 0xe0, 0x00, 0x00, 0x00, 0x00, 0x0c, 0x00, 0x00, 0x18, 0x00, 0x03, 0xf0, 0x00, 
0x00, 0x00, 0x00, 0x04, 0x00, 0x00, 0x18, 0x00, 0x07, 0xf8, 0x00, 0x20, 0x00, 0x00, 0x04, 0x00, 
0x00, 0x18, 0x00, 0x07, 0xf8, 0x00, 0x20, 0x00, 0x00, 0x06, 0x00, 0x00, 0x10, 0x00, 0x07, 0xfc, 
0x00, 0x30, 0x00, 0x00, 0x02, 0x00, 0x00, 0x30, 0x00, 0x07, 0xfc, 0x00, 0x00, 0x00, 0x00, 0x02, 
0x00, 0x00, 0x20, 0x00, 0x0f, 0xf8, 0x08, 0x00, 0x00, 0x00, 0x01, 0x00, 0x00, 0x20, 0x00, 0x0f, 
0xe0, 0x04, 0x10, 0x00, 0x00, 0x01, 0x00, 0x00, 0x20, 0x00, 0x0f, 0x03, 0x86, 0x1f, 0xc0, 0x00, 
0x00, 0x00, 0x00, 0x40, 0x00, 0x00, 0x0f, 0x87, 0x0f, 0xe0, 0x00, 0x00, 0x80, 0x00, 0x40, 0x00, 
0x0f, 0xff, 0xc3, 0x8f, 0xf8, 0x00, 0x00, 0x00, 0x00, 0x80, 0x00, 0x3f, 0xff, 0xe3, 0xef, 0xfe, 
0x00, 0x00, 0x00, 0x00, 0x80, 0x00, 0x3f, 0xff, 0xf9, 0xf2, 0x00, 0x80, 0x00, 0x00, 0x01, 0x00, 
0x00, 0x3c, 0x0f, 0xfd, 0xf0, 0x00, 0x00, 0x00, 0x00, 0x00, 0x00, 0x00, 0x40, 0x03, 0xfe, 0xe0, 
0x00, 0x00, 0x00, 0x00, 0x02, 0x00, 0x00, 0x00, 0x01, 0xff, 0xe2, 0x04, 0x00, 0x00, 0x00, 0x00, 
0x00, 0x00, 0x05, 0x80, 0xff, 0xfa, 0x04, 0x80, 0x00, 0x00, 0x00, 0x00, 0x00, 0x0d, 0x03, 0xff, 
0xf8, 0x2d, 0x80, 0x00, 0x00, 0x00, 0x00, 0x00, 0x6c, 0x03, 0xff, 0xf8, 0x03, 0x80, 0x00, 0x00, 
0x00, 0x00, 0x00, 0x3c, 0x03, 0xff, 0xff, 0xff, 0x80, 0x00, 0x00, 0x00, 0x00, 0x00, 0x3c, 0xff, 
0xff, 0xaf, 0xbf, 0x80, 0x00, 0x00, 0x00, 0x00, 0x00, 0x3e, 0x97, 0x75, 0x54, 0x05, 0x00, 0x00, 
0x00, 0x00, 0x00, 0x00, 0x18, 0x02, 0xab, 0xb8, 0x03, 0x00, 0x00, 0x00, 0x00, 0x00, 0x00, 0x10, 
0x15, 0x5f, 0xfa, 0x87, 0x00, 0x00, 0x00, 0x00, 0x00, 0x00, 0x00, 0x2f, 0xff, 0xff, 0xdf, 0x00, 
0x00, 0x00, 0x00, 0x00, 0x00, 0x0a, 0xff, 0xfb, 0xff, 0xff, 0x00, 0x00, 0x00, 0x00, 0x00, 0x00, 
0x0f, 0xff, 0xfb, 0xff, 0xff, 0x00, 0x00, 0x00, 0x00, 0x00, 0x00, 0x07, 0xff, 0xff, 0xff, 0xfe, 
0x00, 0x00, 0x00, 0x00, 0x00, 0x00, 0x07, 0xff, 0xff, 0xff, 0xde, 0x00, 0x00, 0x00, 0x00, 0x00, 
0x38, 0x07, 0xff, 0xff, 0xff, 0xec, 0x00, 0x00, 0x00, 0x00, 0x00, 0xc6, 0x03, 0xff, 0xf3, 0xff, 
0xfc, 0x00, 0x00, 0x00, 0x00, 0x01, 0x3f, 0x03, 0xff, 0xe1, 0xff, 0xf8, 0x00, 0x00, 0x00, 0x00, 
0x01, 0xff, 0x03, 0xff, 0x9e, 0xf7, 0xf0, 0x00, 0x00, 0x00, 0x00, 0x00, 0xff, 0xbc, 0xff, 0x1f, 
0x3f, 0xf0, 0x00, 0x00, 0x00, 0x00, 0x01, 0xff, 0x0a, 0x7f, 0x3f, 0x3f, 0xe0, 0x00, 0x00, 0x02, 
0x00, 0x01, 0x7f, 0xf6, 0x3f, 0x7f, 0x0f, 0xc0, 0x00, 0x00, 0x00, 0x00, 0x02, 0xff, 0xc8, 0x1e, 
0x78, 0xef, 0x80, 0x00, 0x00, 0x00, 0x00, 0x05, 0xff, 0xf0, 0x04, 0xf3, 0xe6, 0x00, 0x00, 0x00, 
0x00, 0x00, 0x05, 0xff, 0xe0, 0x01, 0xdf, 0xe0, 0x00, 0x00, 0x00, 0x00, 0x00, 0x0d, 0xff, 0xc0, 
0x03, 0xff, 0x88, 0x00, 0x00, 0x00, 0x00, 0x00, 0x0d, 0xff, 0xe0, 0x03, 0xfc, 0x78, 0x00, 0x00, 
0x00, 0x00, 0x00, 0x05, 0xff, 0xa0, 0x07, 0xff, 0xfc, 0x80, 0x00, 0x00, 0x00, 0x00, 0x06, 0x1f, 
0xa0, 0x07, 0xff, 0xf1, 0x80, 0x00, 0x00, 0x00, 0x00, 0x01, 0xdf, 0xa0, 0x03, 0xff, 0xcc, 0x80, 
0x00, 0x00, 0x00, 0x00, 0x00, 0x2f, 0x40, 0x03, 0xfe, 0x7e, 0x80, 0x00, 0x00, 0x00, 0x00, 0x00, 
0x10, 0x80, 0x03, 0xff, 0xfe, 0x80, 0x00, 0x3e, 0x00, 0x00, 0x00, 0x0f, 0x00, 0x03, 0xff, 0xfc, 
0xc0, 0x03, 0xff, 0x80, 0x00, 0x00, 0x00, 0x00, 0x03, 0xff, 0xec, 0xc0, 0x1c, 0x01, 0xe0, 0x00, 
0x0c, 0x00, 0x00, 0x03, 0xff, 0xdd, 0xf0, 0x00, 0x02, 0x20, 0x00, 0x18, 0x00, 0x00, 0x03, 0xff, 
0xd9, 0xfc, 0x00, 0x00, 0x30, 0x00, 0x30, 0x00, 0x00, 0x13, 0xff, 0xc3, 0xf8, 0x00, 0x00, 0x18};
// TODO: fill with your 88x64 blushing_v5 bitmap hex data (704 bytes)
const unsigned char epd_bitmap_blushing_v5[] PROGMEM = {0x00, 0x0c, 0x00, 0x00, 0x00, 0x00, 0x00, 0x0c, 0x00, 0x02, 0x00, 0x00, 0x0c, 0x00, 0x00, 0x00, 
0x00, 0x00, 0x0c, 0x00, 0x02, 0x00, 0x00, 0x18, 0x00, 0x00, 0x00, 0x00, 0x00, 0x0c, 0x00, 0x02, 
0x00, 0x00, 0x18, 0x00, 0x00, 0x00, 0x00, 0x00, 0x00, 0x00, 0x00, 0x00, 0x00, 0x18, 0x00, 0x01, 
0x00, 0x00, 0x00, 0x00, 0x00, 0x01, 0x00, 0x00, 0x10, 0x00, 0x01, 0x80, 0x00, 0x00, 0x00, 0x00, 
0x01, 0x00, 0x00, 0x10, 0x00, 0x03, 0x80, 0x00, 0x00, 0x00, 0x00, 0x01, 0x00, 0x00, 0x30, 0x00, 
0x03, 0x80, 0x00, 0x00, 0x00, 0x00, 0x01, 0x00, 0x00, 0x20, 0x00, 0x03, 0xc0, 0x00, 0x00, 0x00, 
0x00, 0x00, 0x00, 0x00, 0x20, 0x00, 0x07, 0xc0, 0x00, 0x00, 0x00, 0x00, 0x00, 0x80, 0x00, 0x20, 
0x00, 0x07, 0xc0, 0x00, 0x00, 0x00, 0x00, 0x00, 0x80, 0x00, 0x00, 0x00, 0x07, 0xe0, 0x00, 0x00, 
0x00, 0x00, 0x00, 0x00, 0x00, 0x40, 0x00, 0x07, 0xf0, 0x00, 0x00, 0x00, 0x00, 0x00, 0x00, 0x00, 
0x40, 0x00, 0x0f, 0xf0, 0x00, 0x00, 0x00, 0x00, 0x00, 0x40, 0x00, 0x40, 0x00, 0x0f, 0xe0, 0x00, 
0x00, 0x00, 0x00, 0x00, 0x00, 0x00, 0x80, 0x00, 0x0e, 0x00, 0x00, 0x00, 0x00, 0x00, 0x00, 0x00, 
0x00, 0x80, 0x00, 0x00, 0x18, 0x00, 0x00, 0x00, 0x00, 0x00, 0x20, 0x00, 0x00, 0x00, 0x1f, 0xfc, 
0x00, 0x00, 0x00, 0x00, 0x00, 0x20, 0x00, 0x00, 0x00, 0x3f, 0x1e, 0x00, 0x00, 0x00, 0x00, 0x00, 
0x00, 0x00, 0x00, 0x00, 0x30, 0x0e, 0x00, 0x00, 0x00, 0x00, 0x00, 0x00, 0x00, 0x00, 0x00, 0x00, 
0x03, 0x00, 0x00, 0x00, 0x00, 0x00, 0x00, 0x02, 0x00, 0x00, 0x00, 0x01, 0x80, 0x00, 0x00, 0x00, 
0x00, 0x08, 0x00, 0x00, 0x00, 0x04, 0x81, 0x82, 0x00, 0x00, 0x00, 0x00, 0x00, 0x00, 0x00, 0x00, 
0x0c, 0x83, 0xc1, 0x00, 0x00, 0x00, 0x00, 0x00, 0x00, 0x00, 0x00, 0xce, 0x93, 0xe1, 0x80, 0x00, 
0x00, 0x00, 0x00, 0x00, 0x00, 0x00, 0x6e, 0x77, 0xe0, 0xc0, 0x00, 0x00, 0x00, 0x00, 0x00, 0x00, 
0x00, 0x77, 0x0f, 0xf0, 0x60, 0x00, 0x00, 0x00, 0x00, 0x00, 0x00, 0x00, 0x7c, 0x0f, 0xf8, 0x20, 
0x00, 0x0c, 0xe0, 0x00, 0x00, 0x00, 0x00, 0x3f, 0xfd, 0xd4, 0x00, 0x00, 0x66, 0xf0, 0x00, 0x00, 
0x00, 0x00, 0x35, 0x42, 0xa8, 0x00, 0x00, 0x76, 0x70, 0x00, 0x00, 0x00, 0x00, 0x28, 0x01, 0x6a, 
0x82, 0x03, 0x77, 0x70, 0x00, 0x00, 0x00, 0x01, 0x08, 0x05, 0x55, 0xc3, 0x87, 0xbb, 0x30, 0x00, 
0x00, 0x00, 0x00, 0x10, 0x2a, 0xfd, 0xe0, 0xcf, 0x9d, 0xb0, 0x00, 0x00, 0x00, 0x00, 0x0a, 0x9f, 
0xfd, 0xf8, 0x0f, 0xdd, 0xf0, 0x00, 0x00, 0x00, 0x00, 0x1d, 0x7f, 0xfd, 0xfc, 0x01, 0xee, 0xd0, 
0x00, 0x00, 0x00, 0x00, 0x0f, 0xff, 0xff, 0xff, 0x81, 0xff, 0xf0, 0x00, 0x00, 0x00, 0x00, 0x0f, 
0xff, 0xff, 0xff, 0xe4, 0xff, 0xf0, 0x00, 0x00, 0x00, 0x00, 0x07, 0xff, 0xff, 0xff, 0xf1, 0xff, 
0xf8, 0x00, 0x00, 0x00, 0x00, 0x07, 0xff, 0xff, 0xff, 0xf1, 0xff, 0xf0, 0x00, 0x00, 0x00, 0x00, 
0x03, 0xff, 0xff, 0xff, 0xf3, 0xff, 0xf0, 0x00, 0x00, 0x00, 0x00, 0x03, 0xff, 0xff, 0xbf, 0xe7, 
0xff, 0xe0, 0x00, 0x00, 0x00, 0x00, 0x01, 0xff, 0xe7, 0xcf, 0xe7, 0xff, 0xe0, 0x00, 0x00, 0x00, 
0x00, 0x00, 0xff, 0xff, 0xff, 0xcf, 0xff, 0xc0, 0x00, 0x00, 0x00, 0x00, 0x00, 0x7f, 0xff, 0xff, 
0x9f, 0xff, 0x80, 0x00, 0x00, 0x00, 0x00, 0x00, 0x3f, 0xff, 0xff, 0xbf, 0xff, 0x80, 0x00, 0x00, 
0x20, 0x00, 0x00, 0x0f, 0xff, 0xff, 0x3f, 0xff, 0x00, 0x00, 0x00, 0x00, 0x00, 0x00, 0x07, 0xff, 
0xfe, 0x7f, 0xfe, 0x00, 0x00, 0x00, 0x00, 0x00, 0x00, 0x01, 0xff, 0xfe, 0x7f, 0xfc, 0x00, 0x00, 
0x00, 0x00, 0x00, 0x00, 0x00, 0xff, 0xf8, 0xff, 0xfc, 0x00, 0x00, 0x00, 0x10, 0x00, 0x00, 0x00, 
0x1f, 0xf0, 0xff, 0xf8, 0x00, 0x00, 0x00, 0x00, 0x00, 0x00, 0x00, 0x07, 0xc0, 0xff, 0xf0, 0x00, 
0x00, 0x00, 0x00, 0x00, 0x00, 0x04, 0x01, 0x00, 0xff, 0xf0, 0x00, 0x00, 0x00, 0x00, 0x00, 0x00, 
0x07, 0x00, 0x04, 0xff, 0xe0, 0x00, 0x00, 0x00, 0x00, 0x00, 0x00, 0x07, 0x80, 0x06, 0xff, 0xc0, 
0x00, 0x00, 0x00, 0x00, 0x00, 0x00, 0x07, 0xc0, 0x1e, 0xff, 0xc0, 0x00, 0x00, 0x00, 0x00, 0x00, 
0x00, 0x07, 0xf0, 0x7e, 0x7f, 0x80, 0x00, 0x00, 0x00, 0x30, 0x00, 0x00, 0x07, 0xfd, 0xfe, 0x7f, 
0xc0, 0x3f, 0xe0, 0x00, 0xf0, 0x00, 0x00, 0x07, 0xff, 0xff, 0x7f, 0xc0, 0x00, 0x38, 0x03, 0x80, 
0x00, 0x00, 0x07, 0xff, 0xff, 0x7f, 0xe0, 0x00, 0x1c, 0x06, 0x00, 0x00, 0x00, 0x0f, 0xff, 0xff, 
0x3f, 0xe0, 0x00, 0x06, 0x04, 0x00, 0x00, 0x00, 0x1f, 0xff, 0xff, 0x3f, 0xe0, 0x00, 0x03, 0x0c, 
0x00, 0x00, 0x00, 0xff, 0xff, 0xff, 0x3f, 0xf0, 0x00, 0x03, 0x08, 0x00, 0x00, 0x00, 0xff, 0xff, 
0xff, 0xbf, 0xf0, 0x00, 0x01, 0x08, 0x00, 0x00, 0x00, 0x7f, 0xff, 0xff, 0xbf, 0xf8, 0x00, 0x00};